# 3ds Max Wavefront OBJ Exporter v0.94b - (c)2007 guruware
# File Created: 30.05.2020 14:50:20

mtllib Building retro N300520.mtl

#
# object Plane001
#

v  -390.7397 -0.4265 675.2070
v  -390.7397 53.1844 675.2069
v  -407.9959 53.1844 675.2069
v  -407.9959 -0.4265 675.2070
v  -1345.3997 457.5346 626.3636
v  -407.9959 457.5346 626.3636
v  -407.9959 462.8117 626.3636
v  -1345.3995 462.8117 626.3636
v  407.9883 922.4135 675.2069
v  391.7515 922.4135 675.2069
v  391.7515 462.8117 675.2070
v  407.9883 462.8117 675.2070
v  -143.0454 -0.4265 555.2070
v  -143.0454 241.9849 555.2069
v  -268.0977 241.9849 555.2069
v  -268.0975 93.9179 555.2069
v  -268.0975 77.5084 555.2069
v  -268.0975 63.2177 555.2069
v  -268.0975 53.1844 555.2069
v  -268.0975 -0.4265 555.2070
v  -407.9937 1199.5735 555.2070
v  -407.9959 1113.9202 555.2070
v  -268.0977 1113.9199 555.2070
v  -268.0977 1199.5735 555.2070
v  271.6594 1113.9199 555.2070
v  271.6594 1199.5735 555.2070
v  293.1131 -0.4265 675.2070
v  293.1131 53.1844 675.2069
v  271.6595 53.1844 675.2069
v  271.6595 -0.4265 675.2070
v  407.9883 1199.5735 555.2070
v  407.9883 1113.9202 555.2070
v  -407.9959 1093.3235 675.2070
v  -390.7397 1093.3235 675.2070
v  -390.7397 1113.9202 675.2070
v  -407.9959 1113.9202 675.2070
v  246.4574 1090.6003 675.2070
v  271.6594 1090.6002 675.2070
v  271.6594 1093.3235 675.2070
v  271.6594 1113.9200 675.2070
v  234.8143 1090.6003 675.2070
v  204.0633 1090.6005 675.2070
v  191.4393 1090.6006 675.2070
v  160.7006 1090.6007 675.2070
v  146.0901 1090.6007 675.2070
v  114.8885 1090.6010 675.2070
v  101.8141 1090.6010 675.2070
v  74.7280 1090.6011 675.2070
v  60.1039 1090.6012 675.2070
v  30.4901 1090.6013 675.2070
v  15.9565 1090.6013 675.2070
v  -13.6591 1090.6014 675.2070
v  -28.2742 1090.6016 675.2070
v  -57.4682 1090.6017 675.2070
v  -73.0634 1090.6017 675.2070
v  -99.7159 1090.6019 675.2070
v  -113.7771 1090.6019 675.2070
v  -144.4297 1090.6022 675.2070
v  -159.4706 1090.6022 675.2070
v  -189.5931 1090.6024 675.2070
v  -202.5952 1090.6024 675.2070
v  -232.6922 1090.6025 675.2070
v  -247.1778 1090.6027 675.2069
v  -268.0977 1090.6027 675.2070
v  -268.0977 1093.3235 675.2070
v  -268.0977 1113.9202 675.2070
v  -407.9959 -0.4265 555.2070
v  -268.0975 -0.4265 675.2070
v  -292.7954 -0.4265 675.2070
v  271.6595 -0.4265 555.2070
v  407.9883 -0.4265 555.2070
v  407.9885 -0.4265 675.2070
v  391.7515 -0.4265 675.2070
v  407.9883 53.1844 555.2069
v  407.9885 53.1844 675.2069
v  407.9883 913.6118 555.2069
v  407.9883 922.4136 555.2069
v  407.9883 922.4136 574.1316
v  407.9883 719.2526 555.2070
v  407.9883 525.8601 555.2070
v  407.9883 462.8117 555.2070
v  407.9885 462.8117 574.1316
v  -407.9959 1093.3235 665.3845
v  -407.9959 1093.3236 574.1317
v  -407.9959 1093.3236 555.2070
v  -407.9959 347.6728 555.2070
v  -407.9959 93.9179 555.2069
v  -407.9959 93.9179 574.1317
v  -407.9959 418.8138 555.2070
v  -407.9959 426.1164 555.2070
v  -407.9959 437.0769 555.2070
v  -407.9959 462.8117 555.2070
v  -407.9959 462.8117 574.1316
v  271.6595 447.5551 675.2070
v  -268.0977 447.5575 675.2070
v  -268.0977 437.6323 675.2070
v  271.6595 437.6323 675.2070
v  -268.0975 93.9179 675.2069
v  -268.0977 303.1665 555.2069
v  -268.0977 349.3139 555.2069
v  -268.0977 380.2003 555.2070
v  -268.0977 437.6323 555.2070
v  271.6595 53.1844 555.2069
v  -106.8630 437.6323 555.2070
v  -79.7988 437.6323 555.2070
v  95.6493 437.6323 555.2070
v  122.5200 437.6323 555.2070
v  271.6595 437.6323 555.2070
v  -97.1904 303.1665 555.2069
v  113.7050 303.1665 555.2069
v  271.6595 303.1665 555.2069
v  -39.9161 241.9849 555.2069
v  16.4892 241.9849 555.2069
v  179.5962 241.9849 555.2069
v  271.6595 241.9849 555.2069
v  -121.2963 -0.4265 525.2070
v  -121.8033 105.5419 525.2069
v  -143.0454 105.5419 525.2069
v  -143.0454 -0.4265 525.2070
v  -24.7811 202.6453 558.9276
v  -25.4161 149.7843 558.9276
v  7.7609 149.7843 558.9276
v  8.0784 202.8040 558.9276
v  33.7022 -0.4265 525.2070
v  33.7022 85.8851 525.2069
v  16.4892 85.8851 525.2069
v  16.4892 -0.4265 525.2070
v  271.6594 93.9179 555.2069
v  271.6595 77.5084 555.2069
v  271.6595 63.2176 555.2069
v  179.5962 -0.4265 555.2070
v  -39.9161 -0.4265 555.2070
v  -39.9161 241.9849 525.2069
v  -39.9161 227.3967 525.2069
v  -39.9161 105.5419 525.2069
v  -39.9161 -0.4265 525.2070
v  -143.0454 241.9849 525.2069
v  -122.4561 241.9849 525.2069
v  -54.1099 241.9849 525.2069
v  -143.0454 227.3967 525.2069
v  179.5962 241.9849 525.2069
v  179.5962 227.3967 525.2069
v  179.5962 105.5419 525.2069
v  179.5962 -0.4265 525.2070
v  16.4892 241.9849 525.2069
v  63.7178 241.9849 525.2069
v  146.9841 241.9849 525.2069
v  16.4892 -0.4265 555.2070
v  16.4892 105.5419 525.2069
v  16.4892 227.3967 525.2069
v  122.5200 349.3139 555.2069
v  113.7050 349.3139 555.2069
v  271.6595 349.3139 555.2069
v  271.6595 380.2004 555.2070
v  122.5200 380.2004 555.2070
v  -106.8630 349.3139 555.2069
v  -97.1904 349.3139 555.2069
v  -97.1904 349.3139 569.8598
v  -97.1904 303.1665 569.8598
v  113.7050 303.1665 569.8598
v  113.7050 349.3139 569.8598
v  -79.7988 349.3139 555.2069
v  95.6492 349.3139 555.2069
v  -268.0977 902.7454 555.2069
v  -231.1151 902.7452 555.2069
v  -231.1149 946.0743 555.2069
v  -268.0977 922.4136 555.2069
v  -268.0977 946.0743 555.2069
v  -268.0977 462.8117 675.2070
v  271.6594 462.8117 675.2070
v  271.6594 462.8117 555.2070
v  236.5207 462.8117 555.2070
v  -231.1171 462.8117 555.2070
v  -268.0977 462.8117 555.2070
v  271.6594 922.4136 675.2070
v  271.6594 922.4136 555.2069
v  271.6594 902.7429 555.2069
v  271.6594 523.4141 555.2070
v  271.6594 946.0743 675.2069
v  -268.0977 946.0743 675.2069
v  236.5229 946.0743 555.2069
v  271.6594 946.0743 555.2069
v  -268.0977 922.4136 675.2070
v  453.8121 913.6118 555.2069
v  407.9883 950.5885 555.2069
v  407.9883 970.6324 555.2069
v  407.9883 990.5298 555.2069
v  407.9883 1086.7043 555.2070
v  453.8121 925.2891 555.2069
v  453.8121 1077.8558 555.2070
v  453.8121 1086.7043 555.2070
v  457.7800 525.8601 555.2070
v  457.7800 540.8184 555.2070
v  457.7800 698.6981 555.2070
v  457.7800 719.2526 555.2070
v  615.2858 1086.7043 565.2070
v  615.2858 1077.8558 565.2070
v  624.6860 1077.8558 565.2070
v  624.6860 1086.7043 565.2070
v  603.7308 719.2526 565.2070
v  603.7308 698.6981 565.2070
v  618.3622 698.6981 565.2070
v  618.3622 719.2526 565.2070
v  624.6860 925.2891 555.2069
v  624.6860 913.6119 555.2069
v  671.0610 913.6119 555.2069
v  624.6860 1077.8558 555.2070
v  624.6860 1086.7043 555.2070
v  671.0610 925.2891 555.2069
v  671.0610 1077.8558 555.2070
v  671.0610 1086.7043 555.2070
v  618.3622 540.8184 555.2070
v  618.3622 525.8601 555.2070
v  674.9006 525.8601 555.2070
v  618.3622 698.6981 555.2070
v  618.3622 719.2526 555.2070
v  674.9006 540.8184 555.2070
v  674.9006 698.6981 555.2070
v  674.9006 719.2526 555.2070
v  837.8298 1086.7043 565.2070
v  837.8298 1077.8558 565.2070
v  849.3918 1077.8558 565.2070
v  849.3918 1086.7043 565.2070
v  837.1340 719.2526 565.2070
v  837.1340 698.6981 565.2070
v  852.5895 698.6981 565.2070
v  852.5895 719.2526 565.2070
v  849.3918 925.2891 555.2069
v  849.3918 913.6119 555.2069
v  907.9327 913.6119 555.2069
v  849.3918 1077.8558 555.2070
v  849.3918 1086.7043 555.2070
v  907.9327 925.2891 555.2069
v  907.9327 1077.8558 555.2070
v  907.9327 1086.7043 555.2070
v  852.5895 540.8184 555.2070
v  852.5895 525.8601 555.2070
v  913.5660 525.8601 555.2070
v  852.5895 698.6981 555.2070
v  852.5895 719.2526 555.2070
v  913.5660 540.8184 555.2070
v  913.5660 698.6981 555.2070
v  913.5660 719.2526 555.2070
v  1079.8248 1086.7043 565.2070
v  1079.8248 1077.8558 565.2070
v  1091.5840 1077.8558 565.2070
v  1091.5840 1086.7043 565.2070
v  1077.0444 719.2526 565.2070
v  1077.0444 698.6981 565.2070
v  1091.5840 698.6981 565.2070
v  1091.5840 719.2526 565.2070
v  1091.5840 925.2891 555.2070
v  1091.5840 913.6119 555.2070
v  1147.0099 913.6119 555.2070
v  1091.5840 1077.8558 555.2070
v  1091.5840 1086.7043 555.2070
v  1147.0099 925.2891 555.2070
v  1147.0099 1077.8558 555.2070
v  1147.0099 1086.7043 555.2070
v  1091.5840 540.8184 555.2070
v  1091.5840 525.8601 555.2070
v  1151.3365 525.8601 555.2070
v  1091.5840 698.6981 555.2070
v  1091.5840 719.2526 555.2070
v  1151.3365 540.8184 555.2070
v  1151.3365 698.6981 555.2070
v  1151.3365 719.2526 555.2070
v  1312.6793 1086.7043 565.2070
v  1312.6793 1077.8558 565.2070
v  1325.2838 1077.8558 565.2070
v  1325.2838 1086.7043 565.2070
v  1316.0883 719.2526 565.2070
v  1316.0883 698.6981 565.2070
v  1330.3096 698.6981 565.2070
v  1330.3096 719.2526 565.2070
v  453.8121 925.2891 565.2069
v  464.8406 925.2891 565.2069
v  464.8406 1077.8558 565.2070
v  453.8121 1077.8558 565.2070
v  671.0610 925.2891 565.2069
v  683.7214 925.2891 565.2069
v  683.7214 1077.8558 565.2070
v  671.0610 1077.8558 565.2070
v  907.9327 925.2891 565.2069
v  919.0289 925.2891 565.2069
v  919.0289 1077.8558 565.2070
v  907.9327 1077.8558 565.2070
v  1147.0099 925.2891 565.2070
v  1160.3400 925.2891 565.2070
v  1160.3400 1077.8558 565.2070
v  1147.0099 1077.8558 565.2070
v  453.8121 913.6118 565.2069
v  464.8406 913.6118 565.2069
v  671.0610 913.6119 565.2069
v  683.7214 913.6119 565.2069
v  907.9327 913.6119 565.2069
v  919.0287 913.6119 565.2069
v  1147.0099 913.6119 565.2070
v  1160.3400 913.6119 565.2070
v  453.8121 1086.7043 565.2070
v  464.8406 1086.7043 565.2070
v  472.3608 925.2891 535.2069
v  472.3608 934.3279 535.2069
v  464.8406 934.3279 535.2069
v  464.8406 925.2891 535.2069
v  615.2858 913.6119 565.2069
v  615.2858 925.2891 565.2069
v  624.6860 925.2891 565.2069
v  624.6860 913.6119 565.2069
v  671.0610 1086.7043 565.2070
v  683.7214 1086.7043 565.2070
v  689.7278 925.2891 535.2069
v  689.7278 934.3279 535.2069
v  683.7214 934.3279 535.2069
v  683.7214 925.2891 535.2069
v  837.8298 913.6119 565.2069
v  837.8298 925.2891 565.2069
v  849.3918 925.2891 565.2069
v  849.3918 913.6119 565.2069
v  907.9327 1086.7043 565.2070
v  919.0287 1086.7043 565.2070
v  926.7084 925.2891 535.2069
v  926.7084 934.3280 535.2070
v  919.0289 934.3279 535.2070
v  919.0289 925.2891 535.2069
v  1079.8248 913.6119 565.2070
v  1079.8248 925.2891 565.2070
v  1091.5840 925.2891 565.2070
v  1091.5840 913.6119 565.2070
v  1147.0099 1086.7043 565.2070
v  1160.3400 1086.7043 565.2070
v  1168.8640 925.2891 535.2070
v  1168.8640 934.3280 535.2070
v  1160.3400 934.3280 535.2070
v  1160.3400 925.2891 535.2070
v  1312.6793 913.6119 565.2070
v  1312.6793 925.2891 565.2070
v  1325.2838 925.2891 565.2070
v  1325.2838 913.6119 565.2070
v  464.8406 913.6118 555.2069
v  615.2858 913.6119 555.2069
v  615.2858 1086.7043 555.2070
v  464.8406 1086.7043 555.2070
v  464.8406 1077.8558 555.2070
v  615.2858 1077.8558 555.2070
v  615.2858 925.2891 555.2069
v  464.8406 925.2891 555.2069
v  683.7214 913.6119 555.2069
v  837.8298 913.6119 555.2069
v  837.8298 1086.7043 555.2070
v  683.7214 1086.7043 555.2070
v  683.7214 1077.8558 555.2070
v  837.8298 1077.8558 555.2070
v  837.8298 925.2891 555.2069
v  683.7214 925.2891 555.2069
v  919.0287 913.6119 555.2069
v  1079.8248 913.6119 555.2070
v  1079.8248 1086.7043 555.2070
v  919.0287 1086.7043 555.2070
v  919.0289 1077.8558 555.2070
v  1079.8248 1077.8558 555.2070
v  1079.8248 925.2891 555.2070
v  919.0289 925.2891 555.2069
v  1160.3400 913.6119 555.2070
v  1312.6793 913.6119 555.2070
v  1325.2838 913.6119 555.2070
v  1325.2838 925.2891 555.2070
v  1325.2838 1077.8558 555.2070
v  1325.2838 1086.7043 555.2070
v  1312.6793 1086.7043 555.2070
v  1160.3400 1086.7043 555.2070
v  1160.3400 1077.8558 555.2070
v  1312.6793 1077.8558 555.2070
v  1312.6793 925.2891 555.2070
v  1160.3400 925.2891 555.2070
v  464.8406 1077.8558 535.2070
v  472.3608 1077.8558 535.2070
v  539.4412 1077.8558 535.2070
v  551.5403 1077.8558 535.2070
v  609.1362 1077.8558 535.2070
v  615.2858 1077.8558 535.2070
v  464.8406 1027.0011 535.2070
v  464.8406 1030.6765 535.2070
v  464.8406 1068.6310 535.2070
v  615.2858 925.2891 535.2069
v  609.1362 925.2891 535.2069
v  551.5403 925.2891 535.2069
v  539.4410 925.2891 535.2069
v  615.2858 1068.6310 535.2070
v  615.2858 1030.6765 535.2070
v  615.2858 1027.0011 535.2070
v  615.2858 934.3279 535.2069
v  683.7214 1077.8558 535.2070
v  689.7278 1077.8558 535.2070
v  748.1713 1077.8558 535.2070
v  759.8600 1077.8558 535.2070
v  827.0098 1077.8558 535.2070
v  837.8298 1077.8558 535.2070
v  683.7214 1027.0011 535.2070
v  683.7214 1030.6765 535.2070
v  683.7214 1068.6310 535.2070
v  837.8298 925.2891 535.2069
v  827.0098 925.2891 535.2069
v  759.8600 925.2891 535.2069
v  748.1713 925.2891 535.2069
v  837.8298 1068.6310 535.2070
v  837.8298 1030.6765 535.2070
v  837.8298 1027.0011 535.2070
v  837.8298 934.3279 535.2069
v  919.0289 1077.8558 535.2070
v  926.7084 1077.8558 535.2070
v  983.8899 1077.8558 535.2070
v  992.9769 1077.8558 535.2070
v  1065.7487 1077.8558 535.2070
v  1079.8248 1077.8558 535.2070
v  919.0287 1027.0011 535.2070
v  919.0287 1030.6765 535.2070
v  919.0289 1068.6310 535.2070
v  1079.8248 925.2891 535.2070
v  1065.7487 925.2891 535.2070
v  992.9769 925.2891 535.2069
v  983.8899 925.2891 535.2069
v  1079.8248 1068.6310 535.2070
v  1079.8248 1030.6765 535.2070
v  1079.8248 1027.0011 535.2070
v  1079.8248 934.3280 535.2070
v  1160.3400 1077.8558 535.2070
v  1168.8640 1077.8558 535.2070
v  1218.6454 1077.8558 535.2070
v  1230.7646 1077.8558 535.2070
v  1300.9446 1077.8558 535.2070
v  1312.6793 1077.8558 535.2070
v  1160.3398 1027.0011 535.2070
v  1160.3398 1030.6765 535.2070
v  1160.3398 1068.6310 535.2070
v  1312.6793 925.2891 535.2070
v  1300.9446 925.2891 535.2070
v  1230.7646 925.2891 535.2070
v  1218.6454 925.2891 535.2070
v  1312.6793 1068.6310 535.2070
v  1312.6793 1030.6765 535.2070
v  1312.6793 1027.0011 535.2070
v  1312.6792 934.3280 535.2070
v  1300.9446 934.3280 535.2070
v  1230.7645 934.3280 535.2070
v  1218.6454 934.3280 535.2070
v  1065.7487 934.3280 535.2070
v  983.8899 934.3280 535.2070
v  992.9769 934.3280 535.2070
v  827.0098 934.3279 535.2069
v  759.8600 934.3279 535.2069
v  748.1713 934.3279 535.2069
v  609.1362 934.3279 535.2069
v  551.5403 934.3279 535.2069
v  539.4410 934.3279 535.2069
v  472.3608 1068.6310 535.2070
v  689.7278 1068.6310 535.2070
v  926.7084 1068.6310 535.2070
v  1168.8640 1068.6310 535.2070
v  1300.9446 1068.6310 535.2070
v  1230.7646 1068.6310 535.2070
v  1218.6454 1068.6310 535.2070
v  1065.7487 1068.6310 535.2070
v  983.8899 1068.6310 535.2070
v  992.9769 1068.6310 535.2070
v  827.0098 1068.6310 535.2070
v  759.8600 1068.6310 535.2070
v  748.1713 1068.6310 535.2070
v  609.1362 1068.6310 535.2070
v  551.5403 1068.6310 535.2070
v  539.4412 1068.6310 535.2070
v  472.3608 1027.0011 535.2070
v  689.7278 1027.0011 535.2070
v  926.7084 1027.0011 535.2070
v  1168.8640 1027.0011 535.2070
v  1300.9446 1027.0011 535.2070
v  1300.9446 1027.0011 526.1735
v  1230.7646 1027.0011 526.1735
v  1230.7645 934.3280 526.1735
v  1300.9446 934.3280 526.1735
v  1230.7646 1027.0011 535.2070
v  1218.6454 1027.0011 535.2070
v  1218.6454 1027.0011 526.1735
v  1168.8640 1027.0011 526.1735
v  1168.8640 934.3280 526.1735
v  1218.6454 934.3280 526.1735
v  1065.7487 1027.0011 535.2070
v  983.8899 1027.0011 526.1735
v  926.7084 1027.0011 526.1735
v  926.7084 934.3280 526.1735
v  983.8899 934.3280 526.1735
v  992.9769 1027.0011 535.2070
v  983.8899 1027.0011 535.2070
v  1065.7487 1027.0011 526.1735
v  992.9769 1027.0011 526.1735
v  992.9769 934.3280 526.1735
v  1065.7487 934.3280 526.1735
v  827.0098 1027.0011 535.2070
v  827.0098 1027.0011 526.1735
v  759.8600 1027.0011 526.1735
v  759.8600 934.3279 526.1735
v  827.0098 934.3279 526.1735
v  759.8600 1027.0011 535.2070
v  748.1713 1027.0011 535.2070
v  748.1713 1027.0011 526.1735
v  689.7278 1027.0011 526.1735
v  689.7278 934.3279 526.1735
v  748.1713 934.3279 526.1735
v  609.1362 1027.0011 535.2070
v  609.1362 1027.0011 526.1735
v  551.5403 1027.0011 526.1735
v  551.5403 934.3279 526.1735
v  609.1362 934.3279 526.1735
v  551.5403 1027.0011 535.2070
v  539.4412 1027.0011 535.2070
v  539.4412 1027.0011 526.1735
v  472.3608 1027.0011 526.1735
v  472.3608 934.3279 526.1735
v  539.4410 934.3279 526.1735
v  472.3608 1030.6765 535.2070
v  689.7278 1030.6765 535.2070
v  926.7084 1030.6765 535.2070
v  1168.8640 1030.6765 535.2070
v  1300.9446 1030.6765 535.2070
v  1230.7646 1030.6765 535.2070
v  1218.6454 1030.6765 535.2070
v  1065.7487 1030.6765 535.2070
v  983.8900 1030.6765 535.2070
v  992.9769 1030.6765 535.2070
v  827.0098 1030.6765 535.2070
v  759.8600 1030.6765 535.2070
v  748.1713 1030.6765 535.2070
v  609.1362 1030.6765 535.2070
v  551.5403 1030.6765 535.2070
v  539.4412 1030.6765 535.2070
v  1300.9446 1068.6310 526.1735
v  1230.7646 1068.6310 526.1735
v  1230.7646 1030.6765 526.1735
v  1300.9446 1030.6765 526.1735
v  1218.6454 1068.6310 526.1735
v  1168.8640 1068.6310 526.1735
v  1168.8640 1030.6765 526.1735
v  1218.6454 1030.6765 526.1735
v  983.8899 1068.6310 526.1735
v  926.7084 1068.6310 526.1735
v  926.7084 1030.6765 526.1735
v  983.8900 1030.6765 526.1735
v  1065.7487 1068.6310 526.1735
v  992.9769 1068.6310 526.1735
v  992.9769 1030.6765 526.1735
v  1065.7487 1030.6765 526.1735
v  827.0098 1068.6310 526.1735
v  759.8600 1068.6310 526.1735
v  759.8600 1030.6765 526.1735
v  827.0098 1030.6765 526.1735
v  748.1713 1068.6310 526.1735
v  689.7278 1068.6310 526.1735
v  689.7278 1030.6765 526.1735
v  748.1713 1030.6765 526.1735
v  609.1362 1068.6310 526.1735
v  551.5403 1068.6310 526.1735
v  551.5403 1030.6765 526.1735
v  609.1362 1030.6765 526.1735
v  539.4412 1068.6310 526.1735
v  472.3608 1068.6310 526.1735
v  472.3608 1030.6765 526.1735
v  539.4412 1030.6765 526.1735
v  457.7800 540.8184 565.2070
v  475.6559 540.8184 565.2070
v  475.6559 698.6981 565.2070
v  457.7800 698.6981 565.2070
v  674.9006 540.8184 565.2070
v  691.4124 540.8184 565.2070
v  691.4124 698.6981 565.2070
v  674.9006 698.6981 565.2070
v  913.5660 540.8184 565.2070
v  928.7206 540.8184 565.2070
v  928.7206 698.6981 565.2070
v  913.5660 698.6981 565.2070
v  1151.3365 540.8184 565.2070
v  1166.4630 540.8184 565.2070
v  1166.4630 698.6981 565.2070
v  1151.3365 698.6981 565.2070
v  457.7800 525.8601 565.2070
v  475.6559 525.8601 565.2070
v  674.9006 525.8601 565.2070
v  691.4125 525.8601 565.2070
v  913.5660 525.8601 565.2070
v  928.7206 525.8601 565.2070
v  1151.3365 525.8601 565.2070
v  1166.4630 525.8601 565.2070
v  457.7800 719.2526 565.2070
v  475.6559 719.2526 565.2070
v  480.2314 540.8184 555.2070
v  480.2314 549.5198 555.2070
v  475.6559 549.5198 555.2070
v  475.6559 540.8184 555.2070
v  603.7308 525.8601 565.2070
v  603.7308 540.8184 565.2070
v  618.3622 540.8184 565.2070
v  618.3622 525.8601 565.2070
v  674.9006 719.2526 565.2070
v  691.4125 719.2526 565.2070
v  696.9802 540.8184 555.2070
v  696.9802 549.5198 555.2070
v  691.4124 549.5198 555.2070
v  691.4124 540.8184 555.2070
v  837.1340 525.8601 565.2070
v  837.1340 540.8184 565.2070
v  852.5895 540.8184 565.2070
v  852.5895 525.8601 565.2070
v  913.5660 719.2526 565.2070
v  928.7206 719.2526 565.2070
v  932.3829 540.8184 555.2070
v  932.3829 549.5198 555.2070
v  928.7206 549.5198 555.2070
v  928.7206 540.8184 555.2070
v  1077.0444 525.8601 565.2070
v  1077.0444 540.8184 565.2070
v  1091.5840 540.8184 565.2070
v  1091.5840 525.8601 565.2070
v  1151.3365 719.2526 565.2070
v  1166.4630 719.2526 565.2070
v  1171.4723 540.8184 555.2070
v  1171.4723 549.5198 555.2070
v  1166.4630 549.5198 555.2070
v  1166.4630 540.8184 555.2070
v  1316.0883 525.8601 565.2070
v  1316.0883 540.8184 565.2070
v  1330.3096 540.8184 565.2070
v  1330.3096 525.8601 565.2070
v  475.6559 525.8601 555.2070
v  603.7308 525.8601 555.2070
v  603.7308 719.2526 555.2070
v  475.6559 719.2526 555.2070
v  598.5781 698.6981 555.2070
v  603.7308 698.6981 555.2070
v  536.3292 698.6981 555.2070
v  529.1187 698.6981 555.2070
v  480.2314 698.6981 555.2070
v  475.6559 698.6981 555.2070
v  603.7308 549.5198 555.2070
v  603.7308 540.8184 555.2070
v  603.7308 635.9655 555.2070
v  603.7308 644.9456 555.2070
v  603.7308 695.2314 555.2070
v  529.1187 540.8184 555.2070
v  536.3292 540.8184 555.2070
v  598.5781 540.8184 555.2070
v  475.6559 695.2314 555.2070
v  475.6559 644.9456 555.2070
v  475.6559 635.9655 555.2070
v  691.4125 525.8601 555.2070
v  837.1340 525.8601 555.2070
v  837.1340 719.2526 555.2070
v  691.4125 719.2526 555.2070
v  831.6174 698.6981 555.2070
v  837.1340 698.6981 555.2070
v  751.1832 698.6981 555.2070
v  743.4161 698.6981 555.2070
v  696.9802 698.6981 555.2070
v  691.4124 698.6981 555.2070
v  837.1340 549.5198 555.2070
v  837.1340 540.8184 555.2070
v  837.1340 635.9655 555.2070
v  837.1340 644.9456 555.2070
v  837.1340 695.2314 555.2070
v  743.4161 540.8184 555.2070
v  751.1832 540.8184 555.2070
v  831.6174 540.8184 555.2070
v  691.4124 695.2314 555.2070
v  691.4124 644.9456 555.2070
v  691.4124 635.9655 555.2070
v  928.7206 525.8601 555.2070
v  1077.0444 525.8601 555.2070
v  1077.0444 719.2526 555.2070
v  928.7206 719.2526 555.2070
v  1069.4655 698.6981 555.2070
v  1077.0444 698.6981 555.2070
v  982.6277 698.6981 555.2070
v  976.1954 698.6981 555.2070
v  932.3829 698.6981 555.2070
v  928.7206 698.6981 555.2070
v  1077.0444 549.5198 555.2070
v  1077.0444 540.8184 555.2070
v  1077.0444 635.9655 555.2070
v  1077.0444 644.9456 555.2070
v  1077.0444 695.2314 555.2070
v  976.1954 540.8184 555.2070
v  982.6277 540.8184 555.2070
v  1069.4655 540.8184 555.2070
v  928.7206 695.2314 555.2070
v  928.7206 644.9456 555.2070
v  928.7206 635.9655 555.2070
v  1166.4630 525.8601 555.2070
v  1316.0883 525.8601 555.2070
v  1330.3096 525.8601 555.2070
v  1330.3096 540.8184 555.2070
v  1330.3096 698.6981 555.2070
v  1330.3096 719.2526 555.2070
v  1316.0883 719.2526 555.2070
v  1166.4630 719.2526 555.2070
v  1307.8336 698.6981 555.2070
v  1316.0883 698.6981 555.2070
v  1218.7999 698.6981 555.2070
v  1209.7433 698.6981 555.2070
v  1171.4723 698.6981 555.2070
v  1166.4630 698.6981 555.2070
v  1316.0883 549.5198 555.2070
v  1316.0883 540.8184 555.2070
v  1316.0883 635.9655 555.2070
v  1316.0883 644.9456 555.2070
v  1316.0883 695.2314 555.2070
v  1209.7433 540.8184 555.2070
v  1218.7999 540.8184 555.2070
v  1307.8336 540.8184 555.2070
v  1166.4630 695.2314 555.2070
v  1166.4630 644.9456 555.2070
v  1166.4630 635.9655 555.2070
v  1307.8336 549.5198 555.2070
v  1218.7999 549.5198 555.2070
v  1209.7433 549.5198 555.2070
v  1069.4655 549.5198 555.2070
v  982.6276 549.5198 555.2070
v  976.1954 549.5198 555.2070
v  831.6174 549.5198 555.2070
v  751.1832 549.5198 555.2070
v  743.4161 549.5198 555.2070
v  598.5781 549.5198 555.2070
v  536.3292 549.5198 555.2070
v  529.1187 549.5198 555.2070
v  480.2314 644.9456 555.2070
v  480.2314 635.9655 555.2070
v  696.9802 644.9456 555.2070
v  696.9802 635.9655 555.2070
v  932.3829 644.9456 555.2070
v  932.3829 635.9655 555.2070
v  1171.4723 644.9456 555.2070
v  1171.4723 635.9655 555.2070
v  1307.8337 644.9456 555.2070
v  1307.8336 635.9655 555.2070
v  1218.7999 644.9456 555.2070
v  1218.7999 635.9655 555.2070
v  1209.7433 644.9456 555.2070
v  1209.7433 635.9655 555.2070
v  1069.4655 644.9456 555.2070
v  1069.4655 635.9655 555.2070
v  982.6277 644.9456 555.2070
v  982.6277 635.9655 555.2070
v  976.1954 644.9456 555.2070
v  976.1954 635.9655 555.2070
v  831.6174 644.9456 555.2070
v  831.6174 635.9655 555.2070
v  751.1832 644.9456 555.2070
v  751.1832 635.9655 555.2070
v  743.4161 644.9456 555.2070
v  743.4161 635.9655 555.2070
v  598.5781 644.9456 555.2070
v  598.5781 635.9655 555.2070
v  536.3292 644.9456 555.2070
v  536.3292 635.9655 555.2070
v  529.1187 644.9456 555.2070
v  529.1187 635.9655 555.2070
v  480.2314 695.2314 555.2070
v  696.9802 695.2314 555.2070
v  932.3829 695.2314 555.2070
v  1171.4722 695.2314 555.2070
v  1307.8336 695.2314 555.2070
v  1307.8336 695.2314 546.1736
v  1218.7999 695.2314 546.1736
v  1218.7999 644.9456 546.1736
v  1307.8337 644.9456 546.1736
v  1218.7999 695.2314 555.2070
v  1209.7433 695.2314 555.2070
v  1209.7433 695.2314 546.1736
v  1171.4722 695.2314 546.1736
v  1171.4723 644.9456 546.1736
v  1209.7433 644.9456 546.1736
v  1069.4655 695.2314 555.2070
v  1069.4655 695.2314 546.1736
v  982.6277 695.2314 546.1736
v  982.6277 644.9456 546.1736
v  1069.4655 644.9456 546.1736
v  982.6277 695.2314 555.2070
v  976.1954 695.2314 555.2070
v  976.1954 695.2314 546.1736
v  932.3829 695.2314 546.1736
v  932.3829 644.9456 546.1736
v  976.1954 644.9456 546.1736
v  831.6174 695.2314 555.2070
v  831.6174 695.2314 546.1736
v  751.1832 695.2314 546.1736
v  751.1832 644.9456 546.1736
v  831.6174 644.9456 546.1736
v  751.1832 695.2314 555.2070
v  743.4161 695.2314 555.2070
v  743.4161 695.2314 546.1736
v  696.9802 695.2314 546.1736
v  696.9802 644.9456 546.1736
v  743.4161 644.9456 546.1736
v  598.5781 695.2314 555.2070
v  598.5781 695.2314 546.1736
v  536.3292 695.2314 546.1736
v  536.3292 644.9456 546.1736
v  598.5781 644.9456 546.1736
v  536.3292 695.2314 555.2070
v  529.1187 695.2314 555.2070
v  529.1187 695.2314 546.1736
v  480.2314 695.2314 546.1736
v  480.2314 644.9456 546.1736
v  529.1187 644.9456 546.1736
v  1307.8336 635.9654 546.1736
v  1218.7999 635.9654 546.1736
v  1218.7999 549.5198 546.1736
v  1307.8336 549.5198 546.1736
v  1209.7433 635.9654 546.1736
v  1171.4723 635.9654 546.1736
v  1171.4723 549.5198 546.1736
v  1209.7433 549.5198 546.1736
v  1069.4655 635.9654 546.1736
v  982.6277 635.9654 546.1736
v  982.6276 549.5198 546.1736
v  1069.4655 549.5198 546.1736
v  976.1954 635.9654 546.1736
v  932.3829 635.9654 546.1736
v  932.3829 549.5198 546.1736
v  976.1954 549.5198 546.1736
v  831.6174 635.9654 546.1736
v  751.1832 635.9654 546.1736
v  751.1832 549.5198 546.1736
v  831.6174 549.5198 546.1736
v  743.4161 635.9654 546.1736
v  696.9802 635.9654 546.1736
v  696.9802 549.5198 546.1736
v  743.4161 549.5198 546.1736
v  598.5781 635.9654 546.1736
v  536.3292 635.9654 546.1736
v  536.3292 549.5198 546.1736
v  598.5781 549.5198 546.1736
v  529.1187 635.9654 546.1736
v  480.2314 635.9654 546.1736
v  480.2314 549.5198 546.1736
v  529.1187 549.5198 546.1736
v  -1345.3995 -0.4265 555.2070
v  -1263.4121 -0.4265 555.2070
v  -1263.4121 26.6339 555.2070
v  -1345.3997 26.6339 555.2070
v  -1263.4121 73.8636 555.2069
v  -1345.3995 73.8636 555.2069
v  -1263.4121 89.8694 555.2069
v  -1345.3997 89.8694 555.2069
v  -1263.4121 347.6727 555.2070
v  -1345.3995 347.6727 555.2070
v  -1345.3995 437.0769 572.5626
v  -1345.3995 426.1164 572.5626
v  -407.9959 426.1164 572.5626
v  -407.9959 437.0769 572.5626
v  -1345.3995 426.1164 565.2070
v  -1345.3995 418.8138 565.2070
v  -1263.4121 418.8138 565.2070
v  -1254.1884 418.8138 565.2070
v  -1108.8806 418.8138 565.2070
v  -1026.0226 418.8138 565.2070
v  -886.6154 418.8138 565.2070
v  -813.4122 418.8138 565.2070
v  -668.2869 418.8138 565.2070
v  -590.2852 418.8138 565.2070
v  -445.4633 418.8138 565.2070
v  -407.9959 418.8138 565.2070
v  -407.9959 426.1164 565.2070
v  -1263.4121 418.8138 555.2070
v  -1345.3995 418.8138 555.2070
v  -1254.1884 -0.4265 555.2070
v  -1254.1884 26.6339 555.2070
v  -1254.1884 73.8636 555.2069
v  -1254.1884 89.8694 555.2069
v  -1254.1884 347.6727 555.2070
v  -1254.1884 418.8138 555.2070
v  -1099.7323 -0.4265 555.2070
v  -1099.7323 26.6339 555.2070
v  -1099.7323 73.8636 555.2069
v  -1099.7323 73.8637 565.2069
v  -1099.7323 82.2787 565.2069
v  -1254.1885 82.2787 565.2069
v  -1254.1884 73.8637 565.2069
v  -1244.3673 89.8694 535.2069
v  -1244.3673 105.0421 535.2069
v  -1254.1884 105.0421 535.2069
v  -1254.1884 89.8694 535.2069
v  -1106.4563 399.9614 555.2070
v  -1108.8806 418.8138 555.2070
v  -1099.7323 347.6727 555.2070
v  -1035.1710 -0.4265 555.2070
v  -1035.1710 26.6339 555.2070
v  -1035.1710 73.8636 555.2069
v  -1035.1710 89.8694 555.2069
v  -1099.7323 89.8694 555.2069
v  -1035.1710 347.6727 555.2070
v  -1035.1710 347.6727 560.7018
v  -1028.4469 399.9614 566.1014
v  -1106.4563 399.9614 566.1014
v  -1099.7323 347.6727 560.7018
v  -880.1027 -0.4265 555.2070
v  -880.1027 26.6339 555.2070
v  -880.1027 73.8636 555.2069
v  -880.1027 73.8637 565.2069
v  -880.1027 82.2787 565.2069
v  -1035.1710 82.2787 565.2069
v  -1035.1710 73.8637 565.2069
v  -1026.3434 89.8694 535.2069
v  -1026.3434 105.0421 535.2069
v  -1035.1710 105.0421 535.2069
v  -1035.1710 89.8694 535.2069
v  -886.6154 418.8138 555.2070
v  -1026.0226 418.8138 555.2070
v  -1028.4469 399.9614 555.2070
v  -884.8895 399.9615 555.2070
v  -880.1025 347.6728 555.2070
v  -819.9250 -0.4265 555.2070
v  -819.9250 26.6339 555.2070
v  -819.9250 73.8636 555.2069
v  -819.9249 89.8694 555.2069
v  -880.1027 89.8694 555.2069
v  -819.9250 347.6728 555.2070
v  -819.9250 347.6728 560.7018
v  -815.1381 399.9615 566.1014
v  -884.8895 399.9615 566.1014
v  -880.1025 347.6728 560.7018
v  -661.8091 -0.4265 555.2070
v  -661.8091 26.6339 555.2070
v  -661.8091 73.8636 555.2069
v  -661.8091 73.8637 565.2069
v  -661.8090 82.2787 565.2069
v  -819.9250 82.2787 565.2069
v  -819.9250 73.8637 565.2069
v  -808.7701 89.8694 535.2069
v  -808.7701 105.0421 535.2069
v  -819.9249 105.0421 535.2069
v  -819.9249 89.8694 535.2069
v  -668.2869 418.8138 555.2070
v  -813.4122 418.8138 555.2070
v  -815.1381 399.9615 555.2070
v  -666.5701 399.9614 555.2070
v  -661.8090 347.6728 555.2070
v  -596.7631 -0.4265 555.2070
v  -596.7631 26.6339 555.2070
v  -596.7631 73.8636 555.2069
v  -596.7629 89.8694 555.2069
v  -661.8090 89.8694 555.2069
v  -596.7628 347.6728 555.2070
v  -596.7628 347.6728 560.7018
v  -592.0018 399.9615 566.1014
v  -666.5701 399.9614 566.1014
v  -661.8090 347.6728 560.7018
v  -445.4633 -0.4265 555.2070
v  -445.4633 26.6339 555.2070
v  -445.4633 73.8636 555.2069
v  -445.4633 73.8637 565.2069
v  -445.4633 82.2787 565.2069
v  -596.7629 82.2787 565.2069
v  -596.7631 73.8637 565.2069
v  -584.2449 89.8694 535.2069
v  -584.2449 105.0421 535.2069
v  -596.7629 105.0421 535.2069
v  -596.7629 89.8694 535.2069
v  -445.4633 347.6728 555.2070
v  -445.4633 418.8138 555.2070
v  -590.2852 418.8138 555.2070
v  -592.0018 399.9615 555.2070
v  -407.9959 26.6339 555.2070
v  -407.9959 63.2177 555.2069
v  -407.9959 73.8636 555.2069
v  -407.9959 53.1844 555.2069
v  -407.9959 77.5084 555.2069
v  -407.9959 89.8694 555.2069
v  -445.4633 89.8694 555.2069
v  -1099.7323 89.8694 535.2069
v  -1109.4226 89.8694 535.2069
v  -1158.6377 89.8694 535.2069
v  -1168.1216 89.8694 535.2069
v  -1099.7323 347.6727 535.2070
v  -1099.7323 339.5240 535.2070
v  -1099.7323 245.9351 535.2070
v  -1099.7323 234.8714 535.2070
v  -1099.7323 105.0421 535.2069
v  -1254.1884 347.6727 535.2070
v  -1244.3673 347.6727 535.2070
v  -1168.1216 347.6727 535.2070
v  -1158.6377 347.6727 535.2070
v  -1109.4226 347.6727 535.2070
v  -1254.1884 234.8713 535.2069
v  -1254.1884 245.9351 535.2070
v  -1254.1882 339.5240 535.2070
v  -880.1027 89.8694 535.2069
v  -889.5148 89.8694 535.2069
v  -967.8354 89.8694 535.2069
v  -977.2064 89.8694 535.2069
v  -880.1025 347.6728 535.2070
v  -880.1025 339.5240 535.2070
v  -880.1025 245.9351 535.2070
v  -880.1027 234.8713 535.2069
v  -880.1027 105.0421 535.2069
v  -1035.1710 347.6727 535.2070
v  -1026.3434 347.6727 535.2070
v  -977.2065 347.6727 535.2070
v  -967.8356 347.6727 535.2070
v  -889.5150 347.6728 535.2070
v  -1035.1710 234.8713 535.2069
v  -1035.1710 245.9351 535.2070
v  -1035.1710 339.5240 535.2070
v  -661.8090 89.8694 535.2069
v  -671.3826 89.8694 535.2069
v  -718.1331 89.8694 535.2069
v  -726.3201 89.8694 535.2069
v  -661.8090 347.6728 535.2070
v  -661.8090 339.5240 535.2070
v  -661.8090 245.9351 535.2070
v  -661.8090 234.8713 535.2069
v  -661.8090 105.0421 535.2069
v  -819.9250 347.6728 535.2070
v  -808.7703 347.6728 535.2070
v  -726.3201 347.6727 535.2070
v  -718.1331 347.6727 535.2070
v  -671.3828 347.6728 535.2070
v  -819.9250 234.8713 535.2069
v  -819.9250 245.9351 535.2070
v  -819.9252 339.5240 535.2070
v  -445.4633 89.8694 535.2069
v  -454.5248 89.8694 535.2069
v  -532.8152 89.8694 535.2069
v  -539.8173 89.8694 535.2069
v  -445.4633 347.6728 535.2070
v  -445.4633 339.5240 535.2070
v  -445.4633 245.9351 535.2070
v  -445.4633 234.8713 535.2069
v  -445.4634 105.0421 535.2069
v  -596.7628 347.6728 535.2070
v  -584.2449 347.6728 535.2070
v  -539.8174 347.6728 535.2070
v  -532.8153 347.6728 535.2070
v  -454.5248 347.6728 535.2070
v  -596.7629 234.8713 535.2069
v  -596.7629 245.9351 535.2070
v  -596.7628 339.5240 535.2070
v  -1099.7323 89.8694 565.2069
v  -1254.1884 89.8694 565.2069
v  -880.1027 89.8694 565.2069
v  -1035.1710 89.8694 565.2069
v  -661.8090 89.8694 565.2069
v  -819.9249 89.8694 565.2069
v  -445.4633 89.8694 565.2069
v  -596.7629 89.8694 565.2069
v  -1099.7323 89.8694 570.2130
v  -1254.1884 89.8694 570.2130
v  -1254.1885 82.2787 570.2130
v  -1099.7323 82.2787 570.2130
v  -880.1027 89.8694 570.2130
v  -1035.1710 89.8694 570.2130
v  -1035.1710 82.2787 570.2130
v  -880.1027 82.2787 570.2130
v  -661.8090 89.8694 570.2130
v  -819.9249 89.8694 570.2130
v  -819.9250 82.2787 570.2130
v  -661.8090 82.2787 570.2130
v  -445.4633 89.8694 570.2130
v  -596.7629 89.8694 570.2130
v  -596.7629 82.2787 570.2130
v  -445.4633 82.2787 570.2130
v  -1026.0226 418.8138 566.1014
v  -1108.8806 418.8138 566.1014
v  -813.4122 418.8138 566.1014
v  -886.6154 418.8138 566.1014
v  -590.2852 418.8138 566.1014
v  -668.2869 418.8138 566.1014
v  -407.9959 462.8117 565.2070
v  -407.9959 437.0769 565.2070
v  -1345.3994 462.8117 555.2070
v  -1345.3995 462.8117 565.2070
v  -1345.3995 437.0769 555.2070
v  -1345.3995 437.0769 565.2070
v  -1345.3995 426.1164 555.2070
v  -407.9959 462.8117 572.5626
v  -1345.3995 462.8117 572.5626
v  -407.9959 437.0769 612.3310
v  -1345.3995 437.0769 612.3310
v  -407.9959 462.8117 612.3310
v  -407.9959 457.5346 612.3310
v  -1345.3995 462.8117 612.3310
v  -1345.3997 457.5346 612.3310
v  -1109.4226 339.5240 535.2070
v  -889.5150 339.5240 535.2070
v  -671.3828 339.5240 535.2070
v  -454.5248 339.5240 535.2070
v  -1109.4226 234.8714 535.2070
v  -1109.4226 105.0421 535.2069
v  -889.5148 234.8713 535.2070
v  -889.5148 105.0421 535.2069
v  -671.3826 234.8713 535.2069
v  -671.3826 105.0421 535.2069
v  -454.5248 234.8713 535.2069
v  -454.5248 105.0421 535.2069
v  -1109.4226 245.9351 535.2070
v  -889.5148 245.9351 535.2070
v  -671.3826 245.9351 535.2070
v  -454.5248 245.9351 535.2070
v  -1168.1216 105.0421 535.2069
v  -1244.3673 339.5240 535.2070
v  -1244.3673 234.8713 535.2069
v  -1244.3673 245.9351 535.2070
v  -1168.1216 339.5240 535.2070
v  -1244.3673 234.8713 523.1735
v  -1244.3673 105.0421 523.1735
v  -1168.1216 105.0421 523.1735
v  -1168.1216 234.8713 523.1735
v  -1168.1216 234.8713 535.2069
v  -1168.1216 245.9351 535.2070
v  -1244.3673 339.5240 523.1735
v  -1244.3673 245.9351 523.1735
v  -1168.1216 245.9351 523.1735
v  -1168.1216 339.5240 523.1735
v  -1158.6377 105.0421 535.2069
v  -1158.6377 339.5240 535.2070
v  -1158.6377 234.8713 535.2070
v  -1158.6377 245.9351 535.2070
v  -1158.6377 234.8713 523.1735
v  -1158.6377 105.0421 523.1735
v  -1109.4226 105.0421 523.1735
v  -1109.4226 234.8714 523.1735
v  -1158.6377 339.5240 523.1735
v  -1158.6377 245.9351 523.1735
v  -1109.4226 245.9351 523.1735
v  -1109.4226 339.5240 523.1735
v  -977.2064 105.0421 535.2069
v  -1026.3434 339.5240 535.2070
v  -1026.3434 234.8713 535.2069
v  -1026.3434 245.9351 535.2070
v  -977.2065 339.5240 535.2070
v  -1026.3434 234.8713 523.1735
v  -1026.3434 105.0421 523.1735
v  -977.2064 105.0421 523.1735
v  -977.2064 234.8713 523.1735
v  -977.2064 234.8713 535.2069
v  -977.2064 245.9351 535.2070
v  -1026.3434 339.5240 523.1735
v  -1026.3434 245.9351 523.1735
v  -977.2064 245.9351 523.1735
v  -977.2065 339.5240 523.1735
v  -967.8354 105.0421 535.2069
v  -967.8356 339.5240 535.2070
v  -967.8354 234.8713 535.2069
v  -967.8354 245.9351 535.2070
v  -967.8354 234.8713 523.1735
v  -967.8354 105.0421 523.1735
v  -889.5148 105.0421 523.1735
v  -889.5148 234.8713 523.1735
v  -967.8356 339.5240 523.1735
v  -967.8354 245.9351 523.1735
v  -889.5148 245.9351 523.1735
v  -889.5150 339.5240 523.1735
v  -726.3199 105.0421 535.2069
v  -808.7703 339.5240 535.2070
v  -808.7701 234.8713 535.2069
v  -808.7701 245.9351 535.2070
v  -726.3201 339.5240 535.2070
v  -808.7701 234.8713 523.1735
v  -808.7701 105.0421 523.1735
v  -726.3199 105.0421 523.1735
v  -726.3199 234.8713 523.1735
v  -726.3199 234.8713 535.2069
v  -726.3199 245.9351 535.2070
v  -808.7703 339.5240 523.1735
v  -808.7701 245.9351 523.1735
v  -726.3199 245.9351 523.1735
v  -726.3201 339.5240 523.1735
v  -718.1331 105.0421 535.2069
v  -718.1331 339.5240 535.2070
v  -718.1331 234.8713 535.2069
v  -718.1331 245.9351 535.2070
v  -718.1331 234.8713 523.1735
v  -718.1331 105.0421 523.1735
v  -671.3826 105.0421 523.1735
v  -671.3826 234.8713 523.1735
v  -718.1331 339.5240 523.1735
v  -718.1331 245.9351 523.1735
v  -671.3826 245.9351 523.1735
v  -671.3828 339.5240 523.1735
v  -539.8173 105.0421 535.2069
v  -584.2449 339.5240 535.2070
v  -584.2449 234.8713 535.2069
v  -584.2449 245.9351 535.2070
v  -539.8174 339.5240 535.2070
v  -584.2449 234.8713 527.2069
v  -584.2449 105.0421 527.2069
v  -539.8173 105.0421 527.2069
v  -539.8173 234.8713 527.2069
v  -539.8173 234.8713 535.2069
v  -539.8173 245.9351 535.2070
v  -584.2449 339.5240 523.1735
v  -584.2449 245.9351 523.1735
v  -539.8173 245.9351 523.1735
v  -539.8174 339.5240 523.1735
v  -532.8152 105.0421 535.2069
v  -532.8153 339.5240 535.2070
v  -532.8152 234.8713 535.2069
v  -532.8152 245.9351 535.2070
v  -532.8152 234.8713 527.2069
v  -532.8152 105.0421 527.2069
v  -454.5248 105.0421 527.2069
v  -454.5248 234.8713 527.2069
v  -532.8153 339.5240 527.2070
v  -532.8152 245.9351 527.2070
v  -454.5248 245.9351 527.2070
v  -454.5248 339.5240 527.2070
v  1345.3944 525.8601 555.2070
v  1345.3931 462.8117 555.2070
v  1345.3975 1199.5735 555.2070
v  407.9883 1093.3236 555.2070
v  1345.3970 1086.7043 555.2070
v  1345.3962 913.6119 555.2070
v  1345.3953 719.2526 555.2070
v  1345.3922 457.5346 626.3636
v  1345.3921 462.8117 626.3636
v  407.9883 462.8117 626.3636
v  407.9883 457.5346 626.3636
v  1345.3921 -0.4265 555.2070
v  1345.3922 26.6339 555.2070
v  1263.4047 26.6339 555.2070
v  1263.4047 -0.4265 555.2070
v  1345.3922 73.8636 555.2069
v  1263.4047 73.8636 555.2069
v  1345.3922 89.8694 555.2069
v  1263.4047 89.8694 555.2069
v  1345.3922 347.6727 555.2070
v  1263.4047 347.6727 555.2070
v  1345.3921 437.0769 572.5626
v  407.9883 437.0769 572.5626
v  407.9883 426.1164 572.5626
v  1345.3921 426.1164 572.5626
v  1345.3921 426.1164 565.2070
v  407.9883 426.1164 565.2070
v  407.9886 418.8138 565.2070
v  445.4559 418.8138 565.2070
v  590.2778 418.8138 565.2070
v  668.2795 418.8138 565.2070
v  813.4048 418.8138 565.2070
v  886.6080 418.8138 565.2070
v  1026.0151 418.8138 565.2070
v  1108.8732 418.8138 565.2070
v  1254.1809 418.8138 565.2070
v  1263.4047 418.8138 565.2070
v  1345.3921 418.8138 565.2070
v  1345.3921 418.8138 555.2070
v  1263.4047 418.8138 555.2070
v  1254.1809 -0.4265 555.2070
v  1254.1809 26.6339 555.2070
v  1254.1809 73.8636 555.2069
v  1254.1809 89.8694 555.2069
v  1254.1809 347.6727 555.2070
v  1254.1809 418.8138 555.2070
v  1099.7249 -0.4265 555.2070
v  1099.7249 26.6339 555.2070
v  1099.7249 73.8636 555.2069
v  1099.7249 73.8637 565.2069
v  1254.1809 73.8637 565.2069
v  1254.1810 82.2787 565.2069
v  1099.7249 82.2787 565.2069
v  1244.3599 89.8694 535.2069
v  1254.1809 89.8694 535.2069
v  1254.1809 105.0421 535.2069
v  1244.3599 105.0421 535.2069
v  1108.8732 418.8138 555.2070
v  1106.4489 399.9614 555.2070
v  1099.7249 347.6727 555.2070
v  1035.1636 -0.4265 555.2070
v  1035.1636 26.6339 555.2070
v  1035.1636 73.8636 555.2069
v  1099.7249 89.8694 555.2069
v  1035.1636 89.8694 555.2069
v  1035.1636 347.6727 555.2070
v  1035.1636 347.6727 560.7018
v  1099.7249 347.6727 560.7018
v  1106.4489 399.9614 566.1014
v  1028.4395 399.9614 566.1014
v  880.0950 -0.4265 555.2070
v  880.0950 26.6339 555.2070
v  880.0950 73.8636 555.2069
v  880.0950 73.8637 565.2069
v  1035.1636 73.8637 565.2069
v  1035.1635 82.2787 565.2069
v  880.0950 82.2787 565.2069
v  1026.3359 89.8694 535.2069
v  1035.1636 89.8694 535.2069
v  1035.1636 105.0421 535.2069
v  1026.3359 105.0421 535.2069
v  1028.4395 399.9614 555.2070
v  1026.0151 418.8138 555.2070
v  886.6080 418.8138 555.2070
v  884.8818 399.9615 555.2070
v  880.0950 347.6728 555.2070
v  819.9175 -0.4265 555.2070
v  819.9175 26.6339 555.2070
v  819.9175 73.8636 555.2069
v  880.0950 89.8694 555.2069
v  819.9177 89.8694 555.2069
v  819.9175 347.6728 555.2070
v  819.9175 347.6728 560.7018
v  880.0950 347.6728 560.7018
v  884.8818 399.9615 566.1014
v  815.1307 399.9615 566.1014
v  661.8016 -0.4265 555.2070
v  661.8016 26.6339 555.2070
v  661.8016 73.8636 555.2069
v  661.8016 73.8637 565.2069
v  819.9175 73.8637 565.2069
v  819.9175 82.2787 565.2069
v  661.8016 82.2787 565.2069
v  808.7626 89.8694 535.2069
v  819.9177 89.8694 535.2069
v  819.9177 105.0421 535.2069
v  808.7626 105.0421 535.2069
v  815.1307 399.9615 555.2070
v  813.4048 418.8138 555.2070
v  668.2795 418.8138 555.2070
v  666.5627 399.9614 555.2070
v  661.8016 347.6728 555.2070
v  596.7554 -0.4265 555.2070
v  596.7554 26.6339 555.2070
v  596.7554 73.8636 555.2069
v  661.8016 89.8694 555.2069
v  596.7554 89.8694 555.2069
v  596.7557 347.6728 555.2070
v  596.7557 347.6728 560.7018
v  661.8016 347.6728 560.7018
v  666.5627 399.9614 566.1014
v  591.9946 399.9615 566.1014
v  445.4559 -0.4265 555.2070
v  445.4559 26.6339 555.2070
v  445.4559 73.8636 555.2069
v  445.4559 73.8637 565.2069
v  596.7554 73.8637 565.2069
v  596.7554 82.2787 565.2069
v  445.4559 82.2787 565.2069
v  584.2374 89.8694 535.2069
v  596.7554 89.8694 535.2069
v  596.7554 105.0421 535.2069
v  584.2374 105.0421 535.2069
v  590.2778 418.8138 555.2070
v  445.4559 418.8138 555.2070
v  445.4559 347.6728 555.2070
v  591.9946 399.9615 555.2070
v  407.9883 26.6339 555.2070
v  407.9883 73.8636 555.2069
v  445.4559 89.8694 555.2069
v  407.9883 89.8694 555.2069
v  407.9883 347.6728 555.2070
v  407.9886 418.8138 555.2070
v  1168.1141 89.8694 535.2069
v  1158.6302 89.8694 535.2069
v  1109.4152 89.8694 535.2069
v  1099.7249 89.8694 535.2069
v  1099.7249 105.0421 535.2069
v  1099.7249 234.8714 535.2070
v  1099.7249 245.9351 535.2070
v  1099.7249 339.5240 535.2070
v  1099.7249 347.6727 535.2070
v  1109.4152 347.6727 535.2070
v  1158.6302 347.6727 535.2070
v  1168.1141 347.6727 535.2070
v  1244.3599 347.6727 535.2070
v  1254.1809 347.6727 535.2070
v  1254.1808 339.5240 535.2070
v  1254.1809 245.9351 535.2070
v  1254.1809 234.8713 535.2069
v  977.1990 89.8694 535.2069
v  967.8280 89.8694 535.2069
v  889.5074 89.8694 535.2069
v  880.0950 89.8694 535.2069
v  880.0953 105.0421 535.2069
v  880.0950 234.8713 535.2069
v  880.0950 245.9351 535.2070
v  880.0950 339.5240 535.2070
v  880.0950 347.6728 535.2070
v  889.5076 347.6728 535.2070
v  967.8280 347.6727 535.2070
v  977.1991 347.6727 535.2070
v  1026.3359 347.6727 535.2070
v  1035.1636 347.6727 535.2070
v  1035.1636 339.5240 535.2070
v  1035.1636 245.9351 535.2070
v  1035.1636 234.8713 535.2069
v  726.3127 89.8694 535.2069
v  718.1257 89.8694 535.2069
v  671.3752 89.8694 535.2069
v  661.8016 89.8694 535.2069
v  661.8016 105.0421 535.2069
v  661.8016 234.8713 535.2069
v  661.8016 245.9351 535.2070
v  661.8016 339.5240 535.2070
v  661.8016 347.6728 535.2070
v  671.3754 347.6728 535.2070
v  718.1257 347.6727 535.2070
v  726.3127 347.6727 535.2070
v  808.7629 347.6728 535.2070
v  819.9175 347.6728 535.2070
v  819.9175 339.5240 535.2070
v  819.9175 245.9351 535.2070
v  819.9175 234.8713 535.2069
v  539.8099 89.8694 535.2069
v  532.8077 89.8694 535.2069
v  454.5176 89.8694 535.2069
v  445.4559 89.8694 535.2069
v  445.4559 105.0421 535.2069
v  445.4559 234.8713 535.2069
v  445.4559 245.9351 535.2070
v  445.4559 339.5240 535.2070
v  445.4559 347.6728 535.2070
v  454.5175 347.6728 535.2070
v  532.8080 347.6728 535.2070
v  539.8101 347.6728 535.2070
v  584.2372 347.6728 535.2070
v  596.7557 347.6728 535.2070
v  596.7557 339.5240 535.2070
v  596.7554 245.9351 535.2070
v  596.7554 234.8713 535.2069
v  1099.7249 89.8694 565.2069
v  1254.1809 89.8694 565.2069
v  880.0950 89.8694 565.2069
v  1035.1636 89.8694 565.2069
v  661.8016 89.8694 565.2069
v  819.9177 89.8694 565.2069
v  445.4559 89.8694 565.2069
v  596.7554 89.8694 565.2069
v  1099.7249 89.8694 570.2130
v  1099.7249 82.2787 570.2130
v  1254.1810 82.2787 570.2130
v  1254.1809 89.8694 570.2130
v  880.0950 89.8694 570.2130
v  880.0950 82.2787 570.2130
v  1035.1635 82.2787 570.2130
v  1035.1636 89.8694 570.2130
v  661.8016 89.8694 570.2130
v  661.8016 82.2787 570.2130
v  819.9175 82.2787 570.2130
v  819.9177 89.8694 570.2130
v  445.4559 89.8694 570.2130
v  445.4559 82.2787 570.2130
v  596.7554 82.2787 570.2130
v  596.7554 89.8694 570.2130
v  1026.0151 418.8138 566.1014
v  1108.8732 418.8138 566.1014
v  813.4048 418.8138 566.1014
v  886.6080 418.8138 566.1014
v  590.2778 418.8138 566.1014
v  668.2795 418.8138 566.1014
v  407.9883 437.0769 555.2070
v  407.9883 437.0769 565.2070
v  407.9883 462.8117 565.2070
v  1345.3921 462.8117 565.2070
v  1345.3921 437.0769 565.2070
v  1345.3921 437.0769 555.2070
v  1345.3921 426.1164 555.2070
v  407.9883 426.1164 555.2070
v  407.9883 462.8117 572.5626
v  1345.3921 462.8117 572.5626
v  1345.3921 437.0769 612.3310
v  407.9883 437.0769 612.3310
v  407.9883 457.5346 612.3310
v  407.9883 462.8117 612.3310
v  1345.3921 462.8117 612.3310
v  1345.3922 457.5346 612.3310
v  1109.4152 339.5240 535.2070
v  889.5076 339.5240 535.2070
v  671.3754 339.5240 535.2070
v  454.5175 339.5240 535.2070
v  1109.4152 105.0421 535.2069
v  1109.4152 234.8714 535.2070
v  889.5074 105.0421 535.2069
v  889.5074 234.8713 535.2070
v  671.3752 105.0421 535.2069
v  671.3752 234.8713 535.2069
v  454.5176 105.0421 535.2069
v  454.5176 234.8713 535.2069
v  1109.4152 245.9351 535.2070
v  889.5074 245.9351 535.2070
v  671.3752 245.9351 535.2070
v  454.5176 245.9351 535.2070
v  1168.1141 105.0421 535.2069
v  1244.3599 339.5240 535.2070
v  1244.3599 234.8713 535.2069
v  1244.3599 245.9351 535.2070
v  1168.1141 339.5240 535.2070
v  1244.3599 234.8713 523.1735
v  1168.1141 234.8713 523.1735
v  1168.1141 105.0421 523.1735
v  1244.3599 105.0421 523.1735
v  1168.1141 245.9351 535.2070
v  1168.1141 234.8713 535.2069
v  1244.3599 339.5240 523.1735
v  1168.1141 339.5240 523.1735
v  1168.1141 245.9351 523.1735
v  1244.3599 245.9351 523.1735
v  1158.6302 105.0421 535.2069
v  1158.6302 339.5240 535.2070
v  1158.6302 234.8713 535.2070
v  1158.6302 245.9351 535.2070
v  1158.6302 234.8713 523.1735
v  1109.4152 234.8714 523.1735
v  1109.4152 105.0421 523.1735
v  1158.6302 105.0421 523.1735
v  1158.6302 339.5240 523.1735
v  1109.4152 339.5240 523.1735
v  1109.4152 245.9351 523.1735
v  1158.6302 245.9351 523.1735
v  977.1990 105.0421 535.2069
v  1026.3359 339.5240 535.2070
v  1026.3359 234.8713 535.2069
v  1026.3359 245.9351 535.2070
v  977.1991 339.5240 535.2070
v  1026.3359 234.8713 523.1735
v  977.1990 234.8713 523.1735
v  977.1990 105.0421 523.1735
v  1026.3359 105.0421 523.1735
v  977.1990 245.9351 535.2070
v  977.1990 234.8713 535.2069
v  1026.3359 339.5240 523.1735
v  977.1991 339.5240 523.1735
v  977.1990 245.9351 523.1735
v  1026.3359 245.9351 523.1735
v  967.8280 105.0421 535.2069
v  967.8280 339.5240 535.2070
v  967.8280 234.8713 535.2069
v  967.8280 245.9351 535.2070
v  967.8280 234.8713 523.1735
v  889.5074 234.8713 523.1735
v  889.5074 105.0421 523.1735
v  967.8280 105.0421 523.1735
v  967.8280 339.5240 523.1735
v  889.5076 339.5240 523.1735
v  889.5074 245.9351 523.1735
v  967.8280 245.9351 523.1735
v  726.3124 105.0421 535.2069
v  808.7629 339.5240 535.2070
v  808.7626 234.8713 535.2069
v  808.7626 245.9351 535.2070
v  726.3127 339.5240 535.2070
v  808.7626 234.8713 523.1735
v  726.3124 234.8713 523.1735
v  726.3124 105.0421 523.1735
v  808.7626 105.0421 523.1735
v  726.3124 245.9351 535.2070
v  726.3124 234.8713 535.2069
v  808.7629 339.5240 523.1735
v  726.3127 339.5240 523.1735
v  726.3124 245.9351 523.1735
v  808.7626 245.9351 523.1735
v  718.1257 105.0421 535.2069
v  718.1257 339.5240 535.2070
v  718.1257 234.8713 535.2069
v  718.1257 245.9351 535.2070
v  718.1257 234.8713 523.1735
v  671.3752 234.8713 523.1735
v  671.3752 105.0421 523.1735
v  718.1257 105.0421 523.1735
v  718.1257 339.5240 523.1735
v  671.3754 339.5240 523.1735
v  671.3752 245.9351 523.1735
v  718.1257 245.9351 523.1735
v  539.8099 105.0421 535.2069
v  584.2372 339.5240 535.2070
v  584.2374 234.8713 535.2069
v  584.2374 245.9351 535.2070
v  539.8101 339.5240 535.2070
v  584.2374 234.8713 523.1735
v  539.8099 234.8713 523.1735
v  539.8099 105.0421 523.1735
v  584.2374 105.0421 523.1735
v  539.8099 245.9351 535.2070
v  539.8099 234.8713 535.2069
v  584.2372 339.5240 523.1735
v  539.8101 339.5240 523.1735
v  539.8099 245.9351 523.1735
v  584.2374 245.9351 523.1735
v  532.8077 105.0421 535.2069
v  532.8080 339.5240 535.2070
v  532.8077 234.8713 535.2069
v  532.8077 245.9351 535.2070
v  532.8077 234.8713 523.1735
v  454.5176 234.8713 523.1735
v  454.5176 105.0421 523.1735
v  532.8077 105.0421 523.1735
v  532.8080 339.5240 523.1735
v  454.5175 339.5240 523.1735
v  454.5176 245.9351 523.1735
v  532.8077 245.9351 523.1735
v  -1345.3977 1086.7045 555.2069
v  -1345.4006 913.6119 555.2069
v  -1299.5767 913.6119 555.2069
v  -1299.5767 925.2889 555.2069
v  -1299.5767 1077.8558 555.2070
v  -1299.5767 1086.7045 555.2070
v  -1345.3984 719.2526 555.2070
v  -1345.4006 525.8601 555.2070
v  -1295.6090 525.8601 555.2070
v  -1295.6090 540.8184 555.2070
v  -1295.6090 698.6981 555.2070
v  -1295.6090 719.2526 555.2070
v  -1138.1034 1086.7045 565.2070
v  -1138.1034 1077.8558 565.2070
v  -1128.7030 1077.8558 565.2070
v  -1128.7030 1086.7045 565.2070
v  -1149.6583 719.2526 565.2070
v  -1149.6583 698.6981 565.2070
v  -1135.0270 698.6981 565.2070
v  -1135.0270 719.2526 565.2070
v  -1128.7030 925.2889 555.2069
v  -1128.7030 913.6119 555.2069
v  -1082.3280 913.6119 555.2069
v  -1128.7030 1077.8558 555.2070
v  -1128.7030 1086.7045 555.2070
v  -1082.3280 925.2889 555.2069
v  -1082.3280 1077.8558 555.2070
v  -1082.3280 1086.7045 555.2070
v  -1135.0270 540.8184 555.2070
v  -1135.0270 525.8601 555.2070
v  -1078.4885 525.8601 555.2070
v  -1135.0270 698.6981 555.2070
v  -1135.0270 719.2526 555.2070
v  -1078.4885 540.8184 555.2070
v  -1078.4885 698.6981 555.2070
v  -1078.4885 719.2526 555.2070
v  -915.5593 1086.7045 565.2070
v  -915.5593 1077.8558 565.2070
v  -903.9971 1077.8558 565.2070
v  -903.9971 1086.7045 565.2070
v  -916.2551 719.2526 565.2070
v  -916.2551 698.6981 565.2070
v  -900.7993 698.6981 565.2070
v  -900.7993 719.2526 565.2070
v  -903.9971 925.2889 555.2069
v  -903.9971 913.6119 555.2069
v  -845.4564 913.6119 555.2069
v  -903.9971 1077.8558 555.2070
v  -903.9971 1086.7045 555.2070
v  -845.4564 925.2889 555.2069
v  -845.4564 1077.8558 555.2070
v  -845.4564 1086.7045 555.2070
v  -900.7993 540.8184 555.2070
v  -900.7993 525.8601 555.2070
v  -839.8231 525.8601 555.2070
v  -900.7993 698.6981 555.2070
v  -900.7993 719.2526 555.2070
v  -839.8231 540.8184 555.2070
v  -839.8231 698.6981 555.2070
v  -839.8231 719.2526 555.2070
v  -673.5643 1086.7045 565.2070
v  -673.5643 1077.8558 565.2070
v  -661.8051 1077.8558 565.2070
v  -661.8051 1086.7045 565.2070
v  -676.3447 719.2526 565.2070
v  -676.3447 698.6981 565.2070
v  -661.8051 698.6981 565.2070
v  -661.8051 719.2526 565.2070
v  -661.8051 925.2891 555.2070
v  -661.8051 913.6119 555.2070
v  -606.3792 913.6119 555.2070
v  -661.8051 1077.8558 555.2070
v  -661.8051 1086.7045 555.2070
v  -606.3792 925.2891 555.2070
v  -606.3792 1077.8558 555.2070
v  -606.3792 1086.7045 555.2070
v  -661.8051 540.8184 555.2070
v  -661.8051 525.8601 555.2070
v  -602.0524 525.8601 555.2070
v  -661.8051 698.6981 555.2070
v  -661.8051 719.2526 555.2070
v  -602.0524 540.8184 555.2070
v  -602.0524 698.6981 555.2070
v  -602.0524 719.2526 555.2070
v  -440.7097 1086.7045 565.2070
v  -440.7097 1077.8558 565.2070
v  -428.1051 1077.8558 565.2070
v  -428.1051 1086.7045 565.2070
v  -437.3008 719.2526 565.2070
v  -437.3008 698.6981 565.2070
v  -423.0794 698.6981 565.2070
v  -423.0794 719.2526 565.2070
v  -1299.5767 925.2889 565.2069
v  -1288.5485 925.2889 565.2069
v  -1288.5485 1077.8558 565.2070
v  -1299.5767 1077.8558 565.2070
v  -1082.3280 925.2889 565.2069
v  -1069.6677 925.2891 565.2069
v  -1069.6677 1077.8558 565.2070
v  -1082.3280 1077.8558 565.2070
v  -845.4564 925.2889 565.2070
v  -834.3602 925.2889 565.2070
v  -834.3602 1077.8558 565.2070
v  -845.4564 1077.8558 565.2070
v  -606.3792 925.2891 565.2070
v  -593.0491 925.2891 565.2070
v  -593.0491 1077.8558 565.2070
v  -606.3792 1077.8558 565.2070
v  -1299.5767 913.6119 565.2069
v  -1288.5485 913.6119 565.2069
v  -1082.3280 913.6119 565.2069
v  -1069.6677 913.6119 565.2069
v  -845.4564 913.6119 565.2069
v  -834.3602 913.6119 565.2070
v  -606.3792 913.6119 565.2070
v  -593.0491 913.6119 565.2070
v  -1299.5767 1086.7045 565.2070
v  -1288.5485 1086.7045 565.2070
v  -1281.0283 925.2891 535.2069
v  -1281.0283 934.3280 535.2069
v  -1288.5485 934.3280 535.2069
v  -1288.5485 925.2889 535.2069
v  -1138.1034 913.6119 565.2069
v  -1138.1034 925.2889 565.2069
v  -1128.7030 925.2889 565.2069
v  -1128.7030 913.6119 565.2069
v  -1082.3280 1086.7045 565.2070
v  -1069.6677 1086.7045 565.2070
v  -1063.6613 925.2891 535.2069
v  -1063.6613 934.3280 535.2069
v  -1069.6677 934.3280 535.2069
v  -1069.6677 925.2891 535.2069
v  -915.5593 913.6119 565.2069
v  -915.5593 925.2889 565.2069
v  -903.9971 925.2889 565.2070
v  -903.9971 913.6119 565.2069
v  -845.4564 1086.7045 565.2070
v  -834.3602 1086.7045 565.2070
v  -826.6807 925.2889 535.2070
v  -826.6804 934.3280 535.2070
v  -834.3602 934.3280 535.2070
v  -834.3602 925.2889 535.2070
v  -673.5643 913.6119 565.2070
v  -673.5643 925.2891 565.2070
v  -661.8051 925.2891 565.2070
v  -661.8051 913.6119 565.2070
v  -606.3792 1086.7045 565.2070
v  -593.0491 1086.7045 565.2070
v  -584.5250 925.2891 535.2070
v  -584.5250 934.3280 535.2070
v  -593.0491 934.3280 535.2070
v  -593.0491 925.2891 535.2070
v  -440.7097 913.6119 565.2070
v  -440.7097 925.2891 565.2070
v  -428.1051 925.2891 565.2070
v  -428.1051 913.6119 565.2070
v  -1288.5485 913.6119 555.2069
v  -1138.1034 913.6119 555.2069
v  -1138.1034 1086.7045 555.2070
v  -1288.5485 1086.7045 555.2070
v  -1288.5485 1077.8558 555.2070
v  -1138.1034 1077.8558 555.2070
v  -1138.1034 925.2889 555.2069
v  -1288.5485 925.2889 555.2069
v  -1069.6677 913.6119 555.2069
v  -915.5593 913.6119 555.2069
v  -915.5593 1086.7045 555.2070
v  -1069.6677 1086.7045 555.2070
v  -1069.6677 1077.8558 555.2070
v  -915.5593 1077.8558 555.2070
v  -915.5593 925.2889 555.2069
v  -1069.6677 925.2891 555.2069
v  -834.3602 913.6119 555.2069
v  -673.5643 913.6119 555.2070
v  -673.5643 1086.7045 555.2070
v  -834.3602 1086.7045 555.2070
v  -834.3602 1077.8558 555.2070
v  -673.5643 1077.8558 555.2070
v  -673.5643 925.2891 555.2070
v  -834.3602 925.2889 555.2069
v  -593.0491 913.6119 555.2070
v  -440.7097 913.6119 555.2070
v  -428.1051 913.6119 555.2070
v  -428.1051 925.2891 555.2070
v  -428.1051 1077.8558 555.2070
v  -428.1051 1086.7045 555.2070
v  -440.7097 1086.7045 555.2070
v  -593.0491 1086.7045 555.2070
v  -593.0491 1077.8558 555.2070
v  -440.7097 1077.8558 555.2070
v  -440.7097 925.2891 555.2070
v  -593.0491 925.2891 555.2070
v  -1288.5485 1077.8558 535.2070
v  -1281.0283 1077.8558 535.2070
v  -1213.9479 1077.8558 535.2070
v  -1201.8486 1077.8558 535.2070
v  -1144.2528 1077.8558 535.2070
v  -1138.1034 1077.8558 535.2070
v  -1288.5485 1027.0011 535.2070
v  -1288.5485 1030.6766 535.2070
v  -1288.5485 1068.6310 535.2070
v  -1138.1034 925.2889 535.2069
v  -1144.2528 925.2889 535.2069
v  -1201.8486 925.2889 535.2069
v  -1213.9478 925.2889 535.2069
v  -1138.1034 1068.6310 535.2070
v  -1138.1034 1030.6766 535.2070
v  -1138.1034 1027.0011 535.2070
v  -1138.1034 934.3280 535.2069
v  -1069.6677 1077.8558 535.2070
v  -1063.6613 1077.8558 535.2070
v  -1005.2175 1077.8558 535.2070
v  -993.5291 1077.8558 535.2070
v  -926.3793 1077.8558 535.2070
v  -915.5593 1077.8558 535.2070
v  -1069.6677 1027.0011 535.2070
v  -1069.6677 1030.6766 535.2070
v  -1069.6677 1068.6310 535.2070
v  -915.5593 925.2889 535.2069
v  -926.3793 925.2891 535.2069
v  -993.5289 925.2891 535.2069
v  -1005.2175 925.2891 535.2069
v  -915.5593 1068.6310 535.2070
v  -915.5590 1030.6766 535.2070
v  -915.5593 1027.0011 535.2070
v  -915.5593 934.3280 535.2069
v  -834.3602 1077.8558 535.2070
v  -826.6807 1077.8558 535.2070
v  -769.4991 1077.8558 535.2070
v  -760.4122 1077.8558 535.2070
v  -687.6403 1077.8558 535.2070
v  -673.5643 1077.8558 535.2070
v  -834.3602 1027.0011 535.2070
v  -834.3602 1030.6766 535.2070
v  -834.3602 1068.6310 535.2070
v  -673.5643 925.2891 535.2070
v  -687.6403 925.2891 535.2070
v  -760.4122 925.2889 535.2070
v  -769.4991 925.2889 535.2070
v  -673.5643 1068.6310 535.2070
v  -673.5643 1030.6766 535.2070
v  -673.5643 1027.0011 535.2070
v  -673.5643 934.3280 535.2070
v  -593.0491 1077.8558 535.2070
v  -584.5250 1077.8558 535.2070
v  -534.7437 1077.8558 535.2070
v  -522.6244 1077.8558 535.2070
v  -452.4445 1077.8558 535.2070
v  -440.7097 1077.8558 535.2070
v  -593.0491 1027.0011 535.2070
v  -593.0491 1030.6766 535.2070
v  -593.0491 1068.6310 535.2070
v  -440.7097 925.2891 535.2070
v  -452.4445 925.2891 535.2070
v  -522.6244 925.2891 535.2070
v  -534.7437 925.2891 535.2070
v  -440.7097 1068.6310 535.2070
v  -440.7097 1030.6766 535.2070
v  -440.7097 1027.0011 535.2070
v  -440.7098 934.3280 535.2070
v  -452.4445 934.3280 535.2070
v  -522.6245 934.3280 535.2070
v  -534.7437 934.3280 535.2070
v  -687.6403 934.3280 535.2070
v  -769.4991 934.3280 535.2070
v  -760.4122 934.3280 535.2070
v  -926.3793 934.3280 535.2069
v  -993.5291 934.3280 535.2069
v  -1005.2175 934.3280 535.2069
v  -1144.2528 934.3280 535.2069
v  -1201.8486 934.3280 535.2069
v  -1213.9478 934.3280 535.2069
v  -1281.0283 1068.6310 535.2070
v  -1063.6613 1068.6310 535.2070
v  -826.6807 1068.6310 535.2070
v  -584.5250 1068.6310 535.2070
v  -452.4445 1068.6310 535.2070
v  -522.6244 1068.6310 535.2070
v  -534.7437 1068.6310 535.2070
v  -687.6403 1068.6310 535.2070
v  -769.4991 1068.6310 535.2070
v  -760.4122 1068.6310 535.2070
v  -926.3793 1068.6310 535.2070
v  -993.5291 1068.6310 535.2070
v  -1005.2175 1068.6310 535.2070
v  -1144.2528 1068.6310 535.2070
v  -1201.8486 1068.6310 535.2070
v  -1213.9479 1068.6310 535.2070
v  -1281.0283 1027.0011 535.2070
v  -1063.6613 1027.0011 535.2070
v  -826.6807 1027.0011 535.2070
v  -584.5250 1027.0011 535.2070
v  -452.4445 1027.0011 535.2070
v  -452.4445 1027.0011 526.1735
v  -522.6244 1027.0011 526.1735
v  -522.6245 934.3280 526.1735
v  -452.4445 934.3280 526.1735
v  -522.6244 1027.0011 535.2070
v  -534.7437 1027.0011 535.2070
v  -534.7437 1027.0011 526.1735
v  -584.5250 1027.0011 526.1735
v  -584.5250 934.3280 526.1735
v  -534.7437 934.3280 526.1735
v  -687.6403 1027.0011 535.2070
v  -769.4991 1027.0011 526.1735
v  -826.6807 1027.0011 526.1735
v  -826.6804 934.3280 526.1735
v  -769.4991 934.3280 526.1735
v  -760.4122 1027.0011 535.2070
v  -769.4991 1027.0011 535.2070
v  -687.6403 1027.0011 526.1735
v  -760.4122 1027.0011 526.1735
v  -760.4122 934.3280 526.1735
v  -687.6403 934.3280 526.1735
v  -926.3793 1027.0011 535.2070
v  -926.3793 1027.0011 526.1735
v  -993.5291 1027.0011 526.1735
v  -993.5291 934.3280 526.1735
v  -926.3793 934.3280 526.1735
v  -993.5291 1027.0011 535.2070
v  -1005.2175 1027.0011 535.2070
v  -1005.2175 1027.0011 526.1735
v  -1063.6613 1027.0011 526.1735
v  -1063.6613 934.3280 526.1735
v  -1005.2175 934.3280 526.1735
v  -1144.2528 1027.0011 535.2070
v  -1144.2528 1027.0011 526.1735
v  -1201.8486 1027.0011 526.1735
v  -1201.8486 934.3280 526.1735
v  -1144.2528 934.3280 526.1735
v  -1201.8486 1027.0011 535.2070
v  -1213.9479 1027.0011 535.2070
v  -1213.9479 1027.0011 526.1735
v  -1281.0283 1027.0011 526.1735
v  -1281.0283 934.3280 526.1735
v  -1213.9478 934.3280 526.1735
v  -1281.0283 1030.6766 535.2070
v  -1063.6613 1030.6766 535.2070
v  -826.6807 1030.6766 535.2070
v  -584.5250 1030.6766 535.2070
v  -452.4445 1030.6766 535.2070
v  -522.6244 1030.6766 535.2070
v  -534.7437 1030.6766 535.2070
v  -687.6403 1030.6766 535.2070
v  -769.4991 1030.6766 535.2070
v  -760.4122 1030.6766 535.2070
v  -926.3793 1030.6766 535.2070
v  -993.5291 1030.6766 535.2070
v  -1005.2175 1030.6766 535.2070
v  -1144.2528 1030.6766 535.2070
v  -1201.8488 1030.6766 535.2070
v  -1213.9479 1030.6766 535.2070
v  -452.4445 1068.6310 526.1735
v  -522.6244 1068.6310 526.1735
v  -522.6244 1030.6766 526.1735
v  -452.4445 1030.6766 526.1735
v  -534.7437 1068.6310 526.1735
v  -584.5250 1068.6310 526.1735
v  -584.5250 1030.6766 526.1735
v  -534.7437 1030.6766 526.1735
v  -769.4991 1068.6310 526.1735
v  -826.6807 1068.6310 526.1735
v  -826.6807 1030.6766 526.1735
v  -769.4991 1030.6766 526.1735
v  -687.6403 1068.6310 526.1735
v  -760.4122 1068.6310 526.1735
v  -760.4122 1030.6766 526.1735
v  -687.6403 1030.6766 526.1735
v  -926.3793 1068.6310 526.1735
v  -993.5291 1068.6310 526.1735
v  -993.5291 1030.6766 526.1735
v  -926.3793 1030.6766 526.1735
v  -1005.2175 1068.6310 526.1735
v  -1063.6613 1068.6310 526.1735
v  -1063.6613 1030.6766 526.1735
v  -1005.2175 1030.6766 526.1735
v  -1144.2528 1068.6310 526.1735
v  -1201.8486 1068.6310 526.1735
v  -1201.8488 1030.6766 526.1735
v  -1144.2528 1030.6766 526.1735
v  -1213.9479 1068.6310 526.1735
v  -1281.0283 1068.6310 526.1735
v  -1281.0283 1030.6766 526.1735
v  -1213.9479 1030.6766 526.1735
v  -1295.6090 540.8184 565.2070
v  -1277.7332 540.8184 565.2070
v  -1277.7332 698.6981 565.2070
v  -1295.6090 698.6981 565.2070
v  -1078.4885 540.8184 565.2070
v  -1061.9767 540.8184 565.2070
v  -1061.9767 698.6981 565.2070
v  -1078.4885 698.6981 565.2070
v  -839.8231 540.8184 565.2070
v  -824.6683 540.8184 565.2070
v  -824.6683 698.6981 565.2070
v  -839.8231 698.6981 565.2070
v  -602.0524 540.8184 565.2070
v  -586.9260 540.8184 565.2070
v  -586.9260 698.6981 565.2070
v  -602.0524 698.6981 565.2070
v  -1295.6090 525.8601 565.2070
v  -1277.7332 525.8601 565.2070
v  -1078.4885 525.8601 565.2070
v  -1061.9767 525.8601 565.2070
v  -839.8231 525.8601 565.2070
v  -824.6683 525.8601 565.2070
v  -602.0524 525.8601 565.2070
v  -586.9260 525.8601 565.2070
v  -1295.6090 719.2526 565.2070
v  -1277.7332 719.2526 565.2070
v  -1273.1575 540.8184 555.2070
v  -1273.1575 549.5198 555.2070
v  -1277.7334 549.5198 555.2070
v  -1277.7332 540.8184 555.2070
v  -1149.6583 525.8601 565.2070
v  -1149.6583 540.8184 565.2070
v  -1135.0270 540.8184 565.2070
v  -1135.0270 525.8601 565.2070
v  -1078.4885 719.2526 565.2070
v  -1061.9767 719.2526 565.2070
v  -1056.4088 540.8184 555.2070
v  -1056.4088 549.5198 555.2070
v  -1061.9767 549.5198 555.2070
v  -1061.9767 540.8184 555.2070
v  -916.2551 525.8601 565.2070
v  -916.2551 540.8184 565.2070
v  -900.7993 540.8184 565.2070
v  -900.7993 525.8601 565.2070
v  -839.8231 719.2526 565.2070
v  -824.6683 719.2526 565.2070
v  -821.0062 540.8184 555.2070
v  -821.0062 549.5198 555.2070
v  -824.6683 549.5198 555.2070
v  -824.6683 540.8184 555.2070
v  -676.3447 525.8601 565.2070
v  -676.3447 540.8184 565.2070
v  -661.8051 540.8184 565.2070
v  -661.8051 525.8601 565.2070
v  -602.0524 719.2526 565.2070
v  -586.9260 719.2526 565.2070
v  -581.9167 540.8184 555.2070
v  -581.9167 549.5198 555.2070
v  -586.9260 549.5198 555.2070
v  -586.9260 540.8184 555.2070
v  -437.3008 525.8601 565.2070
v  -437.3008 540.8184 565.2070
v  -423.0794 540.8184 565.2070
v  -423.0794 525.8601 565.2070
v  -1277.7332 525.8601 555.2070
v  -1149.6583 525.8601 555.2070
v  -1149.6583 719.2526 555.2070
v  -1277.7332 719.2526 555.2070
v  -1154.8109 698.6981 555.2070
v  -1149.6583 698.6981 555.2070
v  -1217.0599 698.6981 555.2070
v  -1224.2704 698.6981 555.2070
v  -1273.1576 698.6981 555.2070
v  -1277.7332 698.6981 555.2070
v  -1149.6583 549.5198 555.2070
v  -1149.6583 540.8184 555.2070
v  -1149.6583 635.9655 555.2070
v  -1149.6583 644.9456 555.2070
v  -1149.6583 695.2314 555.2070
v  -1224.2704 540.8184 555.2070
v  -1217.0599 540.8184 555.2070
v  -1154.8109 540.8184 555.2070
v  -1277.7332 695.2314 555.2070
v  -1277.7332 644.9456 555.2070
v  -1277.7332 635.9655 555.2070
v  -1061.9767 525.8601 555.2070
v  -916.2551 525.8601 555.2070
v  -916.2551 719.2526 555.2070
v  -1061.9767 719.2526 555.2070
v  -921.7717 698.6981 555.2070
v  -916.2551 698.6981 555.2070
v  -1002.2059 698.6981 555.2070
v  -1009.9730 698.6981 555.2070
v  -1056.4088 698.6981 555.2070
v  -1061.9767 698.6981 555.2070
v  -916.2551 549.5198 555.2070
v  -916.2551 540.8184 555.2070
v  -916.2551 635.9655 555.2070
v  -916.2551 644.9456 555.2070
v  -916.2551 695.2314 555.2070
v  -1009.9730 540.8184 555.2070
v  -1002.2059 540.8184 555.2070
v  -921.7717 540.8184 555.2070
v  -1061.9767 695.2314 555.2070
v  -1061.9767 644.9456 555.2070
v  -1061.9767 635.9655 555.2070
v  -824.6683 525.8601 555.2070
v  -676.3447 525.8601 555.2070
v  -676.3447 719.2526 555.2070
v  -824.6683 719.2526 555.2070
v  -683.9235 698.6981 555.2070
v  -676.3447 698.6981 555.2070
v  -770.7614 698.6981 555.2070
v  -777.1937 698.6981 555.2070
v  -821.0059 698.6981 555.2070
v  -824.6683 698.6981 555.2070
v  -676.3447 549.5198 555.2070
v  -676.3447 540.8184 555.2070
v  -676.3447 635.9655 555.2070
v  -676.3447 644.9456 555.2070
v  -676.3447 695.2314 555.2070
v  -777.1937 540.8184 555.2070
v  -770.7614 540.8184 555.2070
v  -683.9235 540.8184 555.2070
v  -824.6683 695.2314 555.2070
v  -824.6683 644.9456 555.2070
v  -824.6683 635.9655 555.2070
v  -586.9260 525.8601 555.2070
v  -437.3008 525.8601 555.2070
v  -423.0794 525.8601 555.2070
v  -423.0794 540.8184 555.2070
v  -423.0794 698.6981 555.2070
v  -423.0794 719.2526 555.2070
v  -437.3008 719.2526 555.2070
v  -586.9260 719.2526 555.2070
v  -445.5554 698.6981 555.2070
v  -437.3008 698.6981 555.2070
v  -534.5891 698.6981 555.2070
v  -543.6458 698.6981 555.2070
v  -581.9167 698.6981 555.2070
v  -586.9260 698.6981 555.2070
v  -437.3008 549.5198 555.2070
v  -437.3008 540.8184 555.2070
v  -437.3008 635.9655 555.2070
v  -437.3008 644.9456 555.2070
v  -437.3008 695.2314 555.2070
v  -543.6458 540.8184 555.2070
v  -534.5891 540.8184 555.2070
v  -445.5554 540.8184 555.2070
v  -586.9260 695.2314 555.2070
v  -586.9260 644.9456 555.2070
v  -586.9260 635.9655 555.2070
v  -445.5554 549.5198 555.2070
v  -534.5891 549.5198 555.2070
v  -543.6458 549.5198 555.2070
v  -683.9235 549.5198 555.2070
v  -770.7612 549.5198 555.2070
v  -777.1937 549.5198 555.2070
v  -921.7717 549.5198 555.2070
v  -1002.2059 549.5198 555.2070
v  -1009.9730 549.5198 555.2070
v  -1154.8109 549.5198 555.2070
v  -1217.0599 549.5198 555.2070
v  -1224.2704 549.5198 555.2070
v  -1273.1575 644.9456 555.2070
v  -1273.1575 635.9655 555.2070
v  -1056.4088 644.9456 555.2070
v  -1056.4088 635.9655 555.2070
v  -821.0062 644.9456 555.2070
v  -821.0062 635.9655 555.2070
v  -581.9167 644.9456 555.2070
v  -581.9167 635.9655 555.2070
v  -445.5552 644.9456 555.2070
v  -445.5554 635.9655 555.2070
v  -534.5891 644.9456 555.2070
v  -534.5891 635.9655 555.2070
v  -543.6458 644.9456 555.2070
v  -543.6458 635.9655 555.2070
v  -683.9235 644.9456 555.2070
v  -683.9235 635.9655 555.2070
v  -770.7614 644.9456 555.2070
v  -770.7614 635.9655 555.2070
v  -777.1937 644.9456 555.2070
v  -777.1937 635.9655 555.2070
v  -921.7717 644.9456 555.2070
v  -921.7717 635.9655 555.2070
v  -1002.2059 644.9456 555.2070
v  -1002.2059 635.9655 555.2070
v  -1009.9730 644.9456 555.2070
v  -1009.9730 635.9655 555.2070
v  -1154.8109 644.9456 555.2070
v  -1154.8109 635.9655 555.2070
v  -1217.0599 644.9456 555.2070
v  -1217.0599 635.9655 555.2070
v  -1224.2704 644.9456 555.2070
v  -1224.2704 635.9655 555.2070
v  -1273.1576 695.2314 555.2070
v  -1056.4088 695.2314 555.2070
v  -821.0059 695.2314 555.2070
v  -581.9169 695.2314 555.2070
v  -445.5554 695.2314 555.2070
v  -445.5554 695.2314 546.1736
v  -534.5891 695.2314 546.1736
v  -534.5891 644.9456 546.1736
v  -445.5552 644.9456 546.1736
v  -534.5891 695.2314 555.2070
v  -543.6458 695.2314 555.2070
v  -543.6458 695.2314 546.1736
v  -581.9169 695.2314 546.1736
v  -581.9167 644.9456 546.1736
v  -543.6458 644.9456 546.1736
v  -683.9235 695.2314 555.2070
v  -683.9235 695.2314 546.1736
v  -770.7614 695.2314 546.1736
v  -770.7614 644.9456 546.1736
v  -683.9235 644.9456 546.1736
v  -770.7614 695.2314 555.2070
v  -777.1937 695.2314 555.2070
v  -777.1937 695.2314 546.1736
v  -821.0059 695.2314 546.1736
v  -821.0062 644.9456 546.1736
v  -777.1937 644.9456 546.1736
v  -921.7717 695.2314 555.2070
v  -921.7717 695.2314 546.1736
v  -1002.2059 695.2314 546.1736
v  -1002.2059 644.9456 546.1736
v  -921.7717 644.9456 546.1736
v  -1002.2059 695.2314 555.2070
v  -1009.9730 695.2314 555.2070
v  -1009.9730 695.2314 546.1736
v  -1056.4088 695.2314 546.1736
v  -1056.4088 644.9456 546.1736
v  -1009.9730 644.9456 546.1736
v  -1154.8109 695.2314 555.2070
v  -1154.8109 695.2314 546.1736
v  -1217.0599 695.2314 546.1736
v  -1217.0599 644.9456 546.1736
v  -1154.8109 644.9456 546.1736
v  -1217.0599 695.2314 555.2070
v  -1224.2704 695.2314 555.2070
v  -1224.2704 695.2314 546.1736
v  -1273.1576 695.2314 546.1736
v  -1273.1575 644.9456 546.1736
v  -1224.2704 644.9456 546.1736
v  -445.5554 635.9654 546.1736
v  -534.5891 635.9654 546.1736
v  -534.5891 549.5198 546.1736
v  -445.5554 549.5198 546.1736
v  -543.6458 635.9654 546.1736
v  -581.9167 635.9654 546.1736
v  -581.9167 549.5198 546.1736
v  -543.6458 549.5198 546.1736
v  -683.9235 635.9654 546.1736
v  -770.7614 635.9654 546.1736
v  -770.7612 549.5198 546.1736
v  -683.9235 549.5198 546.1736
v  -777.1937 635.9654 546.1736
v  -821.0062 635.9654 546.1736
v  -821.0062 549.5198 546.1736
v  -777.1937 549.5198 546.1736
v  -921.7717 635.9654 546.1736
v  -1002.2059 635.9654 546.1736
v  -1002.2059 549.5198 546.1736
v  -921.7717 549.5198 546.1736
v  -1009.9730 635.9654 546.1736
v  -1056.4088 635.9654 546.1736
v  -1056.4088 549.5198 546.1736
v  -1009.9730 549.5198 546.1736
v  -1154.8109 635.9654 546.1736
v  -1217.0599 635.9654 546.1736
v  -1217.0599 549.5198 546.1736
v  -1154.8109 549.5198 546.1736
v  -1224.2704 635.9654 546.1736
v  -1273.1575 635.9654 546.1736
v  -1273.1575 549.5198 546.1736
v  -1224.2704 549.5198 546.1736
v  -407.9947 525.8601 555.2070
v  -1345.3975 1199.5735 555.2070
v  -1345.4006 1113.9202 555.2070
v  -407.9920 1086.7045 555.2070
v  -407.9927 913.6119 555.2070
v  -407.9937 719.2526 555.2070
v  271.6594 950.5886 675.2069
v  271.6594 970.6324 675.2070
v  271.6594 974.7866 675.2069
v  246.4568 974.7867 675.2069
v  234.8138 974.7867 675.2069
v  204.0629 974.7868 675.2069
v  191.4388 974.7870 675.2069
v  160.7001 974.7871 675.2069
v  146.0896 974.7871 675.2069
v  114.8880 974.7872 675.2069
v  101.8136 974.7874 675.2069
v  74.7274 974.7874 675.2069
v  60.1033 974.7874 675.2069
v  30.4896 974.7877 675.2069
v  15.9560 974.7877 675.2069
v  -13.6596 974.7878 675.2069
v  -28.2747 974.7879 675.2069
v  -57.4687 974.7880 675.2069
v  -73.0640 974.7881 675.2069
v  -99.7164 974.7882 675.2069
v  -113.7777 974.7883 675.2069
v  -144.4302 974.7885 675.2069
v  -159.4711 974.7885 675.2069
v  -189.5936 974.7888 675.2069
v  -202.5956 974.7888 675.2069
v  -232.6927 974.7889 675.2069
v  -247.1785 974.7889 675.2069
v  -268.0977 950.5886 675.2069
v  -268.0977 970.6324 675.2069
v  -268.0977 974.7891 675.2069
v  -268.0977 990.5298 675.2069
v  -268.0977 974.7891 555.2069
v  -268.0977 1090.6027 555.2069
v  271.6594 990.5298 675.2069
v  271.6594 1090.6002 555.2069
v  271.6594 974.7866 555.2069
v  234.8143 1090.6003 661.5624
v  234.8138 974.7867 661.5624
v  204.0633 1090.6005 661.5624
v  204.0629 974.7868 661.5624
v  191.4393 1090.6006 661.5624
v  191.4388 974.7870 661.5624
v  160.7006 1090.6007 661.5624
v  160.7001 974.7871 661.5624
v  146.0901 1090.6007 661.5624
v  146.0896 974.7871 661.5624
v  114.8885 1090.6010 661.5624
v  114.8880 974.7872 661.5624
v  101.8141 1090.6010 661.5624
v  101.8136 974.7874 661.5624
v  60.1039 1090.6012 661.5624
v  60.1033 974.7874 661.5624
v  74.7280 1090.6011 661.5624
v  74.7274 974.7874 661.5624
v  30.4901 1090.6013 661.5624
v  30.4896 974.7877 661.5624
v  15.9565 1090.6013 661.5624
v  15.9560 974.7877 661.5624
v  -13.6591 1090.6014 661.5624
v  -13.6596 974.7878 661.5624
v  -28.2742 1090.6016 661.5624
v  -28.2747 974.7879 661.5624
v  -57.4682 1090.6017 661.5624
v  -57.4687 974.7880 661.5624
v  -73.0634 1090.6017 661.5624
v  -73.0640 974.7881 661.5624
v  -99.7159 1090.6019 661.5624
v  -99.7164 974.7882 661.5624
v  -113.7771 1090.6019 661.5624
v  -113.7777 974.7883 661.5624
v  -144.4297 1090.6022 661.5624
v  -144.4302 974.7885 661.5624
v  -159.4706 1090.6022 661.5624
v  -159.4711 974.7885 661.5624
v  -189.5931 1090.6024 661.5624
v  -189.5936 974.7888 661.5624
v  -202.5952 1090.6024 661.5624
v  -202.5956 974.7888 661.5624
v  -232.6922 1090.6025 661.5624
v  -232.6927 974.7889 661.5624
v  271.6594 1113.9202 661.5624
v  -268.0977 1113.9202 661.5624
v  -268.0977 1090.6027 661.5624
v  -247.1778 1090.6027 661.5624
v  246.4574 1090.6003 661.5624
v  271.6594 1090.6002 661.5624
v  407.9883 1113.9202 675.2070
v  236.5210 523.4141 555.2070
v  -231.1169 523.4163 555.2070
v  -268.0977 523.4163 555.2070
v  236.5226 902.7430 555.2069
v  236.5211 538.0914 563.2070
v  227.9589 538.0916 563.2070
v  227.9589 523.4142 563.2070
v  236.5210 523.4141 563.2070
v  -231.1151 902.7452 563.2069
v  -63.5735 902.7445 563.2069
v  -27.3800 902.7443 563.2069
v  33.8603 902.7440 563.2069
v  68.6803 902.7439 563.2069
v  236.5226 902.7430 563.2069
v  -231.1169 523.4163 563.2070
v  -231.1167 538.0935 563.2070
v  -231.1160 705.1960 563.2070
v  -231.1160 711.4742 563.2070
v  74.2418 523.4148 563.2070
v  68.6786 523.4149 563.2070
v  33.8586 523.4150 563.2070
v  -27.3817 523.4153 563.2070
v  -63.5752 523.4154 563.2070
v  -71.2596 523.4155 563.2070
v  -222.6379 523.4163 563.2070
v  236.5218 711.4723 563.2070
v  236.5218 705.1940 563.2070
v  169.9436 743.9056 554.3702
v  200.1772 780.1859 554.3702
v  201.9556 828.2039 554.3701
v  171.7220 862.7058 554.3701
v  123.7039 862.3101 554.3701
v  95.2487 826.0699 554.3701
v  95.9602 781.2531 554.3702
v  126.1938 744.2614 554.3702
v  33.8595 707.1438 559.6937
v  38.1887 681.5924 559.6937
v  64.3499 677.2631 559.6937
v  64.3500 705.1948 559.6937
v  64.3500 707.1436 559.6937
v  33.8603 898.4146 563.5377
v  38.1895 865.8984 563.5377
v  64.3507 861.5688 563.5377
v  64.3509 898.4146 563.5377
v  -71.2588 711.4736 563.2070
v  -71.2588 705.1954 563.2070
v  -63.5744 705.1953 563.2070
v  -63.5744 711.4735 563.2070
v  -117.4531 860.2168 552.3134
v  -166.8940 860.2072 552.3134
v  -193.9263 829.2719 552.3134
v  -91.1321 829.9832 552.3134
v  -194.2820 776.6298 552.3135
v  -166.1826 743.9063 552.3135
v  -121.3657 743.1949 552.3135
v  -92.5549 776.2740 552.3135
v  -222.6371 711.4742 563.2070
v  -222.6371 705.1960 563.2070
v  68.6794 711.4730 563.2070
v  68.6794 705.1948 563.2070
v  74.2426 705.1947 563.2070
v  74.2426 711.4729 563.2070
v  227.9597 705.1941 563.2070
v  227.9597 711.4723 563.2070
v  -71.2595 538.0928 563.2070
v  -63.5751 538.0927 563.2070
v  -63.5749 581.7024 563.2070
v  -63.5745 677.2635 563.2070
v  -222.6378 538.0934 543.2070
v  -71.2595 538.0928 543.2070
v  -71.2588 705.1954 543.2070
v  -222.6371 705.1960 543.2070
v  -222.6378 538.0935 563.2070
v  68.6786 538.0922 563.2070
v  74.2419 538.0922 563.2070
v  68.6788 581.7017 563.2070
v  68.6793 677.2631 563.2070
v  74.2419 538.0921 543.2070
v  227.9589 538.0915 543.2070
v  227.9597 705.1941 543.2070
v  74.2426 705.1947 543.2070
v  232.9767 899.1971 566.9041
v  205.5513 829.4810 566.9040
v  203.6758 778.8455 566.9041
v  232.9759 715.0182 566.9041
v  171.5932 740.3461 566.9041
v  124.5011 740.7290 566.9041
v  227.9597 715.0183 566.9041
v  74.2426 715.0189 566.9041
v  92.4342 779.9637 566.9041
v  72.2254 715.0189 566.9041
v  91.6833 827.2708 566.9040
v  72.2263 899.1978 566.9041
v  121.9686 865.8418 566.9040
v  173.3179 866.2651 566.9040
v  123.7039 862.3101 563.2069
v  95.2487 826.0699 563.2069
v  95.9602 781.2531 563.2070
v  126.1938 744.2614 563.2070
v  169.9436 743.9056 563.2070
v  200.1772 780.1859 563.2070
v  201.9556 828.2039 563.2069
v  171.7220 862.7058 563.2069
v  72.2263 899.1978 563.2069
v  232.9767 899.1971 563.2069
v  68.6796 745.6215 563.2070
v  72.2254 715.0189 563.2070
v  68.6801 861.5688 563.2069
v  74.2426 715.0189 563.2070
v  227.9597 715.0183 563.2070
v  232.9759 715.0182 563.2070
v  121.9686 865.8418 563.2069
v  91.6833 827.2708 563.2069
v  173.3179 866.2651 563.2069
v  205.5513 829.4810 563.2069
v  203.6758 778.8455 563.2070
v  171.5932 740.3461 563.2070
v  124.5011 740.7290 563.2070
v  92.4342 779.9637 563.2070
v  -65.7486 900.5695 567.0993
v  -88.9354 830.7725 567.0993
v  -90.4013 775.4351 567.0994
v  -65.7494 713.6486 567.0994
v  -120.3895 741.0042 567.0994
v  -71.2587 713.6486 567.0994
v  -167.1954 741.7469 567.0994
v  -222.6371 713.6493 567.0994
v  -196.4626 775.8304 567.0994
v  -196.0959 830.0946 567.0992
v  -228.9409 713.6494 567.0994
v  -228.9400 900.5702 567.0993
v  -167.8820 862.3820 567.0992
v  -116.4630 862.3921 567.0993
v  -166.8940 860.2072 563.2069
v  -193.9263 829.2719 563.2069
v  -194.2820 776.6298 563.2070
v  -166.1826 743.9063 563.2070
v  -121.3657 743.1949 563.2070
v  -92.5549 776.2740 563.2070
v  -91.1321 829.9832 563.2069
v  -117.4531 860.2168 563.2069
v  -228.9409 713.6494 563.2070
v  -228.9400 900.5702 563.2069
v  -222.6371 713.6493 563.2070
v  -71.2587 713.6486 563.2070
v  -65.7494 713.6486 563.2070
v  -63.5737 861.5695 563.2069
v  -65.7486 900.5695 563.2069
v  -63.5742 745.6219 563.2070
v  -167.8820 862.3820 563.2069
v  -196.0959 830.0946 563.2069
v  -116.4630 862.3921 563.2069
v  -88.9354 830.7725 563.2069
v  -90.4013 775.4351 563.2070
v  -120.3895 741.0042 563.2070
v  -167.1954 741.7469 563.2070
v  -196.4626 775.8304 563.2070
v  -59.2457 542.4221 559.6937
v  -27.3816 542.4220 559.6937
v  -31.7108 577.3728 559.6937
v  -59.2456 581.7024 559.6937
v  -31.7103 681.5928 559.6937
v  -59.2451 677.2635 559.6937
v  -59.2450 715.8029 563.5378
v  -27.3808 715.8029 563.5378
v  -31.7101 741.2924 563.5378
v  -59.2448 745.6219 563.5378
v  -31.7095 865.8988 563.5377
v  -59.2443 861.5695 563.5377
v  -27.3808 707.1440 559.6937
v  -59.2450 707.1440 559.6937
v  -59.2450 705.1953 559.6937
v  -59.2441 898.4150 563.5377
v  -27.3800 898.4149 563.5377
v  33.8587 538.0923 563.2070
v  -27.3816 538.0927 563.2070
v  33.8589 581.7019 563.2070
v  33.8593 677.2631 563.2070
v  -27.3810 677.2634 563.2070
v  -27.3814 581.7021 563.2070
v  33.8595 715.8025 563.5378
v  38.1890 741.2921 563.5378
v  33.8596 745.6215 563.2070
v  33.8601 861.5691 563.2069
v  -27.3801 861.5695 563.2069
v  -27.3807 745.6218 563.2070
v  64.3495 581.7018 559.6937
v  38.1883 577.3726 559.6937
v  64.3501 715.8022 563.5378
v  64.3502 745.6215 563.5378
v  -27.3808 711.4734 563.2070
v  33.8595 711.4731 563.2070
v  33.8587 542.4218 559.6937
v  64.3493 542.4215 559.6937
v  271.6594 462.8117 690.6539
v  -268.0977 462.8117 690.6539
v  -268.0977 447.5575 690.6539
v  271.6595 447.5551 690.6539
v  -260.6194 63.2177 682.6850
v  -292.7954 63.2177 685.7827
v  -292.7954 53.1844 685.7827
v  -260.6194 53.1844 682.6850
v  415.4666 63.2177 682.6850
v  391.7515 63.2177 685.7827
v  391.7515 53.1844 685.7827
v  415.4666 53.1844 682.6850
v  418.5641 63.2177 555.2069
v  418.5641 53.1844 555.2069
v  -268.0975 53.1844 675.2069
v  264.1814 63.2177 682.6851
v  261.0837 63.2176 555.2069
v  261.0837 53.1844 555.2069
v  264.1814 53.1844 682.6850
v  -418.5715 53.1844 555.2069
v  -415.4741 53.1844 682.6850
v  -415.4741 63.2177 682.6851
v  -418.5715 63.2177 555.2069
v  -257.5219 53.1844 555.2069
v  -257.5219 63.2177 555.2069
v  -257.6312 77.5084 685.4664
v  -292.5996 77.5084 689.8604
v  -292.5996 63.2177 689.8604
v  -257.6312 63.2177 685.4664
v  418.5013 77.5085 685.4157
v  392.0164 77.5085 689.8564
v  392.0164 63.2177 689.8564
v  418.5020 63.2177 685.4149
v  422.6451 77.5085 555.3062
v  422.6453 63.2177 555.3062
v  261.1785 77.5084 685.4507
v  257.0026 77.5084 555.3062
v  257.0026 63.2176 555.3062
v  261.1779 63.2177 685.4501
v  -422.6527 73.8636 555.3062
v  -422.6527 63.2177 555.3062
v  -418.5016 63.2177 685.4238
v  -422.6527 77.5084 555.3062
v  -418.5018 77.5085 685.4234
v  -253.4408 63.2177 555.3062
v  -253.4408 77.5084 555.3062
v  -254.6140 93.9179 688.2164
v  -292.3447 93.9179 693.9348
v  -292.3447 77.5084 693.9348
v  -254.6140 77.5084 688.2164
v  421.5757 93.9179 688.1016
v  392.3550 93.9179 693.9247
v  392.3550 77.5085 693.9247
v  421.5750 77.5085 688.1022
v  426.7256 93.9179 555.4360
v  426.7256 77.5085 555.4360
v  258.1429 93.9179 688.1804
v  252.9222 93.9179 555.4370
v  252.9222 77.5084 555.4370
v  258.1429 77.5084 688.1804
v  -426.7330 89.8694 555.4363
v  -426.7330 77.5084 555.4362
v  -421.5674 77.5085 688.1194
v  -426.7330 93.9179 555.4363
v  -421.5667 93.9179 688.1203
v  -249.3604 77.5084 555.4374
v  -249.3604 93.9179 555.4374
v  -292.7954 462.8117 675.2070
v  -292.7954 93.9179 675.2069
v  391.7515 93.9179 675.2069
v  407.9885 93.9179 675.2069
v  407.9883 93.9179 574.1317
v  407.9883 93.9179 555.2069
v  271.6595 93.9179 675.2069
v  407.9883 950.5886 675.2069
v  391.7516 950.5886 675.2069
v  -407.9959 462.8117 675.2070
v  -390.7397 462.8117 675.2070
v  -390.7397 922.4135 675.2069
v  -407.9959 922.4135 675.2069
v  407.9883 950.5885 574.1316
v  -407.9959 922.4136 574.1316
v  -407.9959 922.4136 555.2069
v  -390.7397 950.5886 675.2069
v  -407.9959 950.5886 675.2069
v  -407.9959 950.5885 574.1316
v  -407.9959 950.5885 555.2069
v  410.8169 970.6324 678.0354
v  391.7516 970.6324 679.2069
v  391.7516 950.5886 679.2069
v  410.8169 950.5886 678.0354
v  411.9883 970.6324 555.2069
v  411.9883 970.6324 574.1316
v  411.9883 950.5885 574.1316
v  411.9883 950.5885 555.2069
v  -410.8243 950.5886 678.0354
v  -390.7397 950.5886 679.2069
v  -390.7397 970.6324 679.2069
v  -410.8243 970.6324 678.0354
v  -411.9959 950.5885 555.2069
v  -411.9959 950.5885 574.1316
v  -411.9959 970.6324 574.1316
v  -411.9959 970.6324 555.2069
v  413.6012 990.5297 680.9072
v  391.8743 990.5297 683.2050
v  391.8743 970.6324 683.2051
v  413.6012 970.6324 680.9073
v  415.9883 990.5298 555.2069
v  415.9883 990.5298 574.1316
v  415.9883 970.6324 574.1316
v  415.9883 970.6324 555.2069
v  -407.9959 990.5298 675.2069
v  -390.7397 990.5298 675.2069
v  -407.9959 990.5298 555.2069
v  -407.9959 990.5298 574.1316
v  391.7516 1113.9202 675.2070
v  391.7516 1093.3235 675.2070
v  407.9883 1093.3235 675.2070
v  407.9883 1093.3235 665.3845
v  407.9885 1093.3236 574.1317
v  391.7516 990.5297 675.2069
v  407.9883 990.5297 675.2069
v  407.9883 990.5298 574.1316
v  -413.6042 970.6324 680.9116
v  -390.8561 970.6324 683.2052
v  -390.8561 990.5298 683.2052
v  -413.6042 990.5298 680.9116
v  -415.9959 970.6324 555.2069
v  -415.9959 970.6324 574.1316
v  -415.9959 990.5298 574.1316
v  -415.9959 990.5298 555.2069
v  -292.7954 53.1844 675.2069
v  -292.7953 1093.3235 675.2070
v  -292.7953 1113.9202 675.2070
v  -390.7397 53.1844 685.7827
v  -390.7397 63.2177 685.7827
v  -390.9938 63.2177 689.8571
v  -390.9938 77.5085 689.8571
v  -391.3197 77.5085 693.9265
v  -391.3197 93.9179 693.9265
v  -407.9959 93.9179 675.2069
v  -390.7397 93.9179 675.2069
v  -292.7954 462.8117 665.2070
v  -292.7954 922.4135 665.2070
v  -390.7397 922.4135 665.2069
v  -390.7397 462.8117 665.2070
v  -292.7954 922.4135 675.2070
v  -292.7953 950.5886 675.2069
v  -292.7953 950.5886 679.2069
v  -292.7953 970.6324 679.2069
v  -292.7953 990.5298 665.2069
v  -292.7953 1093.3235 665.2070
v  -390.7397 1093.3235 665.2070
v  -390.7397 990.5298 665.2069
v  -292.7953 970.6324 683.2069
v  -292.7953 990.5298 683.2069
v  -390.7397 93.9179 665.2069
v  -292.7954 93.9179 665.2069
v  -268.0977 950.5886 679.2069
v  -268.0977 970.6324 679.2069
v  -292.7953 990.5298 675.2069
v  -268.0977 970.6324 683.2069
v  -268.0977 974.7891 683.2069
v  -268.0977 990.5298 683.2069
v  293.1132 462.8117 675.2070
v  293.1132 922.4136 675.2070
v  391.7515 53.1844 675.2069
v  293.1131 53.1844 685.7827
v  293.1131 63.2177 685.7827
v  292.8956 63.2177 689.8593
v  292.8956 77.5084 689.8593
v  292.6139 77.5084 693.9318
v  292.6139 93.9179 693.9318
v  293.1132 93.9179 675.2069
v  293.1132 950.5886 675.2069
v  271.6594 970.6324 679.2070
v  271.6594 950.5886 679.2069
v  293.1132 950.5886 679.2069
v  293.1132 970.6324 679.2070
v  293.1132 990.5298 678.4070
v  271.6594 990.5298 678.4070
v  271.6594 974.7866 678.4070
v  271.6594 970.6324 678.4070
v  293.1132 970.6324 678.4070
v  293.1132 1093.3235 675.2070
v  293.1132 1113.9202 675.2070
v  293.1132 990.5297 675.2069
v  293.1132 922.4136 665.2070
v  293.1132 462.8117 665.2070
v  391.7515 462.8117 665.2070
v  391.7515 922.4135 665.2069
v  293.1132 93.9179 665.2069
v  391.7515 93.9179 665.2069
v  293.1132 990.5297 683.2069
v  293.1132 970.6324 683.2069
v  293.1132 1093.3235 665.2070
v  293.1132 990.5298 665.2069
v  391.7516 990.5298 665.2069
v  391.7516 1093.3235 665.2070
v  -418.5715 73.8636 555.2069
v  -257.5219 77.5084 555.2069
v  -257.5219 93.9179 555.2069
v  -260.6194 93.9179 682.6850
v  -292.7954 93.9179 685.7827
v  -390.7397 93.9179 685.7827
v  -415.4741 93.9179 682.6851
v  -418.5715 93.9179 555.2069
v  -407.9959 93.9179 665.3845
v  -418.5715 89.8694 555.2069
v  -418.5715 77.5084 555.2069
v  407.9883 63.2177 555.2069
v  407.9883 77.5085 555.2069
v  418.5641 77.5085 555.2069
v  418.5641 93.9179 555.2069
v  407.9885 93.9179 665.3845
v  415.4666 93.9179 682.6850
v  391.7515 93.9179 685.7827
v  293.1132 93.9179 685.7827
v  264.1814 93.9179 682.6851
v  261.0837 93.9179 555.2069
v  261.0837 77.5084 555.2069
v  -253.4408 93.9179 555.3062
v  -257.6312 93.9179 685.4664
v  -292.5996 93.9179 689.8604
v  -390.9938 93.9179 689.8571
v  -418.5016 93.9179 685.4238
v  -422.6527 93.9179 555.3062
v  -422.6527 89.8694 555.3062
v  422.6453 93.9179 555.3062
v  418.5016 93.9179 685.4155
v  392.0164 93.9179 689.8564
v  292.8956 93.9179 689.8593
v  261.1785 93.9179 685.4507
v  257.0026 93.9179 555.3062
v  397.9883 922.4135 665.3844
v  397.9883 462.8117 665.3845
v  397.9885 462.8117 574.1316
v  397.9883 922.4136 574.1316
v  -397.9959 93.9179 665.3845
v  -397.9959 462.8117 665.3845
v  -397.9959 462.8117 574.1316
v  -397.9959 93.9179 574.1317
v  397.9885 93.9179 665.3845
v  397.9883 93.9179 574.1317
v  407.9883 950.5886 665.3844
v  407.9883 922.4135 665.3844
v  -397.9959 922.4135 665.3844
v  -397.9959 922.4136 574.1316
v  -407.9959 922.4135 665.3844
v  -407.9959 950.5886 665.3844
v  411.9883 970.6324 665.3844
v  411.9883 950.5886 665.3844
v  -411.9959 950.5886 665.3844
v  -411.9959 970.6324 665.3844
v  415.9842 990.5297 665.5691
v  415.9842 970.6324 665.5691
v  -397.9959 990.5298 665.3844
v  -397.9959 1093.3235 665.3845
v  -397.9959 1093.3236 574.1316
v  -397.9959 990.5298 574.1316
v  397.9883 1093.3235 665.3845
v  397.9883 990.5298 665.3844
v  397.9883 990.5298 574.1316
v  397.9885 1093.3236 574.1316
v  -415.9916 970.6324 665.5691
v  -415.9918 990.5298 665.5691
v  407.9883 462.8117 665.3845
v  -407.9959 462.8117 665.3845
v  -407.9959 990.5298 665.3844
v  407.9883 990.5297 665.3844
v  293.1132 970.6324 675.2070
v  411.9883 990.5298 555.2069
v  411.9883 990.5298 574.1316
v  411.9883 990.5297 665.3844
v  410.8169 990.5297 678.0354
v  391.7516 990.5297 679.2069
v  293.1132 990.5297 679.2069
v  -268.0977 990.5298 679.2069
v  -268.0977 974.7891 679.2069
v  -292.7953 990.5298 679.2069
v  -390.7397 990.5298 679.2069
v  -410.8243 990.5298 678.0354
v  -411.9959 990.5298 665.3844
v  -411.9959 990.5298 574.1316
v  -411.9959 990.5298 555.2069
v  -407.9959 970.6324 555.2069
v  -54.1099 -0.4265 525.2070
v  -54.1099 105.5419 525.2069
v  -122.3863 227.3967 525.2069
v  146.8875 227.3967 525.2069
v  146.0805 105.5419 525.2069
v  -54.1099 227.3967 512.2811
v  -122.3863 227.3967 512.2811
v  -121.8033 105.5419 512.2811
v  -54.1099 105.5419 512.2811
v  -54.1099 227.3967 525.2069
v  145.3787 -0.4265 460.2840
v  146.0805 105.5419 460.2840
v  29.2089 105.5419 460.2840
v  29.2089 -0.4265 460.2840
v  53.5836 227.3967 525.2069
v  53.0296 105.5419 525.2069
v  63.7178 105.5419 525.2069
v  63.7178 227.3967 525.2069
v  33.7022 227.3967 525.2069
v  29.2089 227.3967 460.2839
v  146.8875 227.3967 460.2839
v  29.2089 241.9849 460.2839
v  146.9841 241.9849 460.2839
v  145.3787 -0.4265 525.2070
v  63.7178 85.8851 525.2069
v  63.7178 -0.4265 525.2070
v  63.7178 -0.4265 517.8591
v  63.7178 105.5419 517.8590
v  63.7178 227.3967 517.8590
v  63.7178 241.9849 517.8590
v  45.9434 -0.4265 517.8591
v  45.9434 105.5419 517.8590
v  45.9434 227.3967 517.8590
v  45.9434 241.9849 517.8590
v  52.5480 -0.4265 525.2070
v  52.9404 85.8851 525.2069
v  33.7022 105.5419 525.2069
v  33.7022 227.3967 519.5272
v  33.7022 105.5419 519.5272
v  53.0296 105.5419 519.5272
v  53.5836 227.3967 519.5272
v  33.7022 85.8851 519.5272
v  52.9404 85.8851 519.5272
v  8.0784 202.8040 555.2069
v  -24.7811 202.6453 555.2070
v  -25.4161 149.7843 555.2070
v  7.7609 149.7843 555.2069
v  -106.8212 349.3139 563.7263
v  -97.1904 349.3139 563.7263
v  -79.7988 349.3139 563.7263
v  -106.8212 380.2004 563.7263
v  -79.7988 380.2004 563.7263
v  -106.8630 380.2004 555.2070
v  -79.7988 380.2004 555.2070
v  95.6493 380.2004 555.2070
v  122.5200 380.2004 563.7263
v  95.6493 380.2004 563.7263
v  95.6492 349.3139 563.7263
v  113.7050 349.3139 563.7263
v  122.5200 349.3139 563.7263
v  -1345.3997 457.5344 -693.9346
v  -1345.3995 462.8115 -693.9346
v  -407.9959 462.8115 -693.9346
v  -407.9959 457.5345 -693.9346
v  453.8121 913.6116 -622.7780
v  407.5331 913.6117 -622.7780
v  407.9883 922.4135 -622.7780
v  407.9883 950.5884 -622.7780
v  407.9883 970.6322 -622.7780
v  407.9883 990.5297 -622.7778
v  407.5334 1086.7042 -622.7778
v  453.8121 925.2888 -622.7780
v  453.8121 1077.8556 -622.7778
v  453.8121 1086.7041 -622.7778
v  457.7800 525.8599 -622.7779
v  407.5323 525.8599 -622.7779
v  407.5327 719.2523 -622.7779
v  457.7800 540.8181 -622.7779
v  457.7800 698.6979 -622.7779
v  457.7800 719.2523 -622.7779
v  615.2858 1086.7041 -632.7778
v  624.6860 1086.7041 -632.7778
v  624.6860 1077.8556 -632.7778
v  615.2858 1077.8556 -632.7778
v  603.7308 719.2523 -632.7779
v  618.3622 719.2523 -632.7779
v  618.3622 698.6979 -632.7779
v  603.7308 698.6979 -632.7779
v  671.0610 913.6117 -622.7780
v  624.6860 913.6117 -622.7780
v  624.6860 925.2888 -622.7780
v  624.6860 1077.8556 -622.7778
v  624.6860 1086.7041 -622.7778
v  671.0610 925.2888 -622.7780
v  671.0610 1077.8556 -622.7778
v  671.0610 1086.7041 -622.7778
v  674.9006 525.8599 -622.7779
v  618.3622 525.8599 -622.7779
v  618.3622 540.8181 -622.7779
v  618.3622 698.6979 -622.7779
v  618.3622 719.2523 -622.7779
v  674.9006 540.8181 -622.7779
v  674.9006 698.6979 -622.7779
v  674.9006 719.2523 -622.7779
v  837.8298 1086.7041 -632.7778
v  849.3918 1086.7041 -632.7778
v  849.3918 1077.8556 -632.7778
v  837.8298 1077.8556 -632.7778
v  837.1340 719.2523 -632.7779
v  852.5895 719.2523 -632.7779
v  852.5895 698.6979 -632.7779
v  837.1340 698.6979 -632.7779
v  907.9327 913.6117 -622.7780
v  849.3918 913.6117 -622.7780
v  849.3918 925.2888 -622.7780
v  849.3918 1077.8556 -622.7778
v  849.3918 1086.7041 -622.7778
v  907.9327 925.2888 -622.7780
v  907.9327 1077.8556 -622.7778
v  907.9327 1086.7041 -622.7778
v  913.5660 525.8599 -622.7779
v  852.5895 525.8599 -622.7779
v  852.5895 540.8181 -622.7779
v  852.5895 698.6979 -622.7779
v  852.5895 719.2523 -622.7779
v  913.5660 540.8181 -622.7779
v  913.5660 698.6979 -622.7779
v  913.5660 719.2523 -622.7779
v  1079.8248 1086.7041 -632.7778
v  1091.5840 1086.7041 -632.7778
v  1091.5840 1077.8556 -632.7778
v  1079.8248 1077.8556 -632.7778
v  1077.0444 719.2523 -632.7779
v  1091.5840 719.2523 -632.7779
v  1091.5840 698.6979 -632.7779
v  1077.0444 698.6979 -632.7779
v  1147.0099 913.6117 -622.7780
v  1091.5840 913.6117 -622.7780
v  1091.5840 925.2888 -622.7780
v  1091.5840 1077.8556 -622.7778
v  1091.5840 1086.7041 -622.7778
v  1147.0099 925.2888 -622.7780
v  1147.0099 1077.8556 -622.7778
v  1147.0099 1086.7041 -622.7778
v  1151.3365 525.8599 -622.7779
v  1091.5840 525.8599 -622.7779
v  1091.5840 540.8181 -622.7779
v  1091.5840 698.6979 -622.7779
v  1091.5840 719.2523 -622.7779
v  1151.3365 540.8181 -622.7779
v  1151.3365 698.6979 -622.7779
v  1151.3365 719.2523 -622.7779
v  1312.6793 1086.7041 -632.7778
v  1325.2838 1086.7041 -632.7778
v  1325.2838 1077.8556 -632.7778
v  1312.6793 1077.8556 -632.7778
v  1316.0883 719.2523 -632.7779
v  1330.3096 719.2523 -632.7779
v  1330.3096 698.6979 -632.7779
v  1316.0883 698.6979 -632.7779
v  453.8121 925.2888 -632.7780
v  453.8121 1077.8556 -632.7778
v  464.8406 1077.8556 -632.7778
v  464.8406 925.2888 -632.7780
v  671.0610 925.2888 -632.7780
v  671.0610 1077.8556 -632.7778
v  683.7214 1077.8556 -632.7778
v  683.7214 925.2888 -632.7780
v  907.9327 925.2888 -632.7780
v  907.9327 1077.8556 -632.7778
v  919.0289 1077.8556 -632.7778
v  919.0289 925.2888 -632.7780
v  1147.0099 925.2888 -632.7780
v  1147.0099 1077.8556 -632.7778
v  1160.3400 1077.8556 -632.7778
v  1160.3400 925.2888 -632.7780
v  453.8121 913.6116 -632.7780
v  464.8406 913.6116 -632.7780
v  671.0610 913.6117 -632.7780
v  683.7214 913.6117 -632.7780
v  907.9327 913.6117 -632.7780
v  919.0287 913.6117 -632.7780
v  1147.0099 913.6117 -632.7780
v  1160.3400 913.6117 -632.7780
v  453.8121 1086.7041 -632.7778
v  464.8406 1086.7041 -632.7778
v  472.3608 925.2888 -602.7780
v  464.8406 925.2888 -602.7780
v  464.8406 934.3278 -602.7780
v  472.3608 934.3278 -602.7780
v  615.2858 913.6117 -632.7780
v  615.2858 925.2888 -632.7780
v  624.6860 925.2888 -632.7780
v  624.6860 913.6117 -632.7780
v  671.0610 1086.7041 -632.7778
v  683.7214 1086.7041 -632.7778
v  689.7278 925.2888 -602.7780
v  683.7214 925.2888 -602.7780
v  683.7214 934.3278 -602.7780
v  689.7278 934.3278 -602.7780
v  837.8298 913.6117 -632.7780
v  837.8298 925.2888 -632.7780
v  849.3918 925.2888 -632.7780
v  849.3918 913.6117 -632.7780
v  907.9327 1086.7041 -632.7778
v  919.0287 1086.7041 -632.7778
v  926.7084 925.2888 -602.7780
v  919.0289 925.2888 -602.7780
v  919.0289 934.3278 -602.7780
v  926.7084 934.3278 -602.7780
v  1079.8248 913.6117 -632.7780
v  1079.8248 925.2888 -632.7780
v  1091.5840 925.2888 -632.7780
v  1091.5840 913.6117 -632.7780
v  1147.0099 1086.7041 -632.7778
v  1160.3400 1086.7041 -632.7778
v  1168.8640 925.2888 -602.7780
v  1160.3400 925.2888 -602.7780
v  1160.3400 934.3278 -602.7780
v  1168.8640 934.3278 -602.7780
v  1312.6793 913.6117 -632.7780
v  1312.6793 925.2888 -632.7780
v  1325.2838 925.2888 -632.7780
v  1325.2838 913.6117 -632.7780
v  464.8406 913.6116 -622.7780
v  615.2858 913.6117 -622.7780
v  615.2858 1086.7041 -622.7778
v  464.8406 1086.7041 -622.7778
v  464.8406 1077.8556 -622.7778
v  615.2858 1077.8556 -622.7778
v  615.2858 925.2888 -622.7780
v  464.8406 925.2888 -622.7780
v  683.7214 913.6117 -622.7780
v  837.8298 913.6117 -622.7780
v  837.8298 1086.7041 -622.7778
v  683.7214 1086.7041 -622.7778
v  683.7214 1077.8556 -622.7778
v  837.8298 1077.8556 -622.7778
v  837.8298 925.2888 -622.7780
v  683.7214 925.2888 -622.7780
v  919.0287 913.6117 -622.7780
v  1079.8248 913.6117 -622.7780
v  1079.8248 1086.7041 -622.7778
v  919.0287 1086.7041 -622.7778
v  919.0289 1077.8556 -622.7778
v  1079.8248 1077.8556 -622.7778
v  1079.8248 925.2888 -622.7780
v  919.0289 925.2888 -622.7780
v  1160.3400 913.6117 -622.7780
v  1312.6793 913.6117 -622.7780
v  1325.2838 913.6117 -622.7780
v  1325.2838 925.2888 -622.7780
v  1325.2838 1077.8556 -622.7778
v  1325.2838 1086.7041 -622.7778
v  1312.6793 1086.7041 -622.7778
v  1160.3400 1086.7041 -622.7778
v  1160.3400 1077.8556 -622.7778
v  1312.6793 1077.8556 -622.7778
v  1312.6793 925.2888 -622.7780
v  1160.3400 925.2888 -622.7780
v  615.2858 1077.8556 -602.7778
v  609.1362 1077.8556 -602.7778
v  551.5403 1077.8556 -602.7778
v  539.4412 1077.8556 -602.7778
v  472.3608 1077.8556 -602.7778
v  464.8406 1077.8556 -602.7778
v  464.8406 1068.6307 -602.7778
v  464.8406 1030.6763 -602.7778
v  464.8406 1027.0009 -602.7778
v  539.4410 925.2888 -602.7780
v  551.5403 925.2888 -602.7780
v  609.1362 925.2888 -602.7780
v  615.2858 925.2888 -602.7780
v  615.2858 934.3278 -602.7780
v  615.2858 1027.0009 -602.7778
v  615.2858 1030.6763 -602.7778
v  615.2858 1068.6307 -602.7778
v  837.8298 1077.8556 -602.7778
v  827.0098 1077.8556 -602.7778
v  759.8600 1077.8556 -602.7778
v  748.1713 1077.8556 -602.7778
v  689.7278 1077.8556 -602.7778
v  683.7214 1077.8556 -602.7778
v  683.7214 1068.6307 -602.7778
v  683.7214 1030.6763 -602.7778
v  683.7214 1027.0009 -602.7778
v  748.1713 925.2888 -602.7780
v  759.8600 925.2888 -602.7780
v  827.0098 925.2888 -602.7780
v  837.8298 925.2888 -602.7780
v  837.8298 934.3278 -602.7780
v  837.8298 1027.0009 -602.7778
v  837.8298 1030.6763 -602.7778
v  837.8298 1068.6307 -602.7778
v  1079.8248 1077.8556 -602.7778
v  1065.7487 1077.8556 -602.7778
v  992.9769 1077.8556 -602.7778
v  983.8899 1077.8556 -602.7778
v  926.7084 1077.8556 -602.7778
v  919.0289 1077.8556 -602.7778
v  919.0289 1068.6307 -602.7778
v  919.0287 1030.6763 -602.7778
v  919.0287 1027.0009 -602.7778
v  983.8899 925.2888 -602.7780
v  992.9769 925.2888 -602.7780
v  1065.7487 925.2888 -602.7780
v  1079.8248 925.2888 -602.7780
v  1079.8248 934.3278 -602.7780
v  1079.8248 1027.0009 -602.7778
v  1079.8248 1030.6763 -602.7778
v  1079.8248 1068.6307 -602.7778
v  1312.6793 1077.8556 -602.7778
v  1300.9446 1077.8556 -602.7778
v  1230.7646 1077.8556 -602.7778
v  1218.6454 1077.8556 -602.7778
v  1168.8640 1077.8556 -602.7778
v  1160.3400 1077.8556 -602.7778
v  1160.3398 1068.6307 -602.7778
v  1160.3398 1030.6763 -602.7778
v  1160.3398 1027.0009 -602.7778
v  1218.6454 925.2888 -602.7780
v  1230.7646 925.2888 -602.7780
v  1300.9446 925.2888 -602.7780
v  1312.6793 925.2888 -602.7780
v  1312.6792 934.3278 -602.7780
v  1312.6793 1027.0009 -602.7778
v  1312.6793 1030.6763 -602.7778
v  1312.6793 1068.6307 -602.7778
v  1300.9446 934.3278 -602.7780
v  1230.7645 934.3278 -602.7780
v  1218.6454 934.3278 -602.7780
v  1065.7487 934.3278 -602.7780
v  983.8899 934.3278 -602.7780
v  992.9769 934.3278 -602.7780
v  827.0098 934.3278 -602.7780
v  759.8600 934.3278 -602.7780
v  748.1713 934.3278 -602.7780
v  609.1362 934.3278 -602.7780
v  551.5403 934.3278 -602.7780
v  539.4410 934.3278 -602.7780
v  472.3608 1068.6307 -602.7778
v  689.7278 1068.6307 -602.7778
v  926.7084 1068.6307 -602.7778
v  1168.8640 1068.6307 -602.7778
v  1300.9446 1068.6307 -602.7778
v  1230.7646 1068.6307 -602.7778
v  1218.6454 1068.6307 -602.7778
v  1065.7487 1068.6307 -602.7778
v  983.8899 1068.6307 -602.7778
v  992.9769 1068.6307 -602.7778
v  827.0098 1068.6307 -602.7778
v  759.8600 1068.6307 -602.7778
v  748.1713 1068.6307 -602.7778
v  609.1362 1068.6307 -602.7778
v  551.5403 1068.6307 -602.7778
v  539.4412 1068.6307 -602.7778
v  472.3608 1027.0009 -602.7778
v  689.7278 1027.0009 -602.7778
v  926.7084 1027.0009 -602.7778
v  1168.8640 1027.0009 -602.7778
v  1300.9446 1027.0009 -602.7778
v  1300.9446 1027.0009 -593.7444
v  1300.9446 934.3278 -593.7445
v  1230.7645 934.3278 -593.7445
v  1230.7646 1027.0009 -593.7444
v  1230.7646 1027.0009 -602.7778
v  1218.6454 1027.0009 -602.7778
v  1218.6454 1027.0009 -593.7444
v  1218.6454 934.3278 -593.7445
v  1168.8640 934.3278 -593.7445
v  1168.8640 1027.0009 -593.7444
v  1065.7487 1027.0009 -602.7778
v  983.8899 1027.0009 -593.7444
v  983.8899 934.3278 -593.7445
v  926.7084 934.3278 -593.7445
v  926.7084 1027.0009 -593.7444
v  992.9769 1027.0009 -602.7778
v  983.8899 1027.0009 -602.7778
v  1065.7487 1027.0009 -593.7444
v  1065.7487 934.3278 -593.7445
v  992.9769 934.3278 -593.7445
v  992.9769 1027.0009 -593.7444
v  827.0098 1027.0009 -602.7778
v  827.0098 1027.0009 -593.7444
v  827.0098 934.3278 -593.7445
v  759.8600 934.3278 -593.7445
v  759.8600 1027.0009 -593.7444
v  759.8600 1027.0009 -602.7778
v  748.1713 1027.0009 -602.7778
v  748.1713 1027.0009 -593.7444
v  748.1713 934.3278 -593.7445
v  689.7278 934.3278 -593.7445
v  689.7278 1027.0009 -593.7444
v  609.1362 1027.0009 -602.7778
v  609.1362 1027.0009 -593.7444
v  609.1362 934.3278 -593.7445
v  551.5403 934.3278 -593.7445
v  551.5403 1027.0009 -593.7444
v  551.5403 1027.0009 -602.7778
v  539.4412 1027.0009 -602.7778
v  539.4412 1027.0009 -593.7444
v  539.4410 934.3278 -593.7445
v  472.3608 934.3278 -593.7445
v  472.3608 1027.0009 -593.7444
v  472.3608 1030.6763 -602.7778
v  689.7278 1030.6763 -602.7778
v  926.7084 1030.6763 -602.7778
v  1168.8640 1030.6763 -602.7778
v  1300.9446 1030.6763 -602.7778
v  1230.7646 1030.6763 -602.7778
v  1218.6454 1030.6763 -602.7778
v  1065.7487 1030.6763 -602.7778
v  983.8900 1030.6763 -602.7778
v  992.9769 1030.6763 -602.7778
v  827.0098 1030.6763 -602.7778
v  759.8600 1030.6763 -602.7778
v  748.1713 1030.6763 -602.7778
v  609.1362 1030.6763 -602.7778
v  551.5403 1030.6763 -602.7778
v  539.4412 1030.6763 -602.7778
v  1300.9446 1068.6307 -593.7444
v  1300.9446 1030.6763 -593.7444
v  1230.7646 1030.6763 -593.7444
v  1230.7646 1068.6307 -593.7444
v  1218.6454 1068.6307 -593.7444
v  1218.6454 1030.6763 -593.7444
v  1168.8640 1030.6763 -593.7444
v  1168.8640 1068.6307 -593.7444
v  983.8899 1068.6307 -593.7444
v  983.8900 1030.6763 -593.7444
v  926.7084 1030.6763 -593.7444
v  926.7084 1068.6307 -593.7444
v  1065.7487 1068.6307 -593.7444
v  1065.7487 1030.6763 -593.7444
v  992.9769 1030.6763 -593.7444
v  992.9769 1068.6307 -593.7444
v  827.0098 1068.6307 -593.7444
v  827.0098 1030.6763 -593.7444
v  759.8600 1030.6763 -593.7444
v  759.8600 1068.6307 -593.7444
v  748.1713 1068.6307 -593.7444
v  748.1713 1030.6763 -593.7444
v  689.7278 1030.6763 -593.7444
v  689.7278 1068.6307 -593.7444
v  609.1362 1068.6307 -593.7444
v  609.1362 1030.6763 -593.7444
v  551.5403 1030.6763 -593.7444
v  551.5403 1068.6307 -593.7444
v  539.4412 1068.6307 -593.7444
v  539.4412 1030.6763 -593.7444
v  472.3608 1030.6763 -593.7444
v  472.3608 1068.6307 -593.7444
v  457.7800 540.8181 -632.7779
v  457.7800 698.6979 -632.7779
v  475.6559 698.6979 -632.7779
v  475.6559 540.8181 -632.7779
v  674.9006 540.8181 -632.7779
v  674.9006 698.6979 -632.7779
v  691.4124 698.6979 -632.7779
v  691.4124 540.8181 -632.7779
v  913.5660 540.8181 -632.7779
v  913.5660 698.6979 -632.7779
v  928.7206 698.6979 -632.7779
v  928.7206 540.8181 -632.7779
v  1151.3365 540.8181 -632.7779
v  1151.3365 698.6979 -632.7779
v  1166.4630 698.6979 -632.7779
v  1166.4630 540.8181 -632.7779
v  457.7800 525.8599 -632.7779
v  475.6559 525.8599 -632.7779
v  674.9006 525.8599 -632.7779
v  691.4125 525.8599 -632.7779
v  913.5660 525.8599 -632.7779
v  928.7206 525.8599 -632.7779
v  1151.3365 525.8599 -632.7779
v  1166.4630 525.8599 -632.7779
v  457.7800 719.2523 -632.7779
v  475.6559 719.2523 -632.7779
v  480.2314 540.8181 -622.7779
v  475.6559 540.8181 -622.7779
v  475.6559 549.5196 -622.7779
v  480.2314 549.5196 -622.7779
v  603.7308 525.8599 -632.7779
v  603.7308 540.8181 -632.7779
v  618.3622 540.8181 -632.7779
v  618.3622 525.8599 -632.7779
v  674.9006 719.2523 -632.7779
v  691.4125 719.2523 -632.7779
v  696.9802 540.8181 -622.7779
v  691.4124 540.8181 -622.7779
v  691.4124 549.5196 -622.7779
v  696.9802 549.5196 -622.7779
v  837.1340 525.8599 -632.7779
v  837.1340 540.8181 -632.7779
v  852.5895 540.8181 -632.7779
v  852.5895 525.8599 -632.7779
v  913.5660 719.2523 -632.7779
v  928.7206 719.2523 -632.7779
v  932.3829 540.8181 -622.7779
v  928.7206 540.8181 -622.7779
v  928.7206 549.5196 -622.7779
v  932.3829 549.5196 -622.7779
v  1077.0444 525.8599 -632.7779
v  1077.0444 540.8181 -632.7779
v  1091.5840 540.8181 -632.7779
v  1091.5840 525.8599 -632.7779
v  1151.3365 719.2523 -632.7779
v  1166.4630 719.2523 -632.7779
v  1171.4723 540.8181 -622.7779
v  1166.4630 540.8181 -622.7779
v  1166.4630 549.5197 -622.7779
v  1171.4723 549.5197 -622.7779
v  1316.0883 525.8599 -632.7779
v  1316.0883 540.8181 -632.7779
v  1330.3096 540.8181 -632.7779
v  1330.3096 525.8599 -632.7779
v  475.6559 525.8599 -622.7779
v  603.7308 525.8599 -622.7779
v  603.7308 719.2523 -622.7779
v  475.6559 719.2523 -622.7779
v  475.6559 698.6979 -622.7779
v  480.2314 698.6979 -622.7779
v  603.7308 698.6979 -622.7779
v  598.5781 698.6979 -622.7779
v  536.3292 698.6979 -622.7779
v  529.1187 698.6979 -622.7779
v  603.7308 695.2313 -622.7779
v  603.7308 540.8181 -622.7779
v  603.7308 549.5196 -622.7779
v  603.7308 635.9652 -622.7779
v  603.7308 644.9454 -622.7779
v  598.5781 540.8181 -622.7779
v  529.1187 540.8181 -622.7779
v  536.3292 540.8181 -622.7779
v  475.6559 695.2313 -622.7779
v  475.6559 644.9454 -622.7779
v  475.6559 635.9652 -622.7779
v  691.4125 525.8599 -622.7779
v  837.1340 525.8599 -622.7779
v  837.1340 719.2523 -622.7779
v  691.4125 719.2523 -622.7779
v  691.4124 698.6979 -622.7779
v  696.9802 698.6979 -622.7779
v  837.1340 698.6979 -622.7779
v  831.6174 698.6979 -622.7779
v  751.1832 698.6979 -622.7779
v  743.4161 698.6979 -622.7779
v  837.1340 695.2313 -622.7779
v  837.1340 540.8181 -622.7779
v  837.1340 549.5196 -622.7779
v  837.1340 635.9652 -622.7779
v  837.1340 644.9454 -622.7779
v  831.6174 540.8181 -622.7779
v  743.4161 540.8181 -622.7779
v  751.1832 540.8181 -622.7779
v  691.4124 695.2313 -622.7779
v  691.4124 644.9454 -622.7779
v  691.4124 635.9652 -622.7779
v  928.7206 525.8599 -622.7779
v  1077.0444 525.8599 -622.7779
v  1077.0444 719.2523 -622.7779
v  928.7206 719.2523 -622.7779
v  928.7206 698.6979 -622.7779
v  932.3829 698.6979 -622.7779
v  1077.0444 698.6979 -622.7779
v  1069.4655 698.6979 -622.7779
v  982.6277 698.6979 -622.7779
v  976.1954 698.6979 -622.7779
v  1077.0444 695.2313 -622.7779
v  1077.0444 540.8181 -622.7779
v  1077.0444 549.5197 -622.7779
v  1077.0444 635.9652 -622.7779
v  1077.0444 644.9454 -622.7779
v  1069.4655 540.8181 -622.7779
v  976.1954 540.8181 -622.7779
v  982.6277 540.8181 -622.7779
v  928.7206 695.2313 -622.7779
v  928.7206 644.9454 -622.7779
v  928.7206 635.9652 -622.7779
v  1166.4630 525.8599 -622.7779
v  1316.0883 525.8599 -622.7779
v  1330.3096 525.8599 -622.7779
v  1330.3096 540.8181 -622.7779
v  1330.3096 698.6979 -622.7779
v  1330.3096 719.2523 -622.7779
v  1316.0883 719.2523 -622.7779
v  1166.4630 719.2523 -622.7779
v  1166.4630 698.6979 -622.7779
v  1171.4723 698.6979 -622.7779
v  1316.0883 698.6979 -622.7779
v  1307.8336 698.6979 -622.7779
v  1218.7999 698.6979 -622.7779
v  1209.7433 698.6979 -622.7779
v  1316.0883 695.2313 -622.7779
v  1316.0883 540.8181 -622.7779
v  1316.0883 549.5197 -622.7779
v  1316.0883 635.9652 -622.7779
v  1316.0883 644.9454 -622.7779
v  1307.8336 540.8181 -622.7779
v  1209.7433 540.8181 -622.7779
v  1218.7999 540.8181 -622.7779
v  1166.4630 695.2313 -622.7779
v  1166.4630 644.9454 -622.7779
v  1166.4630 635.9652 -622.7779
v  1307.8336 549.5197 -622.7779
v  1218.7999 549.5197 -622.7779
v  1209.7433 549.5196 -622.7779
v  1069.4655 549.5197 -622.7779
v  982.6276 549.5196 -622.7779
v  976.1954 549.5196 -622.7779
v  831.6174 549.5196 -622.7779
v  751.1832 549.5196 -622.7779
v  743.4161 549.5196 -622.7779
v  598.5781 549.5196 -622.7779
v  536.3292 549.5196 -622.7779
v  529.1187 549.5196 -622.7779
v  480.2314 644.9454 -622.7779
v  480.2314 635.9652 -622.7779
v  696.9802 644.9454 -622.7779
v  696.9802 635.9652 -622.7779
v  932.3829 644.9454 -622.7779
v  932.3829 635.9652 -622.7779
v  1171.4723 644.9454 -622.7779
v  1171.4723 635.9652 -622.7779
v  1307.8336 635.9652 -622.7779
v  1307.8337 644.9454 -622.7779
v  1218.7999 635.9652 -622.7779
v  1218.7999 644.9454 -622.7779
v  1209.7433 635.9652 -622.7779
v  1209.7433 644.9454 -622.7779
v  1069.4655 635.9652 -622.7779
v  1069.4655 644.9454 -622.7779
v  982.6277 635.9652 -622.7779
v  982.6277 644.9454 -622.7779
v  976.1954 635.9652 -622.7779
v  976.1954 644.9454 -622.7779
v  831.6174 635.9652 -622.7779
v  831.6174 644.9454 -622.7779
v  751.1832 635.9652 -622.7779
v  751.1832 644.9454 -622.7779
v  743.4161 635.9652 -622.7779
v  743.4161 644.9454 -622.7779
v  598.5781 635.9652 -622.7779
v  598.5781 644.9454 -622.7779
v  536.3292 635.9652 -622.7779
v  536.3292 644.9454 -622.7779
v  529.1187 635.9652 -622.7779
v  529.1187 644.9454 -622.7779
v  480.2314 695.2313 -622.7779
v  696.9802 695.2313 -622.7779
v  932.3829 695.2313 -622.7779
v  1171.4722 695.2313 -622.7779
v  1307.8336 695.2313 -622.7779
v  1307.8336 695.2313 -613.7444
v  1307.8337 644.9454 -613.7444
v  1218.7999 644.9454 -613.7444
v  1218.7999 695.2313 -613.7444
v  1218.7999 695.2313 -622.7779
v  1209.7433 695.2313 -622.7779
v  1209.7433 695.2313 -613.7444
v  1209.7433 644.9454 -613.7444
v  1171.4723 644.9454 -613.7444
v  1171.4722 695.2313 -613.7444
v  1069.4655 695.2313 -622.7779
v  1069.4655 695.2313 -613.7444
v  1069.4655 644.9454 -613.7444
v  982.6277 644.9454 -613.7444
v  982.6277 695.2313 -613.7444
v  982.6277 695.2313 -622.7779
v  976.1954 695.2313 -622.7779
v  976.1954 695.2313 -613.7444
v  976.1954 644.9454 -613.7444
v  932.3829 644.9454 -613.7444
v  932.3829 695.2313 -613.7444
v  831.6174 695.2313 -622.7779
v  831.6174 695.2313 -613.7444
v  831.6174 644.9454 -613.7444
v  751.1832 644.9454 -613.7444
v  751.1832 695.2313 -613.7444
v  751.1832 695.2313 -622.7779
v  743.4161 695.2313 -622.7779
v  743.4161 695.2313 -613.7444
v  743.4161 644.9454 -613.7444
v  696.9802 644.9454 -613.7444
v  696.9802 695.2313 -613.7444
v  598.5781 695.2313 -622.7779
v  598.5781 695.2313 -613.7444
v  598.5781 644.9454 -613.7444
v  536.3292 644.9454 -613.7444
v  536.3292 695.2313 -613.7444
v  536.3292 695.2313 -622.7779
v  529.1187 695.2313 -622.7779
v  529.1187 695.2313 -613.7444
v  529.1187 644.9454 -613.7444
v  480.2314 644.9454 -613.7444
v  480.2314 695.2313 -613.7444
v  1307.8336 635.9652 -613.7444
v  1307.8336 549.5197 -613.7444
v  1218.7999 549.5197 -613.7444
v  1218.7999 635.9652 -613.7444
v  1209.7433 635.9652 -613.7444
v  1209.7433 549.5196 -613.7444
v  1171.4723 549.5197 -613.7444
v  1171.4723 635.9652 -613.7444
v  1069.4655 635.9652 -613.7444
v  1069.4655 549.5197 -613.7444
v  982.6276 549.5196 -613.7444
v  982.6277 635.9652 -613.7444
v  976.1954 635.9652 -613.7444
v  976.1954 549.5196 -613.7444
v  932.3829 549.5196 -613.7444
v  932.3829 635.9652 -613.7444
v  831.6174 635.9652 -613.7444
v  831.6174 549.5196 -613.7444
v  751.1832 549.5196 -613.7444
v  751.1832 635.9652 -613.7444
v  743.4161 635.9652 -613.7444
v  743.4161 549.5196 -613.7444
v  696.9802 549.5196 -613.7444
v  696.9802 635.9652 -613.7444
v  598.5781 635.9652 -613.7444
v  598.5781 549.5196 -613.7444
v  536.3292 549.5196 -613.7444
v  536.3292 635.9652 -613.7444
v  529.1187 635.9652 -613.7444
v  529.1187 549.5196 -613.7444
v  480.2314 549.5196 -613.7444
v  480.2314 635.9652 -613.7444
v  -1345.3995 -0.4267 -622.7779
v  -1345.3997 26.6337 -622.7779
v  -1263.4121 26.6337 -622.7779
v  -1263.4121 -0.4267 -622.7779
v  -1345.3995 73.8635 -622.7780
v  -1263.4121 73.8635 -622.7780
v  -1345.3997 89.8692 -622.7780
v  -1263.4121 89.8692 -622.7780
v  -1345.3995 347.6726 -622.7778
v  -1263.4121 347.6726 -622.7778
v  -1345.3995 437.0767 -640.1335
v  -407.9959 437.0768 -640.1335
v  -407.9959 426.1163 -640.1335
v  -1345.3995 426.1162 -640.1335
v  -1345.3995 426.1162 -632.7779
v  -407.9959 426.1163 -632.7779
v  -407.9959 418.8136 -632.7779
v  -445.4633 418.8136 -632.7779
v  -590.2852 418.8136 -632.7779
v  -668.2869 418.8136 -632.7779
v  -813.4122 418.8136 -632.7779
v  -886.6154 418.8136 -632.7779
v  -1026.0226 418.8136 -632.7779
v  -1108.8806 418.8136 -632.7779
v  -1254.1884 418.8136 -632.7779
v  -1263.4121 418.8136 -632.7779
v  -1345.3995 418.8136 -632.7779
v  -1345.3995 418.8136 -622.7779
v  -1263.4121 418.8136 -622.7779
v  -1254.1884 -0.4267 -622.7779
v  -1254.1884 26.6337 -622.7779
v  -1254.1884 73.8635 -622.7780
v  -1254.1884 89.8692 -622.7780
v  -1254.1884 347.6726 -622.7778
v  -1254.1884 418.8136 -622.7779
v  -1099.7323 -0.4267 -622.7779
v  -1099.7323 26.6337 -622.7779
v  -1099.7323 73.8635 -622.7780
v  -1099.7323 73.8635 -632.7780
v  -1254.1884 73.8635 -632.7780
v  -1254.1885 82.2785 -632.7780
v  -1099.7323 82.2785 -632.7780
v  -1244.3673 89.8692 -602.7780
v  -1254.1884 89.8692 -602.7780
v  -1254.1884 105.0419 -602.7780
v  -1244.3673 105.0419 -602.7780
v  -1108.8806 418.8136 -622.7779
v  -1106.4563 399.9613 -622.7778
v  -1099.7323 347.6726 -622.7778
v  -1035.1710 -0.4267 -622.7779
v  -1035.1710 26.6337 -622.7779
v  -1035.1710 73.8635 -622.7780
v  -1099.7323 89.8692 -622.7780
v  -1035.1710 89.8692 -622.7780
v  -1035.1710 347.6726 -622.7778
v  -1035.1710 347.6726 -628.2727
v  -1099.7323 347.6726 -628.2727
v  -1106.4563 399.9613 -633.6722
v  -1028.4469 399.9613 -633.6722
v  -880.1027 -0.4267 -622.7779
v  -880.1027 26.6337 -622.7779
v  -880.1027 73.8635 -622.7780
v  -880.1027 73.8635 -632.7780
v  -1035.1710 73.8635 -632.7780
v  -1035.1710 82.2785 -632.7780
v  -880.1027 82.2785 -632.7780
v  -1026.3434 89.8692 -602.7780
v  -1035.1710 89.8692 -602.7780
v  -1035.1710 105.0419 -602.7780
v  -1026.3434 105.0419 -602.7780
v  -1028.4469 399.9613 -622.7778
v  -1026.0226 418.8136 -622.7779
v  -886.6154 418.8136 -622.7779
v  -884.8895 399.9613 -622.7778
v  -880.1025 347.6726 -622.7778
v  -819.9250 -0.4267 -622.7779
v  -819.9250 26.6337 -622.7779
v  -819.9250 73.8635 -622.7780
v  -880.1027 89.8692 -622.7780
v  -819.9249 89.8692 -622.7780
v  -819.9250 347.6726 -622.7778
v  -819.9250 347.6726 -628.2727
v  -880.1025 347.6726 -628.2727
v  -884.8895 399.9613 -633.6722
v  -815.1381 399.9613 -633.6722
v  -661.8091 -0.4267 -622.7779
v  -661.8091 26.6337 -622.7779
v  -661.8091 73.8635 -622.7780
v  -661.8091 73.8635 -632.7780
v  -819.9250 73.8635 -632.7780
v  -819.9250 82.2785 -632.7780
v  -661.8090 82.2785 -632.7780
v  -808.7701 89.8692 -602.7780
v  -819.9249 89.8692 -602.7780
v  -819.9249 105.0419 -602.7780
v  -808.7701 105.0419 -602.7780
v  -815.1381 399.9613 -622.7778
v  -813.4122 418.8136 -622.7779
v  -668.2869 418.8136 -622.7779
v  -666.5701 399.9613 -622.7778
v  -661.8090 347.6726 -622.7778
v  -596.7631 -0.4267 -622.7779
v  -596.7631 26.6337 -622.7779
v  -596.7631 73.8635 -622.7780
v  -661.8090 89.8692 -622.7780
v  -596.7629 89.8692 -622.7780
v  -596.7628 347.6726 -622.7778
v  -596.7628 347.6726 -628.2727
v  -661.8090 347.6726 -628.2727
v  -666.5701 399.9613 -633.6722
v  -592.0018 399.9613 -633.6722
v  -445.4633 -0.4267 -622.7779
v  -445.4633 26.6337 -622.7779
v  -445.4633 73.8635 -622.7780
v  -445.4633 73.8635 -632.7780
v  -596.7631 73.8635 -632.7780
v  -596.7629 82.2785 -632.7780
v  -445.4633 82.2785 -632.7780
v  -584.2449 89.8692 -602.7780
v  -596.7629 89.8692 -602.7780
v  -596.7629 105.0419 -602.7780
v  -584.2449 105.0419 -602.7780
v  -590.2852 418.8136 -622.7779
v  -445.4633 418.8136 -622.7779
v  -445.4633 347.6726 -622.7778
v  -592.0018 399.9613 -622.7778
v  -407.6086 -0.4267 -622.7779
v  -407.6086 26.6337 -622.7779
v  -407.6086 73.8635 -622.7780
v  -407.9959 63.2175 -622.7780
v  -407.9959 53.1842 -622.7780
v  -445.4633 89.8692 -622.7780
v  -407.6086 89.8692 -622.7780
v  -407.9959 77.5082 -622.7780
v  -407.6086 347.6726 -622.7778
v  -407.9959 93.9177 -622.7780
v  -407.6086 418.8136 -622.7779
v  -1168.1216 89.8692 -602.7780
v  -1158.6377 89.8692 -602.7780
v  -1109.4226 89.8692 -602.7780
v  -1099.7323 89.8692 -602.7780
v  -1099.7323 105.0419 -602.7780
v  -1099.7323 234.8712 -602.7778
v  -1099.7323 245.9349 -602.7778
v  -1099.7323 339.5238 -602.7778
v  -1099.7323 347.6725 -602.7778
v  -1109.4226 347.6725 -602.7778
v  -1158.6377 347.6725 -602.7778
v  -1168.1216 347.6725 -602.7778
v  -1244.3673 347.6725 -602.7778
v  -1254.1884 347.6725 -602.7778
v  -1254.1882 339.5238 -602.7778
v  -1254.1884 245.9349 -602.7778
v  -1254.1884 234.8711 -602.7778
v  -977.2064 89.8692 -602.7780
v  -967.8354 89.8692 -602.7780
v  -889.5148 89.8692 -602.7780
v  -880.1027 89.8692 -602.7780
v  -880.1027 105.0419 -602.7780
v  -880.1027 234.8711 -602.7778
v  -880.1025 245.9349 -602.7778
v  -880.1025 339.5238 -602.7778
v  -880.1025 347.6726 -602.7778
v  -889.5150 347.6726 -602.7778
v  -967.8356 347.6725 -602.7778
v  -977.2065 347.6725 -602.7778
v  -1026.3434 347.6725 -602.7778
v  -1035.1710 347.6725 -602.7778
v  -1035.1710 339.5238 -602.7778
v  -1035.1710 245.9349 -602.7778
v  -1035.1710 234.8711 -602.7778
v  -726.3201 89.8692 -602.7780
v  -718.1331 89.8692 -602.7780
v  -671.3826 89.8692 -602.7780
v  -661.8090 89.8692 -602.7780
v  -661.8090 105.0419 -602.7780
v  -661.8090 234.8711 -602.7778
v  -661.8090 245.9349 -602.7778
v  -661.8090 339.5238 -602.7778
v  -661.8090 347.6726 -602.7778
v  -671.3828 347.6726 -602.7778
v  -718.1331 347.6725 -602.7778
v  -726.3201 347.6725 -602.7778
v  -808.7703 347.6726 -602.7778
v  -819.9250 347.6726 -602.7778
v  -819.9252 339.5238 -602.7778
v  -819.9250 245.9349 -602.7778
v  -819.9250 234.8711 -602.7778
v  -539.8173 89.8692 -602.7780
v  -532.8152 89.8692 -602.7780
v  -454.5248 89.8692 -602.7780
v  -445.4633 89.8692 -602.7780
v  -445.4634 105.0419 -602.7780
v  -445.4633 234.8711 -602.7778
v  -445.4633 245.9349 -602.7778
v  -445.4633 339.5238 -602.7778
v  -445.4633 347.6726 -602.7778
v  -454.5248 347.6726 -602.7778
v  -532.8153 347.6726 -602.7778
v  -539.8174 347.6726 -602.7778
v  -584.2449 347.6726 -602.7778
v  -596.7628 347.6726 -602.7778
v  -596.7628 339.5238 -602.7778
v  -596.7629 245.9349 -602.7778
v  -596.7629 234.8711 -602.7778
v  -1099.7323 89.8692 -632.7780
v  -1254.1884 89.8692 -632.7780
v  -880.1027 89.8692 -632.7780
v  -1035.1710 89.8692 -632.7780
v  -661.8090 89.8692 -632.7780
v  -819.9249 89.8692 -632.7780
v  -445.4633 89.8692 -632.7780
v  -596.7629 89.8692 -632.7780
v  -1099.7323 89.8692 -637.7839
v  -1099.7323 82.2785 -637.7839
v  -1254.1885 82.2785 -637.7839
v  -1254.1884 89.8692 -637.7839
v  -880.1027 89.8692 -637.7839
v  -880.1027 82.2785 -637.7839
v  -1035.1710 82.2785 -637.7839
v  -1035.1710 89.8692 -637.7839
v  -661.8090 89.8692 -637.7839
v  -661.8090 82.2785 -637.7839
v  -819.9250 82.2785 -637.7839
v  -819.9249 89.8692 -637.7839
v  -445.4633 89.8692 -637.7839
v  -445.4633 82.2785 -637.7839
v  -596.7629 82.2785 -637.7839
v  -596.7629 89.8692 -637.7839
v  -1026.0226 418.8136 -633.6723
v  -1108.8806 418.8136 -633.6723
v  -813.4122 418.8136 -633.6723
v  -886.6154 418.8136 -633.6723
v  -590.2852 418.8136 -633.6723
v  -668.2869 418.8136 -633.6723
v  -407.6089 462.8115 -622.7779
v  -407.9959 462.8115 -632.7779
v  -1345.3995 462.8115 -632.7779
v  -1345.3994 462.8115 -622.7779
v  -1345.3995 437.0767 -632.7779
v  -1345.3995 437.0767 -622.7779
v  -1345.3995 426.1162 -622.7779
v  -407.9959 462.8115 -640.1335
v  -1345.3995 462.8115 -640.1335
v  -1345.3995 437.0767 -679.9019
v  -407.9959 437.0768 -679.9019
v  -407.9959 462.8115 -679.9019
v  -1345.3995 462.8115 -679.9019
v  -1345.3997 457.5344 -679.9019
v  -1109.4226 339.5238 -602.7778
v  -889.5150 339.5238 -602.7778
v  -671.3828 339.5238 -602.7778
v  -454.5248 339.5238 -602.7778
v  -1109.4226 105.0419 -602.7780
v  -1109.4226 234.8712 -602.7778
v  -889.5148 105.0419 -602.7780
v  -889.5148 234.8711 -602.7778
v  -671.3826 105.0419 -602.7780
v  -671.3826 234.8711 -602.7778
v  -454.5248 105.0419 -602.7780
v  -454.5248 234.8711 -602.7778
v  -1109.4226 245.9349 -602.7778
v  -889.5148 245.9349 -602.7778
v  -671.3826 245.9349 -602.7778
v  -454.5248 245.9349 -602.7778
v  -1168.1216 105.0419 -602.7780
v  -1244.3673 339.5238 -602.7778
v  -1244.3673 234.8711 -602.7778
v  -1244.3673 245.9349 -602.7778
v  -1168.1216 339.5238 -602.7778
v  -1244.3673 234.8711 -590.7444
v  -1168.1216 234.8711 -590.7444
v  -1168.1216 105.0419 -590.7445
v  -1244.3673 105.0419 -590.7445
v  -1168.1216 245.9349 -602.7778
v  -1168.1216 234.8711 -602.7778
v  -1244.3673 339.5238 -590.7444
v  -1168.1216 339.5238 -590.7444
v  -1168.1216 245.9349 -590.7444
v  -1244.3673 245.9349 -590.7444
v  -1158.6377 105.0419 -602.7780
v  -1158.6377 339.5238 -602.7778
v  -1158.6377 234.8711 -602.7778
v  -1158.6377 245.9349 -602.7778
v  -1158.6377 234.8711 -590.7444
v  -1109.4226 234.8712 -590.7444
v  -1109.4226 105.0419 -590.7445
v  -1158.6377 105.0419 -590.7445
v  -1158.6377 339.5238 -590.7444
v  -1109.4226 339.5238 -590.7444
v  -1109.4226 245.9349 -590.7444
v  -1158.6377 245.9349 -590.7444
v  -977.2064 105.0419 -602.7780
v  -1026.3434 339.5238 -602.7778
v  -1026.3434 234.8711 -602.7778
v  -1026.3434 245.9349 -602.7778
v  -977.2065 339.5238 -602.7778
v  -1026.3434 234.8711 -590.7444
v  -977.2064 234.8711 -590.7444
v  -977.2064 105.0419 -590.7445
v  -1026.3434 105.0419 -590.7445
v  -977.2064 245.9349 -602.7778
v  -977.2064 234.8711 -602.7778
v  -1026.3434 339.5238 -590.7444
v  -977.2065 339.5238 -590.7444
v  -977.2064 245.9349 -590.7444
v  -1026.3434 245.9349 -590.7444
v  -967.8354 105.0419 -602.7780
v  -967.8356 339.5238 -602.7778
v  -967.8354 234.8711 -602.7778
v  -967.8354 245.9349 -602.7778
v  -967.8354 234.8711 -590.7444
v  -889.5148 234.8711 -590.7444
v  -889.5148 105.0419 -590.7445
v  -967.8354 105.0419 -590.7445
v  -967.8356 339.5238 -590.7444
v  -889.5150 339.5238 -590.7444
v  -889.5148 245.9349 -590.7444
v  -967.8354 245.9349 -590.7444
v  -726.3199 105.0419 -602.7780
v  -808.7703 339.5238 -602.7778
v  -808.7701 234.8711 -602.7778
v  -808.7701 245.9349 -602.7778
v  -726.3201 339.5238 -602.7778
v  -808.7701 234.8711 -590.7444
v  -726.3199 234.8711 -590.7444
v  -726.3199 105.0419 -590.7445
v  -808.7701 105.0419 -590.7445
v  -726.3199 245.9349 -602.7778
v  -726.3199 234.8711 -602.7778
v  -808.7703 339.5238 -590.7444
v  -726.3201 339.5238 -590.7444
v  -726.3199 245.9349 -590.7444
v  -808.7701 245.9349 -590.7444
v  -718.1331 105.0419 -602.7780
v  -718.1331 339.5238 -602.7778
v  -718.1331 234.8711 -602.7778
v  -718.1331 245.9349 -602.7778
v  -718.1331 234.8711 -590.7444
v  -671.3826 234.8711 -590.7444
v  -671.3826 105.0419 -590.7445
v  -718.1331 105.0419 -590.7445
v  -718.1331 339.5238 -590.7444
v  -671.3828 339.5238 -590.7444
v  -671.3826 245.9349 -590.7444
v  -718.1331 245.9349 -590.7444
v  -539.8173 105.0419 -602.7780
v  -584.2449 339.5238 -602.7778
v  -584.2449 234.8711 -602.7778
v  -584.2449 245.9349 -602.7778
v  -539.8174 339.5238 -602.7778
v  -584.2449 234.8711 -594.7778
v  -539.8173 234.8711 -594.7778
v  -539.8173 105.0419 -594.7780
v  -584.2449 105.0419 -594.7780
v  -539.8173 245.9349 -602.7778
v  -539.8173 234.8711 -602.7778
v  -584.2449 339.5238 -590.7444
v  -539.8174 339.5238 -590.7444
v  -539.8173 245.9349 -590.7444
v  -584.2449 245.9349 -590.7444
v  -532.8152 105.0419 -602.7780
v  -532.8153 339.5238 -602.7778
v  -532.8152 234.8711 -602.7778
v  -532.8152 245.9349 -602.7778
v  -532.8152 234.8711 -594.7778
v  -454.5248 234.8711 -594.7778
v  -454.5248 105.0419 -594.7780
v  -532.8152 105.0419 -594.7780
v  -532.8153 339.5238 -594.7778
v  -454.5248 339.5238 -594.7778
v  -454.5248 245.9349 -594.7778
v  -532.8152 245.9349 -594.7778
v  -407.9959 457.5345 -679.9019
v  1345.3944 525.8599 -622.7779
v  1345.3931 462.8115 -622.7779
v  407.5318 462.8115 -622.7779
v  1345.3975 1199.5732 -622.7779
v  1345.3970 1086.7041 -622.7778
v  407.9883 1093.3234 -622.7778
v  407.9883 1113.9199 -622.7778
v  407.5327 1199.5732 -622.7779
v  1345.3962 913.6117 -622.7780
v  1345.3953 719.2523 -622.7779
v  1345.3922 457.5344 -693.9346
v  407.9883 457.5345 -693.9346
v  407.9883 462.8115 -693.9346
v  1345.3921 462.8115 -693.9346
v  1345.3921 -0.4267 -622.7779
v  1263.4047 -0.4267 -622.7779
v  1263.4047 26.6337 -622.7779
v  1345.3922 26.6337 -622.7779
v  1263.4047 73.8635 -622.7780
v  1345.3922 73.8635 -622.7780
v  1263.4047 89.8692 -622.7780
v  1345.3922 89.8692 -622.7780
v  1263.4047 347.6726 -622.7778
v  1345.3922 347.6726 -622.7778
v  1345.3921 437.0767 -640.1335
v  1345.3921 426.1162 -640.1335
v  407.9883 426.1163 -640.1335
v  407.9883 437.0768 -640.1335
v  1345.3921 426.1162 -632.7779
v  1345.3921 418.8136 -632.7779
v  1263.4047 418.8136 -632.7779
v  1254.1809 418.8136 -632.7779
v  1108.8732 418.8136 -632.7779
v  1026.0151 418.8136 -632.7779
v  886.6080 418.8136 -632.7779
v  813.4048 418.8136 -632.7779
v  668.2795 418.8136 -632.7779
v  590.2778 418.8136 -632.7779
v  445.4559 418.8136 -632.7779
v  407.9886 418.8136 -632.7779
v  407.9883 426.1163 -632.7779
v  1263.4047 418.8136 -622.7779
v  1345.3921 418.8136 -622.7779
v  1254.1809 -0.4267 -622.7779
v  1254.1809 26.6337 -622.7779
v  1254.1809 73.8635 -622.7780
v  1254.1809 89.8692 -622.7780
v  1254.1809 347.6726 -622.7778
v  1254.1809 418.8136 -622.7779
v  1099.7249 -0.4267 -622.7779
v  1099.7249 26.6337 -622.7779
v  1099.7249 73.8635 -622.7780
v  1099.7249 73.8635 -632.7780
v  1099.7249 82.2785 -632.7780
v  1254.1810 82.2785 -632.7780
v  1254.1809 73.8635 -632.7780
v  1244.3599 89.8692 -602.7780
v  1244.3599 105.0419 -602.7780
v  1254.1809 105.0419 -602.7780
v  1254.1809 89.8692 -602.7780
v  1106.4489 399.9613 -622.7778
v  1108.8732 418.8136 -622.7779
v  1099.7249 347.6726 -622.7778
v  1035.1636 -0.4267 -622.7779
v  1035.1636 26.6337 -622.7779
v  1035.1636 73.8635 -622.7780
v  1035.1636 89.8692 -622.7780
v  1099.7249 89.8692 -622.7780
v  1035.1636 347.6726 -622.7778
v  1035.1636 347.6726 -628.2727
v  1028.4395 399.9613 -633.6722
v  1106.4489 399.9613 -633.6722
v  1099.7249 347.6726 -628.2727
v  880.0950 -0.4267 -622.7779
v  880.0950 26.6337 -622.7779
v  880.0950 73.8635 -622.7780
v  880.0950 73.8635 -632.7780
v  880.0950 82.2785 -632.7780
v  1035.1635 82.2785 -632.7780
v  1035.1636 73.8635 -632.7780
v  1026.3359 89.8692 -602.7780
v  1026.3359 105.0419 -602.7780
v  1035.1636 105.0419 -602.7780
v  1035.1636 89.8692 -602.7780
v  886.6080 418.8136 -622.7779
v  1026.0151 418.8136 -622.7779
v  1028.4395 399.9613 -622.7778
v  884.8818 399.9613 -622.7778
v  880.0950 347.6726 -622.7778
v  819.9175 -0.4267 -622.7779
v  819.9175 26.6337 -622.7779
v  819.9175 73.8635 -622.7780
v  819.9177 89.8692 -622.7780
v  880.0950 89.8692 -622.7780
v  819.9175 347.6726 -622.7778
v  819.9175 347.6726 -628.2727
v  815.1307 399.9613 -633.6722
v  884.8818 399.9613 -633.6722
v  880.0950 347.6726 -628.2727
v  661.8016 -0.4267 -622.7779
v  661.8016 26.6337 -622.7779
v  661.8016 73.8635 -622.7780
v  661.8016 73.8635 -632.7780
v  661.8016 82.2785 -632.7780
v  819.9175 82.2785 -632.7780
v  819.9175 73.8635 -632.7780
v  808.7626 89.8692 -602.7780
v  808.7626 105.0419 -602.7780
v  819.9177 105.0419 -602.7780
v  819.9177 89.8692 -602.7780
v  668.2795 418.8136 -622.7779
v  813.4048 418.8136 -622.7779
v  815.1307 399.9613 -622.7778
v  666.5627 399.9613 -622.7778
v  661.8016 347.6726 -622.7778
v  596.7554 -0.4267 -622.7779
v  596.7554 26.6337 -622.7779
v  596.7554 73.8635 -622.7780
v  596.7554 89.8692 -622.7780
v  661.8016 89.8692 -622.7780
v  596.7557 347.6726 -622.7778
v  596.7557 347.6726 -628.2727
v  591.9946 399.9613 -633.6722
v  666.5627 399.9613 -633.6722
v  661.8016 347.6726 -628.2727
v  445.4559 -0.4267 -622.7779
v  445.4559 26.6337 -622.7779
v  445.4559 73.8635 -622.7780
v  445.4559 73.8635 -632.7780
v  445.4559 82.2785 -632.7780
v  596.7554 82.2785 -632.7780
v  596.7554 73.8635 -632.7780
v  584.2374 89.8692 -602.7780
v  584.2374 105.0419 -602.7780
v  596.7554 105.0419 -602.7780
v  596.7554 89.8692 -602.7780
v  445.4559 347.6726 -622.7778
v  445.4559 418.8136 -622.7779
v  590.2778 418.8136 -622.7779
v  591.9946 399.9613 -622.7778
v  407.5318 -0.4267 -622.7779
v  407.5318 26.6337 -622.7779
v  407.5318 73.8635 -622.7780
v  407.5318 89.8692 -622.7780
v  445.4559 89.8692 -622.7780
v  407.5318 347.6726 -622.7778
v  407.5319 418.8136 -622.7779
v  1099.7249 89.8692 -602.7780
v  1109.4152 89.8692 -602.7780
v  1158.6302 89.8692 -602.7780
v  1168.1141 89.8692 -602.7780
v  1099.7249 347.6725 -602.7778
v  1099.7249 339.5238 -602.7778
v  1099.7249 245.9349 -602.7778
v  1099.7249 234.8712 -602.7778
v  1099.7249 105.0419 -602.7780
v  1254.1809 347.6725 -602.7778
v  1244.3599 347.6725 -602.7778
v  1168.1141 347.6725 -602.7778
v  1158.6302 347.6725 -602.7778
v  1109.4152 347.6725 -602.7778
v  1254.1809 234.8711 -602.7778
v  1254.1809 245.9349 -602.7778
v  1254.1808 339.5238 -602.7778
v  880.0950 89.8692 -602.7780
v  889.5074 89.8692 -602.7780
v  967.8280 89.8692 -602.7780
v  977.1990 89.8692 -602.7780
v  880.0950 347.6726 -602.7778
v  880.0950 339.5238 -602.7778
v  880.0950 245.9349 -602.7778
v  880.0950 234.8711 -602.7778
v  880.0953 105.0419 -602.7780
v  1035.1636 347.6725 -602.7778
v  1026.3359 347.6725 -602.7778
v  977.1991 347.6725 -602.7778
v  967.8280 347.6725 -602.7778
v  889.5076 347.6726 -602.7778
v  1035.1636 234.8711 -602.7778
v  1035.1636 245.9349 -602.7778
v  1035.1636 339.5238 -602.7778
v  661.8016 89.8692 -602.7780
v  671.3752 89.8692 -602.7780
v  718.1257 89.8692 -602.7780
v  726.3127 89.8692 -602.7780
v  661.8016 347.6726 -602.7778
v  661.8016 339.5238 -602.7778
v  661.8016 245.9349 -602.7778
v  661.8016 234.8711 -602.7778
v  661.8016 105.0419 -602.7780
v  819.9175 347.6726 -602.7778
v  808.7629 347.6726 -602.7778
v  726.3127 347.6725 -602.7778
v  718.1257 347.6725 -602.7778
v  671.3754 347.6726 -602.7778
v  819.9175 234.8711 -602.7778
v  819.9175 245.9349 -602.7778
v  819.9175 339.5238 -602.7778
v  445.4559 89.8692 -602.7780
v  454.5176 89.8692 -602.7780
v  532.8077 89.8692 -602.7780
v  539.8099 89.8692 -602.7780
v  445.4559 347.6726 -602.7778
v  445.4559 339.5238 -602.7778
v  445.4559 245.9349 -602.7778
v  445.4559 234.8711 -602.7778
v  445.4559 105.0419 -602.7780
v  596.7557 347.6726 -602.7778
v  584.2372 347.6726 -602.7778
v  539.8101 347.6726 -602.7778
v  532.8080 347.6726 -602.7778
v  454.5175 347.6726 -602.7778
v  596.7554 234.8711 -602.7778
v  596.7554 245.9349 -602.7778
v  596.7557 339.5238 -602.7778
v  1099.7249 89.8692 -632.7780
v  1254.1809 89.8692 -632.7780
v  880.0950 89.8692 -632.7780
v  1035.1636 89.8692 -632.7780
v  661.8016 89.8692 -632.7780
v  819.9177 89.8692 -632.7780
v  445.4559 89.8692 -632.7780
v  596.7554 89.8692 -632.7780
v  1099.7249 89.8692 -637.7839
v  1254.1809 89.8692 -637.7839
v  1254.1810 82.2785 -637.7839
v  1099.7249 82.2785 -637.7839
v  880.0950 89.8692 -637.7839
v  1035.1636 89.8692 -637.7839
v  1035.1635 82.2785 -637.7839
v  880.0950 82.2785 -637.7839
v  661.8016 89.8692 -637.7839
v  819.9177 89.8692 -637.7839
v  819.9175 82.2785 -637.7839
v  661.8016 82.2785 -637.7839
v  445.4559 89.8692 -637.7839
v  596.7554 89.8692 -637.7839
v  596.7554 82.2785 -637.7839
v  445.4559 82.2785 -637.7839
v  1026.0151 418.8136 -633.6723
v  1108.8732 418.8136 -633.6723
v  813.4048 418.8136 -633.6723
v  886.6080 418.8136 -633.6723
v  590.2778 418.8136 -633.6723
v  668.2795 418.8136 -633.6723
v  407.9883 437.0768 -622.7779
v  407.9883 462.8115 -632.7779
v  407.9883 437.0768 -632.7779
v  1345.3921 462.8115 -632.7779
v  1345.3921 437.0767 -622.7779
v  1345.3921 437.0767 -632.7779
v  1345.3921 426.1162 -622.7779
v  407.9883 426.1163 -622.7779
v  407.9883 462.8115 -640.1335
v  1345.3921 462.8115 -640.1335
v  407.9883 437.0768 -679.9019
v  1345.3921 437.0767 -679.9019
v  407.9883 462.8115 -679.9019
v  407.9883 457.5345 -679.9019
v  1345.3921 462.8115 -679.9019
v  1345.3922 457.5344 -679.9019
v  1109.4152 339.5238 -602.7778
v  889.5076 339.5238 -602.7778
v  671.3754 339.5238 -602.7778
v  454.5175 339.5238 -602.7778
v  1109.4152 234.8712 -602.7778
v  1109.4152 105.0419 -602.7780
v  889.5074 234.8711 -602.7778
v  889.5074 105.0419 -602.7780
v  671.3752 234.8711 -602.7778
v  671.3752 105.0419 -602.7780
v  454.5176 234.8711 -602.7778
v  454.5176 105.0419 -602.7780
v  1109.4152 245.9349 -602.7778
v  889.5074 245.9349 -602.7778
v  671.3752 245.9349 -602.7778
v  454.5176 245.9349 -602.7778
v  1168.1141 105.0419 -602.7780
v  1244.3599 339.5238 -602.7778
v  1244.3599 234.8711 -602.7778
v  1244.3599 245.9349 -602.7778
v  1168.1141 339.5238 -602.7778
v  1244.3599 234.8711 -590.7444
v  1244.3599 105.0419 -590.7445
v  1168.1141 105.0419 -590.7445
v  1168.1141 234.8711 -590.7444
v  1168.1141 234.8711 -602.7778
v  1168.1141 245.9349 -602.7778
v  1244.3599 339.5238 -590.7444
v  1244.3599 245.9349 -590.7444
v  1168.1141 245.9349 -590.7444
v  1168.1141 339.5238 -590.7444
v  1158.6302 105.0419 -602.7780
v  1158.6302 339.5238 -602.7778
v  1158.6302 234.8711 -602.7778
v  1158.6302 245.9349 -602.7778
v  1158.6302 234.8711 -590.7444
v  1158.6302 105.0419 -590.7445
v  1109.4152 105.0419 -590.7445
v  1109.4152 234.8712 -590.7444
v  1158.6302 339.5238 -590.7444
v  1158.6302 245.9349 -590.7444
v  1109.4152 245.9349 -590.7444
v  1109.4152 339.5238 -590.7444
v  977.1990 105.0419 -602.7780
v  1026.3359 339.5238 -602.7778
v  1026.3359 234.8711 -602.7778
v  1026.3359 245.9349 -602.7778
v  977.1991 339.5238 -602.7778
v  1026.3359 234.8711 -590.7444
v  1026.3359 105.0419 -590.7445
v  977.1990 105.0419 -590.7445
v  977.1990 234.8711 -590.7444
v  977.1990 234.8711 -602.7778
v  977.1990 245.9349 -602.7778
v  1026.3359 339.5238 -590.7444
v  1026.3359 245.9349 -590.7444
v  977.1990 245.9349 -590.7444
v  977.1991 339.5238 -590.7444
v  967.8280 105.0419 -602.7780
v  967.8280 339.5238 -602.7778
v  967.8280 234.8711 -602.7778
v  967.8280 245.9349 -602.7778
v  967.8280 234.8711 -590.7444
v  967.8280 105.0419 -590.7445
v  889.5074 105.0419 -590.7445
v  889.5074 234.8711 -590.7444
v  967.8280 339.5238 -590.7444
v  967.8280 245.9349 -590.7444
v  889.5074 245.9349 -590.7444
v  889.5076 339.5238 -590.7444
v  726.3124 105.0419 -602.7780
v  808.7629 339.5238 -602.7778
v  808.7626 234.8711 -602.7778
v  808.7626 245.9349 -602.7778
v  726.3127 339.5238 -602.7778
v  808.7626 234.8711 -590.7444
v  808.7626 105.0419 -590.7445
v  726.3124 105.0419 -590.7445
v  726.3124 234.8711 -590.7444
v  726.3124 234.8711 -602.7778
v  726.3124 245.9349 -602.7778
v  808.7629 339.5238 -590.7444
v  808.7626 245.9349 -590.7444
v  726.3124 245.9349 -590.7444
v  726.3127 339.5238 -590.7444
v  718.1257 105.0419 -602.7780
v  718.1257 339.5238 -602.7778
v  718.1257 234.8711 -602.7778
v  718.1257 245.9349 -602.7778
v  718.1257 234.8711 -590.7444
v  718.1257 105.0419 -590.7445
v  671.3752 105.0419 -590.7445
v  671.3752 234.8711 -590.7444
v  718.1257 339.5238 -590.7444
v  718.1257 245.9349 -590.7444
v  671.3752 245.9349 -590.7444
v  671.3754 339.5238 -590.7444
v  539.8099 105.0419 -602.7780
v  584.2372 339.5238 -602.7778
v  584.2374 234.8711 -602.7778
v  584.2374 245.9349 -602.7778
v  539.8101 339.5238 -602.7778
v  584.2374 234.8711 -590.7444
v  584.2374 105.0419 -590.7445
v  539.8099 105.0419 -590.7445
v  539.8099 234.8711 -590.7444
v  539.8099 234.8711 -602.7778
v  539.8099 245.9349 -602.7778
v  584.2372 339.5238 -590.7444
v  584.2374 245.9349 -590.7444
v  539.8099 245.9349 -590.7444
v  539.8101 339.5238 -590.7444
v  532.8077 105.0419 -602.7780
v  532.8080 339.5238 -602.7778
v  532.8077 234.8711 -602.7778
v  532.8077 245.9349 -602.7778
v  532.8077 234.8711 -590.7444
v  532.8077 105.0419 -590.7445
v  454.5176 105.0419 -590.7445
v  454.5176 234.8711 -590.7444
v  532.8080 339.5238 -590.7444
v  532.8077 245.9349 -590.7444
v  454.5176 245.9349 -590.7444
v  454.5175 339.5238 -590.7444
v  -1299.5767 913.6117 -622.7780
v  -1345.4006 913.6117 -622.7780
v  -1345.3977 1086.7042 -622.7778
v  -1299.5767 925.2887 -622.7780
v  -1299.5767 1077.8556 -622.7778
v  -1299.5767 1086.7042 -622.7778
v  -1295.6090 525.8599 -622.7779
v  -1345.4006 525.8599 -622.7779
v  -1345.3984 719.2523 -622.7779
v  -1295.6090 540.8181 -622.7779
v  -1295.6090 698.6979 -622.7779
v  -1295.6090 719.2523 -622.7779
v  -1138.1034 1086.7042 -632.7778
v  -1128.7030 1086.7042 -632.7778
v  -1128.7030 1077.8556 -632.7778
v  -1138.1034 1077.8556 -632.7778
v  -1149.6583 719.2523 -632.7779
v  -1135.0270 719.2523 -632.7779
v  -1135.0270 698.6979 -632.7779
v  -1149.6583 698.6979 -632.7779
v  -1082.3280 913.6117 -622.7780
v  -1128.7030 913.6117 -622.7780
v  -1128.7030 925.2887 -622.7780
v  -1128.7030 1077.8556 -622.7778
v  -1128.7030 1086.7042 -622.7778
v  -1082.3280 925.2887 -622.7780
v  -1082.3280 1077.8556 -622.7778
v  -1082.3280 1086.7042 -622.7778
v  -1078.4885 525.8599 -622.7779
v  -1135.0270 525.8599 -622.7779
v  -1135.0270 540.8181 -622.7779
v  -1135.0270 698.6979 -622.7779
v  -1135.0270 719.2523 -622.7779
v  -1078.4885 540.8181 -622.7779
v  -1078.4885 698.6979 -622.7779
v  -1078.4885 719.2523 -622.7779
v  -915.5593 1086.7042 -632.7778
v  -903.9971 1086.7042 -632.7778
v  -903.9971 1077.8556 -632.7778
v  -915.5593 1077.8556 -632.7778
v  -916.2551 719.2523 -632.7779
v  -900.7993 719.2523 -632.7779
v  -900.7993 698.6979 -632.7779
v  -916.2551 698.6979 -632.7779
v  -845.4564 913.6117 -622.7780
v  -903.9971 913.6117 -622.7780
v  -903.9971 925.2887 -622.7780
v  -903.9971 1077.8556 -622.7778
v  -903.9971 1086.7042 -622.7778
v  -845.4564 925.2887 -622.7780
v  -845.4564 1077.8556 -622.7778
v  -845.4564 1086.7042 -622.7778
v  -839.8231 525.8599 -622.7779
v  -900.7993 525.8599 -622.7779
v  -900.7993 540.8181 -622.7779
v  -900.7993 698.6979 -622.7779
v  -900.7993 719.2523 -622.7779
v  -839.8231 540.8181 -622.7779
v  -839.8231 698.6979 -622.7779
v  -839.8231 719.2523 -622.7779
v  -673.5643 1086.7042 -632.7778
v  -661.8051 1086.7042 -632.7778
v  -661.8051 1077.8556 -632.7778
v  -673.5643 1077.8556 -632.7778
v  -676.3447 719.2523 -632.7779
v  -661.8051 719.2523 -632.7779
v  -661.8051 698.6979 -632.7779
v  -676.3447 698.6979 -632.7779
v  -606.3792 913.6117 -622.7780
v  -661.8051 913.6117 -622.7780
v  -661.8051 925.2888 -622.7780
v  -661.8051 1077.8556 -622.7778
v  -661.8051 1086.7042 -622.7778
v  -606.3792 925.2888 -622.7780
v  -606.3792 1077.8556 -622.7778
v  -606.3792 1086.7042 -622.7778
v  -602.0524 525.8599 -622.7779
v  -661.8051 525.8599 -622.7779
v  -661.8051 540.8181 -622.7779
v  -661.8051 698.6979 -622.7779
v  -661.8051 719.2523 -622.7779
v  -602.0524 540.8181 -622.7779
v  -602.0524 698.6979 -622.7779
v  -602.0524 719.2523 -622.7779
v  -440.7097 1086.7042 -632.7778
v  -428.1051 1086.7042 -632.7778
v  -428.1051 1077.8556 -632.7778
v  -440.7097 1077.8556 -632.7778
v  -437.3008 719.2523 -632.7779
v  -423.0794 719.2523 -632.7779
v  -423.0794 698.6979 -632.7779
v  -437.3008 698.6979 -632.7779
v  -1299.5767 925.2887 -632.7780
v  -1299.5767 1077.8556 -632.7778
v  -1288.5485 1077.8556 -632.7778
v  -1288.5485 925.2887 -632.7780
v  -1082.3280 925.2887 -632.7780
v  -1082.3280 1077.8556 -632.7778
v  -1069.6677 1077.8556 -632.7778
v  -1069.6677 925.2888 -632.7780
v  -845.4564 925.2887 -632.7780
v  -845.4564 1077.8556 -632.7778
v  -834.3602 1077.8556 -632.7778
v  -834.3602 925.2887 -632.7780
v  -606.3792 925.2888 -632.7780
v  -606.3792 1077.8556 -632.7778
v  -593.0491 1077.8556 -632.7778
v  -593.0491 925.2888 -632.7780
v  -1299.5767 913.6117 -632.7780
v  -1288.5485 913.6117 -632.7780
v  -1082.3280 913.6117 -632.7780
v  -1069.6677 913.6117 -632.7780
v  -845.4564 913.6117 -632.7780
v  -834.3602 913.6117 -632.7780
v  -606.3792 913.6117 -632.7780
v  -593.0491 913.6117 -632.7780
v  -1299.5767 1086.7042 -632.7778
v  -1288.5485 1086.7042 -632.7778
v  -1281.0283 925.2888 -602.7780
v  -1288.5485 925.2887 -602.7780
v  -1288.5485 934.3278 -602.7780
v  -1281.0283 934.3278 -602.7780
v  -1138.1034 913.6117 -632.7780
v  -1138.1034 925.2887 -632.7780
v  -1128.7030 925.2887 -632.7780
v  -1128.7030 913.6117 -632.7780
v  -1082.3280 1086.7042 -632.7778
v  -1069.6677 1086.7042 -632.7778
v  -1063.6613 925.2888 -602.7780
v  -1069.6677 925.2888 -602.7780
v  -1069.6677 934.3278 -602.7780
v  -1063.6613 934.3278 -602.7780
v  -915.5593 913.6117 -632.7780
v  -915.5593 925.2887 -632.7780
v  -903.9971 925.2887 -632.7780
v  -903.9971 913.6117 -632.7780
v  -845.4564 1086.7042 -632.7778
v  -834.3602 1086.7042 -632.7778
v  -826.6807 925.2887 -602.7780
v  -834.3602 925.2887 -602.7780
v  -834.3602 934.3278 -602.7780
v  -826.6804 934.3278 -602.7780
v  -673.5643 913.6117 -632.7780
v  -673.5643 925.2888 -632.7780
v  -661.8051 925.2888 -632.7780
v  -661.8051 913.6117 -632.7780
v  -606.3792 1086.7042 -632.7778
v  -593.0491 1086.7042 -632.7778
v  -584.5250 925.2888 -602.7780
v  -593.0491 925.2888 -602.7780
v  -593.0491 934.3278 -602.7780
v  -584.5250 934.3278 -602.7780
v  -440.7097 913.6117 -632.7780
v  -440.7097 925.2888 -632.7780
v  -428.1051 925.2888 -632.7780
v  -428.1051 913.6117 -632.7780
v  -1288.5485 913.6117 -622.7780
v  -1138.1034 913.6117 -622.7780
v  -1138.1034 1086.7042 -622.7778
v  -1288.5485 1086.7042 -622.7778
v  -1288.5485 1077.8556 -622.7778
v  -1138.1034 1077.8556 -622.7778
v  -1138.1034 925.2887 -622.7780
v  -1288.5485 925.2887 -622.7780
v  -1069.6677 913.6117 -622.7780
v  -915.5593 913.6117 -622.7780
v  -915.5593 1086.7042 -622.7778
v  -1069.6677 1086.7042 -622.7778
v  -1069.6677 1077.8556 -622.7778
v  -915.5593 1077.8556 -622.7778
v  -915.5593 925.2887 -622.7780
v  -1069.6677 925.2888 -622.7780
v  -834.3602 913.6117 -622.7780
v  -673.5643 913.6117 -622.7780
v  -673.5643 1086.7042 -622.7778
v  -834.3602 1086.7042 -622.7778
v  -834.3602 1077.8556 -622.7778
v  -673.5643 1077.8556 -622.7778
v  -673.5643 925.2888 -622.7780
v  -834.3602 925.2887 -622.7780
v  -593.0491 913.6117 -622.7780
v  -440.7097 913.6117 -622.7780
v  -428.1051 913.6117 -622.7780
v  -428.1051 925.2888 -622.7780
v  -428.1051 1077.8556 -622.7778
v  -428.1051 1086.7042 -622.7778
v  -440.7097 1086.7042 -622.7778
v  -593.0491 1086.7042 -622.7778
v  -593.0491 1077.8556 -622.7778
v  -440.7097 1077.8556 -622.7778
v  -440.7097 925.2888 -622.7780
v  -593.0491 925.2888 -622.7780
v  -1138.1034 1077.8556 -602.7778
v  -1144.2528 1077.8556 -602.7778
v  -1201.8486 1077.8556 -602.7778
v  -1213.9479 1077.8556 -602.7778
v  -1281.0283 1077.8556 -602.7778
v  -1288.5485 1077.8556 -602.7778
v  -1288.5485 1068.6307 -602.7778
v  -1288.5485 1030.6764 -602.7778
v  -1288.5485 1027.0009 -602.7778
v  -1213.9478 925.2887 -602.7780
v  -1201.8486 925.2887 -602.7780
v  -1144.2528 925.2887 -602.7780
v  -1138.1034 925.2887 -602.7780
v  -1138.1034 934.3278 -602.7780
v  -1138.1034 1027.0009 -602.7778
v  -1138.1034 1030.6764 -602.7778
v  -1138.1034 1068.6307 -602.7778
v  -915.5593 1077.8556 -602.7778
v  -926.3793 1077.8556 -602.7778
v  -993.5291 1077.8556 -602.7778
v  -1005.2175 1077.8556 -602.7778
v  -1063.6613 1077.8556 -602.7778
v  -1069.6677 1077.8556 -602.7778
v  -1069.6677 1068.6307 -602.7778
v  -1069.6677 1030.6764 -602.7778
v  -1069.6677 1027.0009 -602.7778
v  -1005.2175 925.2888 -602.7780
v  -993.5289 925.2888 -602.7780
v  -926.3793 925.2888 -602.7780
v  -915.5593 925.2887 -602.7780
v  -915.5593 934.3278 -602.7780
v  -915.5593 1027.0009 -602.7778
v  -915.5590 1030.6764 -602.7778
v  -915.5593 1068.6307 -602.7778
v  -673.5643 1077.8556 -602.7778
v  -687.6403 1077.8556 -602.7778
v  -760.4122 1077.8556 -602.7778
v  -769.4991 1077.8556 -602.7778
v  -826.6807 1077.8556 -602.7778
v  -834.3602 1077.8556 -602.7778
v  -834.3602 1068.6307 -602.7778
v  -834.3602 1030.6764 -602.7778
v  -834.3602 1027.0009 -602.7778
v  -769.4991 925.2887 -602.7780
v  -760.4122 925.2887 -602.7780
v  -687.6403 925.2888 -602.7780
v  -673.5643 925.2888 -602.7780
v  -673.5643 934.3278 -602.7780
v  -673.5643 1027.0009 -602.7778
v  -673.5643 1030.6764 -602.7778
v  -673.5643 1068.6307 -602.7778
v  -440.7097 1077.8556 -602.7778
v  -452.4445 1077.8556 -602.7778
v  -522.6244 1077.8556 -602.7778
v  -534.7437 1077.8556 -602.7778
v  -584.5250 1077.8556 -602.7778
v  -593.0491 1077.8556 -602.7778
v  -593.0491 1068.6307 -602.7778
v  -593.0491 1030.6764 -602.7778
v  -593.0491 1027.0009 -602.7778
v  -534.7437 925.2888 -602.7780
v  -522.6244 925.2888 -602.7780
v  -452.4445 925.2888 -602.7780
v  -440.7097 925.2888 -602.7780
v  -440.7098 934.3278 -602.7780
v  -440.7097 1027.0009 -602.7778
v  -440.7097 1030.6764 -602.7778
v  -440.7097 1068.6307 -602.7778
v  -452.4445 934.3278 -602.7780
v  -522.6245 934.3278 -602.7780
v  -534.7437 934.3278 -602.7780
v  -687.6403 934.3278 -602.7780
v  -769.4991 934.3278 -602.7780
v  -760.4122 934.3278 -602.7780
v  -926.3793 934.3278 -602.7780
v  -993.5291 934.3278 -602.7780
v  -1005.2175 934.3278 -602.7780
v  -1144.2528 934.3278 -602.7780
v  -1201.8486 934.3278 -602.7780
v  -1213.9478 934.3278 -602.7780
v  -1281.0283 1068.6307 -602.7778
v  -1063.6613 1068.6307 -602.7778
v  -826.6807 1068.6307 -602.7778
v  -584.5250 1068.6307 -602.7778
v  -452.4445 1068.6307 -602.7778
v  -522.6244 1068.6307 -602.7778
v  -534.7437 1068.6307 -602.7778
v  -687.6403 1068.6307 -602.7778
v  -769.4991 1068.6307 -602.7778
v  -760.4122 1068.6307 -602.7778
v  -926.3793 1068.6307 -602.7778
v  -993.5291 1068.6307 -602.7778
v  -1005.2175 1068.6307 -602.7778
v  -1144.2528 1068.6307 -602.7778
v  -1201.8486 1068.6307 -602.7778
v  -1213.9479 1068.6307 -602.7778
v  -1281.0283 1027.0009 -602.7778
v  -1063.6613 1027.0009 -602.7778
v  -826.6807 1027.0009 -602.7778
v  -584.5250 1027.0009 -602.7778
v  -452.4445 1027.0009 -602.7778
v  -452.4445 1027.0009 -593.7444
v  -452.4445 934.3278 -593.7445
v  -522.6245 934.3278 -593.7445
v  -522.6244 1027.0009 -593.7444
v  -522.6244 1027.0009 -602.7778
v  -534.7437 1027.0009 -602.7778
v  -534.7437 1027.0009 -593.7444
v  -534.7437 934.3278 -593.7445
v  -584.5250 934.3278 -593.7445
v  -584.5250 1027.0009 -593.7444
v  -687.6403 1027.0009 -602.7778
v  -769.4991 1027.0009 -593.7444
v  -769.4991 934.3278 -593.7445
v  -826.6804 934.3278 -593.7445
v  -826.6807 1027.0009 -593.7444
v  -760.4122 1027.0009 -602.7778
v  -769.4991 1027.0009 -602.7778
v  -687.6403 1027.0009 -593.7444
v  -687.6403 934.3278 -593.7445
v  -760.4122 934.3278 -593.7445
v  -760.4122 1027.0009 -593.7444
v  -926.3793 1027.0009 -602.7778
v  -926.3793 1027.0009 -593.7444
v  -926.3793 934.3278 -593.7445
v  -993.5291 934.3278 -593.7445
v  -993.5291 1027.0009 -593.7444
v  -993.5291 1027.0009 -602.7778
v  -1005.2175 1027.0009 -602.7778
v  -1005.2175 1027.0009 -593.7444
v  -1005.2175 934.3278 -593.7445
v  -1063.6613 934.3278 -593.7445
v  -1063.6613 1027.0009 -593.7444
v  -1144.2528 1027.0009 -602.7778
v  -1144.2528 1027.0009 -593.7444
v  -1144.2528 934.3278 -593.7445
v  -1201.8486 934.3278 -593.7445
v  -1201.8486 1027.0009 -593.7444
v  -1201.8486 1027.0009 -602.7778
v  -1213.9479 1027.0009 -602.7778
v  -1213.9479 1027.0009 -593.7444
v  -1213.9478 934.3278 -593.7445
v  -1281.0283 934.3278 -593.7445
v  -1281.0283 1027.0009 -593.7444
v  -1281.0283 1030.6764 -602.7778
v  -1063.6613 1030.6764 -602.7778
v  -826.6807 1030.6764 -602.7778
v  -584.5250 1030.6764 -602.7778
v  -452.4445 1030.6764 -602.7778
v  -522.6244 1030.6764 -602.7778
v  -534.7437 1030.6764 -602.7778
v  -687.6403 1030.6764 -602.7778
v  -769.4991 1030.6764 -602.7778
v  -760.4122 1030.6764 -602.7778
v  -926.3793 1030.6764 -602.7778
v  -993.5291 1030.6764 -602.7778
v  -1005.2175 1030.6764 -602.7778
v  -1144.2528 1030.6764 -602.7778
v  -1201.8488 1030.6764 -602.7778
v  -1213.9479 1030.6764 -602.7778
v  -452.4445 1068.6307 -593.7444
v  -452.4445 1030.6764 -593.7444
v  -522.6244 1030.6764 -593.7444
v  -522.6244 1068.6307 -593.7444
v  -534.7437 1068.6307 -593.7444
v  -534.7437 1030.6764 -593.7444
v  -584.5250 1030.6764 -593.7444
v  -584.5250 1068.6307 -593.7444
v  -769.4991 1068.6307 -593.7444
v  -769.4991 1030.6764 -593.7444
v  -826.6807 1030.6764 -593.7444
v  -826.6807 1068.6307 -593.7444
v  -687.6403 1068.6307 -593.7444
v  -687.6403 1030.6764 -593.7444
v  -760.4122 1030.6764 -593.7444
v  -760.4122 1068.6307 -593.7444
v  -926.3793 1068.6307 -593.7444
v  -926.3793 1030.6764 -593.7444
v  -993.5291 1030.6764 -593.7444
v  -993.5291 1068.6307 -593.7444
v  -1005.2175 1068.6307 -593.7444
v  -1005.2175 1030.6764 -593.7444
v  -1063.6613 1030.6764 -593.7444
v  -1063.6613 1068.6307 -593.7444
v  -1144.2528 1068.6307 -593.7444
v  -1144.2528 1030.6764 -593.7444
v  -1201.8488 1030.6764 -593.7444
v  -1201.8486 1068.6307 -593.7444
v  -1213.9479 1068.6307 -593.7444
v  -1213.9479 1030.6764 -593.7444
v  -1281.0283 1030.6764 -593.7444
v  -1281.0283 1068.6307 -593.7444
v  -1295.6090 540.8181 -632.7779
v  -1295.6090 698.6979 -632.7779
v  -1277.7332 698.6979 -632.7779
v  -1277.7332 540.8181 -632.7779
v  -1078.4885 540.8181 -632.7779
v  -1078.4885 698.6979 -632.7779
v  -1061.9767 698.6979 -632.7779
v  -1061.9767 540.8181 -632.7779
v  -839.8231 540.8181 -632.7779
v  -839.8231 698.6979 -632.7779
v  -824.6683 698.6979 -632.7779
v  -824.6683 540.8181 -632.7779
v  -602.0524 540.8181 -632.7779
v  -602.0524 698.6979 -632.7779
v  -586.9260 698.6979 -632.7779
v  -586.9260 540.8181 -632.7779
v  -1295.6090 525.8599 -632.7779
v  -1277.7332 525.8599 -632.7779
v  -1078.4885 525.8599 -632.7779
v  -1061.9767 525.8599 -632.7779
v  -839.8231 525.8599 -632.7779
v  -824.6683 525.8599 -632.7779
v  -602.0524 525.8599 -632.7779
v  -586.9260 525.8599 -632.7779
v  -1295.6090 719.2523 -632.7779
v  -1277.7332 719.2523 -632.7779
v  -1273.1575 540.8181 -622.7779
v  -1277.7332 540.8181 -622.7779
v  -1277.7334 549.5196 -622.7779
v  -1273.1575 549.5196 -622.7779
v  -1149.6583 525.8599 -632.7779
v  -1149.6583 540.8181 -632.7779
v  -1135.0270 540.8181 -632.7779
v  -1135.0270 525.8599 -632.7779
v  -1078.4885 719.2523 -632.7779
v  -1061.9767 719.2523 -632.7779
v  -1056.4088 540.8181 -622.7779
v  -1061.9767 540.8181 -622.7779
v  -1061.9767 549.5196 -622.7779
v  -1056.4088 549.5196 -622.7779
v  -916.2551 525.8599 -632.7779
v  -916.2551 540.8181 -632.7779
v  -900.7993 540.8181 -632.7779
v  -900.7993 525.8599 -632.7779
v  -839.8231 719.2523 -632.7779
v  -824.6683 719.2523 -632.7779
v  -821.0062 540.8181 -622.7779
v  -824.6683 540.8181 -622.7779
v  -824.6683 549.5196 -622.7779
v  -821.0062 549.5196 -622.7779
v  -676.3447 525.8599 -632.7779
v  -676.3447 540.8181 -632.7779
v  -661.8051 540.8181 -632.7779
v  -661.8051 525.8599 -632.7779
v  -602.0524 719.2523 -632.7779
v  -586.9260 719.2523 -632.7779
v  -581.9167 540.8181 -622.7779
v  -586.9260 540.8181 -622.7779
v  -586.9260 549.5196 -622.7779
v  -581.9167 549.5196 -622.7779
v  -437.3008 525.8599 -632.7779
v  -437.3008 540.8181 -632.7779
v  -423.0794 540.8181 -632.7779
v  -423.0794 525.8599 -632.7779
v  -1277.7332 525.8599 -622.7779
v  -1149.6583 525.8599 -622.7779
v  -1149.6583 719.2523 -622.7779
v  -1277.7332 719.2523 -622.7779
v  -1277.7332 698.6979 -622.7779
v  -1273.1576 698.6979 -622.7779
v  -1149.6583 698.6979 -622.7779
v  -1154.8109 698.6979 -622.7779
v  -1217.0599 698.6979 -622.7779
v  -1224.2704 698.6979 -622.7779
v  -1149.6583 695.2313 -622.7779
v  -1149.6583 540.8181 -622.7779
v  -1149.6583 549.5196 -622.7779
v  -1149.6583 635.9652 -622.7779
v  -1149.6583 644.9454 -622.7779
v  -1154.8109 540.8181 -622.7779
v  -1224.2704 540.8181 -622.7779
v  -1217.0599 540.8181 -622.7779
v  -1277.7332 695.2313 -622.7779
v  -1277.7332 644.9454 -622.7779
v  -1277.7332 635.9652 -622.7779
v  -1061.9767 525.8599 -622.7779
v  -916.2551 525.8599 -622.7779
v  -916.2551 719.2523 -622.7779
v  -1061.9767 719.2523 -622.7779
v  -1061.9767 698.6979 -622.7779
v  -1056.4088 698.6979 -622.7779
v  -916.2551 698.6979 -622.7779
v  -921.7717 698.6979 -622.7779
v  -1002.2059 698.6979 -622.7779
v  -1009.9730 698.6979 -622.7779
v  -916.2551 695.2313 -622.7779
v  -916.2551 540.8181 -622.7779
v  -916.2551 549.5196 -622.7779
v  -916.2551 635.9652 -622.7779
v  -916.2551 644.9454 -622.7779
v  -921.7717 540.8181 -622.7779
v  -1009.9730 540.8181 -622.7779
v  -1002.2059 540.8181 -622.7779
v  -1061.9767 695.2313 -622.7779
v  -1061.9767 644.9454 -622.7779
v  -1061.9767 635.9652 -622.7779
v  -824.6683 525.8599 -622.7779
v  -676.3447 525.8599 -622.7779
v  -676.3447 719.2523 -622.7779
v  -824.6683 719.2523 -622.7779
v  -824.6683 698.6979 -622.7779
v  -821.0059 698.6979 -622.7779
v  -676.3447 698.6979 -622.7779
v  -683.9235 698.6979 -622.7779
v  -770.7614 698.6979 -622.7779
v  -777.1937 698.6979 -622.7779
v  -676.3447 695.2313 -622.7779
v  -676.3447 540.8181 -622.7779
v  -676.3447 549.5196 -622.7779
v  -676.3447 635.9652 -622.7779
v  -676.3447 644.9454 -622.7779
v  -683.9235 540.8181 -622.7779
v  -777.1937 540.8181 -622.7779
v  -770.7614 540.8181 -622.7779
v  -824.6683 695.2313 -622.7779
v  -824.6683 644.9454 -622.7779
v  -824.6683 635.9652 -622.7779
v  -586.9260 525.8599 -622.7779
v  -437.3008 525.8599 -622.7779
v  -423.0794 525.8599 -622.7779
v  -423.0794 540.8181 -622.7779
v  -423.0794 698.6979 -622.7779
v  -423.0794 719.2523 -622.7779
v  -437.3008 719.2523 -622.7779
v  -586.9260 719.2523 -622.7779
v  -586.9260 698.6979 -622.7779
v  -581.9167 698.6979 -622.7779
v  -437.3008 698.6979 -622.7779
v  -445.5554 698.6979 -622.7779
v  -534.5891 698.6979 -622.7779
v  -543.6458 698.6979 -622.7779
v  -437.3008 695.2313 -622.7779
v  -437.3008 540.8181 -622.7779
v  -437.3008 549.5196 -622.7779
v  -437.3008 635.9652 -622.7779
v  -437.3008 644.9454 -622.7779
v  -445.5554 540.8181 -622.7779
v  -543.6458 540.8181 -622.7779
v  -534.5891 540.8181 -622.7779
v  -586.9260 695.2313 -622.7779
v  -586.9260 644.9454 -622.7779
v  -586.9260 635.9652 -622.7779
v  -445.5554 549.5196 -622.7779
v  -534.5891 549.5196 -622.7779
v  -543.6458 549.5196 -622.7779
v  -683.9235 549.5196 -622.7779
v  -770.7612 549.5196 -622.7779
v  -777.1937 549.5196 -622.7779
v  -921.7717 549.5196 -622.7779
v  -1002.2059 549.5196 -622.7779
v  -1009.9730 549.5196 -622.7779
v  -1154.8109 549.5196 -622.7779
v  -1217.0599 549.5196 -622.7779
v  -1224.2704 549.5196 -622.7779
v  -1273.1575 644.9454 -622.7779
v  -1273.1575 635.9652 -622.7779
v  -1056.4088 644.9454 -622.7779
v  -1056.4088 635.9652 -622.7779
v  -821.0062 644.9454 -622.7779
v  -821.0062 635.9652 -622.7779
v  -581.9167 644.9454 -622.7779
v  -581.9167 635.9652 -622.7779
v  -445.5554 635.9652 -622.7779
v  -445.5552 644.9454 -622.7779
v  -534.5891 635.9652 -622.7779
v  -534.5891 644.9454 -622.7779
v  -543.6458 635.9652 -622.7779
v  -543.6458 644.9454 -622.7779
v  -683.9235 635.9652 -622.7779
v  -683.9235 644.9454 -622.7779
v  -770.7614 635.9652 -622.7779
v  -770.7614 644.9454 -622.7779
v  -777.1937 635.9652 -622.7779
v  -777.1937 644.9454 -622.7779
v  -921.7717 635.9652 -622.7779
v  -921.7717 644.9454 -622.7779
v  -1002.2059 635.9652 -622.7779
v  -1002.2059 644.9454 -622.7779
v  -1009.9730 635.9652 -622.7779
v  -1009.9730 644.9454 -622.7779
v  -1154.8109 635.9652 -622.7779
v  -1154.8109 644.9454 -622.7779
v  -1217.0599 635.9652 -622.7779
v  -1217.0599 644.9454 -622.7779
v  -1224.2704 635.9652 -622.7779
v  -1224.2704 644.9454 -622.7779
v  -1273.1576 695.2313 -622.7779
v  -1056.4088 695.2313 -622.7779
v  -821.0059 695.2313 -622.7779
v  -581.9169 695.2313 -622.7779
v  -445.5554 695.2313 -622.7779
v  -445.5554 695.2313 -613.7444
v  -445.5552 644.9454 -613.7444
v  -534.5891 644.9454 -613.7444
v  -534.5891 695.2313 -613.7444
v  -534.5891 695.2313 -622.7779
v  -543.6458 695.2313 -622.7779
v  -543.6458 695.2313 -613.7444
v  -543.6458 644.9454 -613.7444
v  -581.9167 644.9454 -613.7444
v  -581.9169 695.2313 -613.7444
v  -683.9235 695.2313 -622.7779
v  -683.9235 695.2313 -613.7444
v  -683.9235 644.9454 -613.7444
v  -770.7614 644.9454 -613.7444
v  -770.7614 695.2313 -613.7444
v  -770.7614 695.2313 -622.7779
v  -777.1937 695.2313 -622.7779
v  -777.1937 695.2313 -613.7444
v  -777.1937 644.9454 -613.7444
v  -821.0062 644.9454 -613.7444
v  -821.0059 695.2313 -613.7444
v  -921.7717 695.2313 -622.7779
v  -921.7717 695.2313 -613.7444
v  -921.7717 644.9454 -613.7444
v  -1002.2059 644.9454 -613.7444
v  -1002.2059 695.2313 -613.7444
v  -1002.2059 695.2313 -622.7779
v  -1009.9730 695.2313 -622.7779
v  -1009.9730 695.2313 -613.7444
v  -1009.9730 644.9454 -613.7444
v  -1056.4088 644.9454 -613.7444
v  -1056.4088 695.2313 -613.7444
v  -1154.8109 695.2313 -622.7779
v  -1154.8109 695.2313 -613.7444
v  -1154.8109 644.9454 -613.7444
v  -1217.0599 644.9454 -613.7444
v  -1217.0599 695.2313 -613.7444
v  -1217.0599 695.2313 -622.7779
v  -1224.2704 695.2313 -622.7779
v  -1224.2704 695.2313 -613.7444
v  -1224.2704 644.9454 -613.7444
v  -1273.1575 644.9454 -613.7444
v  -1273.1576 695.2313 -613.7444
v  -445.5554 635.9652 -613.7444
v  -445.5554 549.5196 -613.7444
v  -534.5891 549.5196 -613.7444
v  -534.5891 635.9652 -613.7444
v  -543.6458 635.9652 -613.7444
v  -543.6458 549.5196 -613.7444
v  -581.9167 549.5196 -613.7444
v  -581.9167 635.9652 -613.7444
v  -683.9235 635.9652 -613.7444
v  -683.9235 549.5196 -613.7444
v  -770.7612 549.5196 -613.7444
v  -770.7614 635.9652 -613.7444
v  -777.1937 635.9652 -613.7444
v  -777.1937 549.5196 -613.7444
v  -821.0062 549.5196 -613.7444
v  -821.0062 635.9652 -613.7444
v  -921.7717 635.9652 -613.7444
v  -921.7717 549.5196 -613.7444
v  -1002.2059 549.5196 -613.7444
v  -1002.2059 635.9652 -613.7444
v  -1009.9730 635.9652 -613.7444
v  -1009.9730 549.5196 -613.7444
v  -1056.4088 549.5196 -613.7444
v  -1056.4088 635.9652 -613.7444
v  -1154.8109 635.9652 -613.7444
v  -1154.8109 549.5196 -613.7444
v  -1217.0599 549.5196 -613.7444
v  -1217.0599 635.9652 -613.7444
v  -1224.2704 635.9652 -613.7444
v  -1224.2704 549.5196 -613.7444
v  -1273.1575 549.5196 -613.7444
v  -1273.1575 635.9652 -613.7444
v  -407.6083 525.8599 -622.7779
v  -407.6079 1199.5734 -622.7779
v  -407.6071 1086.7042 -622.7778
v  -1345.4006 1113.9200 -622.7778
v  -1345.3975 1199.5734 -622.7779
v  -407.6075 913.6117 -622.7780
v  -407.6079 719.2523 -622.7779
v  -407.2213 457.5344 -693.9346
v  -407.2211 462.8115 -693.9346
v  407.0750 462.8115 -693.9346
v  407.0752 457.5345 -693.9346
v  -336.0009 26.6337 -622.7779
v  -336.0009 -0.4267 -622.7779
v  -336.0009 73.8635 -622.7780
v  -336.0009 89.8692 -622.7780
v  -336.0009 347.6726 -622.7778
v  -407.2211 437.0767 -640.1335
v  407.0750 437.0768 -640.1335
v  407.0750 426.1163 -640.1335
v  -407.2211 426.1162 -640.1335
v  -407.2211 426.1162 -632.7779
v  407.0750 426.1163 -632.7779
v  407.0750 418.8136 -632.7779
v  374.5282 418.8136 -632.7779
v  248.7253 418.8136 -632.7779
v  180.9677 418.8136 -632.7779
v  54.9014 418.8136 -632.7779
v  -8.6882 418.8136 -632.7779
v  -129.7874 418.8136 -632.7779
v  -201.7637 418.8136 -632.7779
v  -327.9885 418.8136 -632.7779
v  -336.0009 418.8136 -632.7779
v  -407.2211 418.8136 -632.7779
v  -336.0009 418.8136 -622.7779
v  -327.9885 -0.4267 -622.7779
v  -327.9885 26.6337 -622.7779
v  -327.9885 73.8635 -622.7780
v  -327.9885 89.8692 -622.7780
v  -327.9885 347.6726 -622.7778
v  -327.9885 418.8136 -622.7779
v  -193.8170 -0.4267 -622.7779
v  -193.8170 26.6337 -622.7779
v  -193.8170 73.8635 -622.7780
v  -193.8170 73.8635 -632.7780
v  -327.9885 73.8635 -632.7780
v  -327.9886 82.2785 -632.7780
v  -193.8170 82.2785 -632.7780
v  -319.4572 89.8692 -602.7780
v  -327.9885 89.8692 -602.7780
v  -327.9885 105.0419 -602.7780
v  -319.4572 105.0419 -602.7780
v  -201.7637 418.8136 -622.7779
v  -199.6578 399.9613 -622.7778
v  -193.8170 347.6726 -622.7778
v  -137.7343 -0.4267 -622.7779
v  -137.7343 26.6337 -622.7779
v  -137.7343 73.8635 -622.7780
v  -193.8170 89.8692 -622.7780
v  -137.7343 89.8692 -622.7780
v  -137.7343 347.6726 -622.7778
v  -137.7343 347.6726 -628.2727
v  -193.8170 347.6726 -628.2727
v  -199.6578 399.9613 -633.6722
v  -131.8932 399.9613 -633.6722
v  -3.0307 -0.4267 -622.7779
v  -3.0307 26.6337 -622.7779
v  -3.0307 73.8635 -622.7780
v  -3.0307 73.8635 -632.7780
v  -137.7343 73.8635 -632.7780
v  -137.7343 82.2785 -632.7780
v  -3.0307 82.2785 -632.7780
v  -130.0660 89.8692 -602.7780
v  -137.7343 89.8692 -602.7780
v  -137.7343 105.0419 -602.7780
v  -130.0660 105.0419 -602.7780
v  -131.8932 399.9613 -622.7778
v  -129.7874 418.8136 -622.7779
v  -8.6882 418.8136 -622.7779
v  -7.1889 399.9613 -622.7778
v  -3.0307 347.6726 -622.7778
v  49.2438 -0.4267 -622.7779
v  49.2438 26.6337 -622.7779
v  49.2438 73.8635 -622.7780
v  -3.0307 89.8692 -622.7780
v  49.2439 89.8692 -622.7780
v  49.2438 347.6726 -622.7778
v  49.2438 347.6726 -628.2727
v  -3.0307 347.6726 -628.2727
v  -7.1889 399.9613 -633.6722
v  53.4021 399.9613 -633.6722
v  186.5947 -0.4267 -622.7779
v  186.5947 26.6337 -622.7779
v  186.5947 73.8635 -622.7780
v  186.5947 73.8635 -632.7780
v  49.2438 73.8635 -632.7780
v  49.2438 82.2785 -632.7780
v  186.5947 82.2785 -632.7780
v  58.9338 89.8692 -602.7780
v  49.2439 89.8692 -602.7780
v  49.2439 105.0419 -602.7780
v  58.9338 105.0419 -602.7780
v  53.4021 399.9613 -622.7778
v  54.9014 418.8136 -622.7779
v  180.9677 418.8136 -622.7779
v  182.4589 399.9613 -622.7778
v  186.5947 347.6726 -622.7778
v  243.0984 -0.4267 -622.7779
v  243.0984 26.6337 -622.7779
v  243.0984 73.8635 -622.7780
v  186.5947 89.8692 -622.7780
v  243.0984 89.8692 -622.7780
v  243.0984 347.6726 -622.7778
v  243.0984 347.6726 -628.2727
v  186.5947 347.6726 -628.2727
v  182.4589 399.9613 -633.6722
v  247.2343 399.9613 -633.6722
v  374.5282 -0.4267 -622.7779
v  374.5282 26.6337 -622.7779
v  374.5282 73.8635 -622.7780
v  374.5282 73.8635 -632.7780
v  243.0984 73.8635 -632.7780
v  243.0984 82.2785 -632.7780
v  374.5282 82.2785 -632.7780
v  253.9726 89.8692 -602.7780
v  243.0984 89.8692 -602.7780
v  243.0984 105.0419 -602.7780
v  253.9726 105.0419 -602.7780
v  248.7253 418.8136 -622.7779
v  374.5282 418.8136 -622.7779
v  374.5282 347.6726 -622.7778
v  247.2343 399.9613 -622.7778
v  407.0750 63.2175 -622.7780
v  407.0750 53.1842 -622.7780
v  374.5282 89.8692 -622.7780
v  407.0750 77.5082 -622.7780
v  407.0750 93.9177 -622.7780
v  -253.2247 89.8692 -602.7780
v  -244.9863 89.8692 -602.7780
v  -202.2346 89.8692 -602.7780
v  -193.8170 89.8692 -602.7780
v  -193.8170 105.0419 -602.7780
v  -193.8170 234.8712 -602.7778
v  -193.8170 245.9349 -602.7778
v  -193.8170 339.5238 -602.7778
v  -193.8170 347.6725 -602.7778
v  -202.2346 347.6725 -602.7778
v  -244.9863 347.6725 -602.7778
v  -253.2247 347.6725 -602.7778
v  -319.4572 347.6725 -602.7778
v  -327.9885 347.6725 -602.7778
v  -327.9885 339.5238 -602.7778
v  -327.9885 245.9349 -602.7778
v  -327.9885 234.8711 -602.7778
v  -87.3821 89.8692 -602.7780
v  -79.2418 89.8693 -602.7780
v  -11.2069 89.8692 -602.7780
v  -3.0307 89.8692 -602.7780
v  -3.0308 105.0419 -602.7780
v  -3.0307 234.8711 -602.7778
v  -3.0307 245.9349 -602.7778
v  -3.0307 339.5238 -602.7778
v  -3.0307 347.6726 -602.7778
v  -11.2070 347.6726 -602.7778
v  -79.2418 347.6725 -602.7778
v  -87.3822 347.6725 -602.7778
v  -130.0660 347.6725 -602.7778
v  -137.7343 347.6725 -602.7778
v  -137.7343 339.5238 -602.7778
v  -137.7343 245.9349 -602.7778
v  -137.7343 234.8711 -602.7778
v  130.5559 89.8692 -602.7780
v  137.6676 89.8692 -602.7780
v  178.2784 89.8692 -602.7780
v  186.5947 89.8692 -602.7780
v  186.5947 105.0419 -602.7780
v  186.5947 234.8711 -602.7778
v  186.5947 245.9349 -602.7778
v  186.5947 339.5238 -602.7778
v  186.5947 347.6726 -602.7778
v  178.2783 347.6726 -602.7778
v  137.6676 347.6725 -602.7778
v  130.5559 347.6725 -602.7778
v  58.9337 347.6726 -602.7778
v  49.2438 347.6726 -602.7778
v  49.2438 339.5238 -602.7778
v  49.2438 245.9349 -602.7778
v  49.2438 234.8711 -602.7778
v  292.5656 89.8693 -602.7780
v  298.6480 89.8693 -602.7780
v  366.6566 89.8692 -602.7780
v  374.5282 89.8692 -602.7780
v  374.5282 105.0419 -602.7780
v  374.5282 234.8711 -602.7778
v  374.5282 245.9349 -602.7778
v  374.5282 339.5238 -602.7778
v  374.5282 347.6726 -602.7778
v  366.6566 347.6726 -602.7778
v  298.6480 347.6726 -602.7778
v  292.5655 347.6726 -602.7778
v  253.9726 347.6726 -602.7778
v  243.0984 347.6726 -602.7778
v  243.0984 339.5238 -602.7778
v  243.0984 245.9349 -602.7778
v  243.0984 234.8711 -602.7778
v  -193.8170 89.8692 -632.7780
v  -327.9885 89.8692 -632.7780
v  -3.0307 89.8692 -632.7780
v  -137.7343 89.8692 -632.7780
v  186.5947 89.8692 -632.7780
v  49.2439 89.8692 -632.7780
v  374.5282 89.8692 -632.7780
v  243.0984 89.8692 -632.7780
v  -193.8170 89.8692 -637.7839
v  -193.8170 82.2785 -637.7839
v  -327.9886 82.2785 -637.7839
v  -327.9885 89.8692 -637.7839
v  -3.0307 89.8692 -637.7839
v  -3.0307 82.2785 -637.7839
v  -137.7343 82.2785 -637.7839
v  -137.7343 89.8692 -637.7839
v  186.5947 89.8692 -637.7839
v  186.5947 82.2785 -637.7839
v  49.2438 82.2785 -637.7839
v  49.2439 89.8692 -637.7839
v  374.5282 89.8692 -637.7839
v  374.5282 82.2785 -637.7839
v  243.0984 82.2785 -637.7839
v  243.0984 89.8692 -637.7839
v  -129.7874 418.8136 -633.6723
v  -201.7637 418.8136 -633.6723
v  54.9014 418.8136 -633.6723
v  -8.6882 418.8136 -633.6723
v  248.7253 418.8136 -633.6723
v  180.9677 418.8136 -633.6723
v  407.0750 462.8115 -632.7779
v  -407.2211 462.8115 -632.7779
v  -407.2211 437.0767 -632.7779
v  -407.2211 437.0767 -622.7779
v  -407.2211 426.1162 -622.7779
v  407.0750 462.8115 -640.1335
v  -407.2211 462.8115 -640.1335
v  -407.2211 437.0767 -679.9019
v  407.0750 437.0768 -679.9019
v  407.0750 462.8115 -679.9019
v  -407.2211 462.8115 -679.9019
v  -407.2213 457.5344 -679.9019
v  -202.2346 339.5238 -602.7778
v  -11.2070 339.5238 -602.7778
v  178.2783 339.5238 -602.7778
v  366.6566 339.5238 -602.7778
v  -202.2346 105.0419 -602.7780
v  -202.2346 234.8712 -602.7778
v  -11.2069 105.0419 -602.7780
v  -11.2069 234.8711 -602.7778
v  178.2784 105.0419 -602.7780
v  178.2784 234.8711 -602.7778
v  366.6566 105.0419 -602.7780
v  366.6566 234.8711 -602.7778
v  -202.2346 245.9349 -602.7778
v  -11.2069 245.9349 -602.7778
v  178.2784 245.9349 -602.7778
v  366.6566 245.9349 -602.7778
v  -253.2247 105.0419 -602.7780
v  -319.4572 339.5238 -602.7778
v  -319.4572 234.8711 -602.7778
v  -319.4572 245.9349 -602.7778
v  -253.2247 339.5238 -602.7778
v  -319.4572 234.8711 -590.7444
v  -253.2247 234.8711 -590.7444
v  -253.2247 105.0419 -590.7445
v  -319.4572 105.0419 -590.7445
v  -253.2247 245.9349 -602.7778
v  -253.2247 234.8711 -602.7778
v  -319.4572 339.5238 -590.7444
v  -253.2247 339.5238 -590.7444
v  -253.2247 245.9349 -590.7444
v  -319.4572 245.9349 -590.7444
v  -244.9863 105.0419 -602.7780
v  -244.9863 339.5238 -602.7778
v  -244.9863 234.8711 -602.7778
v  -244.9863 245.9349 -602.7778
v  -244.9863 234.8711 -590.7444
v  -202.2346 234.8712 -590.7444
v  -202.2346 105.0419 -590.7445
v  -244.9863 105.0419 -590.7445
v  -244.9863 339.5238 -590.7444
v  -202.2346 339.5238 -590.7444
v  -202.2346 245.9349 -590.7444
v  -244.9863 245.9349 -590.7444
v  -87.3821 105.0419 -602.7780
v  -130.0660 339.5238 -602.7778
v  -130.0660 234.8711 -602.7778
v  -130.0660 245.9349 -602.7778
v  -87.3822 339.5238 -602.7778
v  -130.0660 234.8711 -590.7444
v  -87.3821 234.8711 -590.7444
v  -87.3821 105.0419 -590.7445
v  -130.0660 105.0419 -590.7445
v  -87.3821 245.9349 -602.7778
v  -87.3821 234.8711 -602.7778
v  -130.0660 339.5238 -590.7444
v  -87.3822 339.5238 -590.7444
v  -87.3821 245.9349 -590.7444
v  -130.0660 245.9349 -590.7444
v  -79.2418 105.0419 -602.7780
v  -79.2418 339.5238 -602.7778
v  -79.2418 234.8711 -602.7778
v  -79.2418 245.9349 -602.7778
v  -79.2418 234.8711 -590.7444
v  -11.2069 234.8711 -590.7444
v  -11.2069 105.0419 -590.7445
v  -79.2418 105.0419 -590.7445
v  -79.2418 339.5238 -590.7444
v  -11.2070 339.5238 -590.7444
v  -11.2069 245.9349 -590.7444
v  -79.2418 245.9349 -590.7444
v  130.5560 105.0419 -602.7780
v  58.9337 339.5238 -602.7778
v  58.9338 234.8711 -602.7778
v  58.9338 245.9349 -602.7778
v  130.5559 339.5238 -602.7778
v  58.9338 234.8711 -590.7444
v  130.5560 234.8711 -590.7444
v  130.5560 105.0419 -590.7445
v  58.9338 105.0419 -590.7445
v  130.5560 245.9349 -602.7778
v  130.5560 234.8711 -602.7778
v  58.9337 339.5238 -590.7444
v  130.5559 339.5238 -590.7444
v  130.5560 245.9349 -590.7444
v  58.9338 245.9349 -590.7444
v  137.6676 105.0419 -602.7780
v  137.6676 339.5238 -602.7778
v  137.6676 234.8711 -602.7778
v  137.6676 245.9349 -602.7778
v  137.6676 234.8711 -590.7444
v  178.2784 234.8711 -590.7444
v  178.2784 105.0419 -590.7445
v  137.6676 105.0419 -590.7445
v  137.6676 339.5238 -590.7444
v  178.2783 339.5238 -590.7444
v  178.2784 245.9349 -590.7444
v  137.6676 245.9349 -590.7444
v  292.5656 105.0419 -602.7780
v  253.9726 339.5238 -602.7778
v  253.9726 234.8711 -602.7778
v  253.9726 245.9349 -602.7778
v  292.5655 339.5238 -602.7778
v  253.9726 234.8711 -594.7778
v  292.5656 234.8711 -594.7778
v  292.5656 105.0419 -594.7780
v  253.9726 105.0419 -594.7780
v  292.5656 245.9349 -602.7778
v  292.5656 234.8711 -602.7778
v  253.9726 339.5238 -590.7444
v  292.5655 339.5238 -590.7444
v  292.5656 245.9349 -590.7444
v  253.9726 245.9349 -590.7444
v  298.6480 105.0419 -602.7780
v  298.6480 339.5238 -602.7778
v  298.6480 234.8711 -602.7778
v  298.6480 245.9349 -602.7778
v  298.6480 234.8711 -594.7778
v  366.6566 234.8711 -594.7778
v  366.6566 105.0419 -594.7780
v  298.6480 105.0419 -594.7780
v  298.6480 339.5238 -594.7778
v  366.6566 339.5238 -594.7778
v  366.6566 245.9349 -594.7778
v  298.6480 245.9349 -594.7778
v  407.0752 457.5345 -679.9019
v  -367.4160 913.6117 -622.7780
v  -367.4160 925.2887 -622.7780
v  -367.4160 1077.8556 -622.7778
v  -367.4160 1086.7042 -622.7778
v  -363.9695 525.8599 -622.7779
v  -363.9695 540.8181 -622.7779
v  -363.9695 698.6979 -622.7779
v  -363.9695 719.2523 -622.7779
v  -227.1488 1086.7042 -632.7778
v  -218.9829 1086.7042 -632.7778
v  -218.9829 1077.8556 -632.7778
v  -227.1488 1077.8556 -632.7778
v  -237.1862 719.2523 -632.7779
v  -224.4763 719.2523 -632.7779
v  -224.4763 698.6979 -632.7779
v  -237.1862 698.6979 -632.7779
v  -178.6982 913.6117 -622.7780
v  -218.9829 913.6117 -622.7780
v  -218.9829 925.2887 -622.7780
v  -218.9829 1077.8556 -622.7778
v  -218.9829 1086.7042 -622.7778
v  -178.6982 925.2887 -622.7780
v  -178.6982 1077.8556 -622.7778
v  -178.6982 1086.7042 -622.7778
v  -175.3630 525.8599 -622.7779
v  -224.4763 525.8599 -622.7779
v  -224.4763 540.8181 -622.7779
v  -224.4763 698.6979 -622.7779
v  -224.4763 719.2523 -622.7779
v  -175.3630 540.8181 -622.7779
v  -175.3630 698.6979 -622.7779
v  -175.3630 719.2523 -622.7779
v  -33.8310 1086.7042 -632.7778
v  -23.7873 1086.7042 -632.7778
v  -23.7873 1077.8556 -632.7778
v  -33.8310 1077.8556 -632.7778
v  -34.4353 719.2523 -632.7779
v  -21.0094 719.2523 -632.7779
v  -21.0094 698.6979 -632.7779
v  -34.4353 698.6979 -632.7779
v  27.0656 913.6117 -622.7780
v  -23.7873 913.6117 -622.7780
v  -23.7873 925.2887 -622.7780
v  -23.7873 1077.8556 -622.7778
v  -23.7873 1086.7042 -622.7778
v  27.0656 925.2887 -622.7780
v  27.0656 1077.8556 -622.7778
v  27.0656 1086.7042 -622.7778
v  31.9590 525.8599 -622.7779
v  -21.0094 525.8599 -622.7779
v  -21.0094 540.8181 -622.7779
v  -21.0094 698.6979 -622.7779
v  -21.0094 719.2523 -622.7779
v  31.9590 540.8181 -622.7779
v  31.9590 698.6979 -622.7779
v  31.9590 719.2523 -622.7779
v  176.3834 1086.7042 -632.7778
v  186.5983 1086.7042 -632.7778
v  186.5983 1077.8556 -632.7778
v  176.3834 1077.8556 -632.7778
v  173.9680 719.2523 -632.7779
v  186.5983 719.2523 -632.7779
v  186.5983 698.6979 -632.7779
v  173.9680 698.6979 -632.7779
v  234.7451 913.6117 -622.7780
v  186.5983 913.6117 -622.7780
v  186.5983 925.2888 -622.7780
v  186.5983 1077.8556 -622.7778
v  186.5983 1086.7042 -622.7778
v  234.7451 925.2888 -622.7780
v  234.7451 1077.8556 -622.7778
v  234.7451 1086.7042 -622.7778
v  238.5035 525.8599 -622.7779
v  186.5983 525.8599 -622.7779
v  186.5983 540.8181 -622.7779
v  186.5983 698.6979 -622.7779
v  186.5983 719.2523 -622.7779
v  238.5035 540.8181 -622.7779
v  238.5035 698.6979 -622.7779
v  238.5035 719.2523 -622.7779
v  378.6576 1086.7042 -632.7778
v  389.6067 1086.7042 -632.7778
v  389.6067 1077.8556 -632.7778
v  378.6576 1077.8556 -632.7778
v  381.6187 719.2523 -632.7779
v  393.9724 719.2523 -632.7779
v  393.9724 698.6979 -632.7779
v  381.6187 698.6979 -632.7779
v  -367.4160 925.2887 -632.7780
v  -367.4160 1077.8556 -632.7778
v  -357.8362 1077.8556 -632.7778
v  -357.8362 925.2887 -632.7780
v  -178.6982 925.2887 -632.7780
v  -178.6982 1077.8556 -632.7778
v  -167.7007 1077.8556 -632.7778
v  -167.7007 925.2888 -632.7780
v  27.0656 925.2887 -632.7780
v  27.0656 1077.8556 -632.7778
v  36.7044 1077.8556 -632.7778
v  36.7044 925.2887 -632.7780
v  234.7451 925.2888 -632.7780
v  234.7451 1077.8556 -632.7778
v  246.3246 1077.8556 -632.7778
v  246.3246 925.2888 -632.7780
v  -367.4160 913.6117 -632.7780
v  -357.8362 913.6117 -632.7780
v  -178.6982 913.6117 -632.7780
v  -167.7007 913.6117 -632.7780
v  27.0656 913.6117 -632.7780
v  36.7045 913.6117 -632.7780
v  234.7451 913.6117 -632.7780
v  246.3246 913.6117 -632.7780
v  -367.4160 1086.7042 -632.7778
v  -357.8362 1086.7042 -632.7778
v  -351.3036 925.2888 -602.7780
v  -357.8362 925.2887 -602.7780
v  -357.8362 934.3278 -602.7780
v  -351.3036 934.3278 -602.7780
v  -227.1488 913.6117 -632.7780
v  -227.1488 925.2887 -632.7780
v  -218.9829 925.2887 -632.7780
v  -218.9829 913.6117 -632.7780
v  -178.6982 1086.7042 -632.7778
v  -167.7007 1086.7042 -632.7778
v  -162.4830 925.2888 -602.7780
v  -167.7007 925.2888 -602.7780
v  -167.7007 934.3278 -602.7780
v  -162.4830 934.3278 -602.7780
v  -33.8310 913.6117 -632.7780
v  -33.8310 925.2887 -632.7780
v  -23.7873 925.2887 -632.7780
v  -23.7873 913.6117 -632.7780
v  27.0656 1086.7042 -632.7778
v  36.7045 1086.7042 -632.7778
v  43.3754 925.2887 -602.7780
v  36.7044 925.2887 -602.7780
v  36.7044 934.3278 -602.7780
v  43.3756 934.3278 -602.7780
v  176.3834 913.6117 -632.7780
v  176.3834 925.2888 -632.7780
v  186.5983 925.2888 -632.7780
v  186.5983 913.6117 -632.7780
v  234.7451 1086.7042 -632.7778
v  246.3246 1086.7042 -632.7778
v  253.7292 925.2888 -602.7780
v  246.3246 925.2888 -602.7780
v  246.3246 934.3278 -602.7780
v  253.7292 934.3278 -602.7780
v  378.6576 913.6117 -632.7780
v  378.6576 925.2888 -632.7780
v  389.6067 925.2888 -632.7780
v  389.6067 913.6117 -632.7780
v  -357.8362 913.6117 -622.7780
v  -227.1488 913.6117 -622.7780
v  -227.1488 1086.7042 -622.7778
v  -357.8362 1086.7042 -622.7778
v  -357.8362 1077.8556 -622.7778
v  -227.1488 1077.8556 -622.7778
v  -227.1488 925.2887 -622.7780
v  -357.8362 925.2887 -622.7780
v  -167.7007 913.6117 -622.7780
v  -33.8310 913.6117 -622.7780
v  -33.8310 1086.7042 -622.7778
v  -167.7007 1086.7042 -622.7778
v  -167.7007 1077.8556 -622.7778
v  -33.8310 1077.8556 -622.7778
v  -33.8310 925.2887 -622.7780
v  -167.7007 925.2888 -622.7780
v  36.7045 913.6117 -622.7780
v  176.3834 913.6117 -622.7780
v  176.3834 1086.7042 -622.7778
v  36.7045 1086.7042 -622.7778
v  36.7044 1077.8556 -622.7778
v  176.3834 1077.8556 -622.7778
v  176.3834 925.2888 -622.7780
v  36.7044 925.2887 -622.7780
v  246.3246 913.6117 -622.7780
v  378.6576 913.6117 -622.7780
v  389.6067 913.6117 -622.7780
v  389.6067 925.2888 -622.7780
v  389.6067 1077.8556 -622.7778
v  389.6067 1086.7042 -622.7778
v  378.6576 1086.7042 -622.7778
v  246.3246 1086.7042 -622.7778
v  246.3246 1077.8556 -622.7778
v  378.6576 1077.8556 -622.7778
v  378.6576 925.2888 -622.7780
v  246.3246 925.2888 -622.7780
v  -227.1488 1077.8556 -602.7778
v  -232.4906 1077.8556 -602.7778
v  -282.5225 1077.8556 -602.7778
v  -293.0327 1077.8556 -602.7778
v  -351.3036 1077.8556 -602.7778
v  -357.8362 1077.8556 -602.7778
v  -357.8362 1068.6307 -602.7778
v  -357.8362 1030.6764 -602.7778
v  -357.8362 1027.0009 -602.7778
v  -293.0327 925.2887 -602.7780
v  -282.5225 925.2887 -602.7780
v  -232.4906 925.2887 -602.7780
v  -227.1488 925.2887 -602.7780
v  -227.1488 934.3278 -602.7780
v  -227.1488 1027.0009 -602.7778
v  -227.1488 1030.6764 -602.7778
v  -227.1488 1068.6307 -602.7778
v  -33.8310 1077.8556 -602.7778
v  -43.2300 1077.8556 -602.7778
v  -101.5611 1077.8556 -602.7778
v  -111.7145 1077.8556 -602.7778
v  -162.4830 1077.8556 -602.7778
v  -167.7007 1077.8556 -602.7778
v  -167.7007 1068.6307 -602.7778
v  -167.7007 1030.6764 -602.7778
v  -167.7007 1027.0009 -602.7778
v  -111.7145 925.2888 -602.7780
v  -101.5609 925.2888 -602.7780
v  -43.2300 925.2888 -602.7780
v  -33.8310 925.2887 -602.7780
v  -33.8310 934.3278 -602.7780
v  -33.8310 1027.0009 -602.7778
v  -33.8308 1030.6764 -602.7778
v  -33.8310 1068.6307 -602.7778
v  176.3834 1077.8556 -602.7778
v  164.1558 1077.8556 -602.7778
v  100.9411 1077.8556 -602.7778
v  93.0473 1077.8556 -602.7778
v  43.3754 1077.8556 -602.7778
v  36.7044 1077.8556 -602.7778
v  36.7044 1068.6307 -602.7778
v  36.7045 1030.6764 -602.7778
v  36.7045 1027.0009 -602.7778
v  93.0473 925.2887 -602.7780
v  100.9411 925.2887 -602.7780
v  164.1558 925.2888 -602.7780
v  176.3834 925.2888 -602.7780
v  176.3834 934.3278 -602.7780
v  176.3834 1027.0009 -602.7778
v  176.3834 1030.6764 -602.7778
v  176.3834 1068.6307 -602.7778
v  378.6576 1077.8556 -602.7778
v  368.4639 1077.8556 -602.7778
v  307.5005 1077.8556 -602.7778
v  296.9729 1077.8556 -602.7778
v  253.7292 1077.8556 -602.7778
v  246.3246 1077.8556 -602.7778
v  246.3245 1068.6307 -602.7778
v  246.3245 1030.6764 -602.7778
v  246.3245 1027.0009 -602.7778
v  296.9729 925.2888 -602.7780
v  307.5005 925.2888 -602.7780
v  368.4639 925.2888 -602.7780
v  378.6576 925.2888 -602.7780
v  378.6574 934.3278 -602.7780
v  378.6576 1027.0009 -602.7778
v  378.6576 1030.6764 -602.7778
v  378.6576 1068.6307 -602.7778
v  368.4639 934.3278 -602.7780
v  307.5005 934.3278 -602.7780
v  296.9729 934.3278 -602.7780
v  164.1558 934.3278 -602.7780
v  93.0473 934.3278 -602.7780
v  100.9411 934.3278 -602.7780
v  -43.2300 934.3278 -602.7780
v  -101.5611 934.3278 -602.7780
v  -111.7145 934.3278 -602.7780
v  -232.4906 934.3278 -602.7780
v  -282.5225 934.3278 -602.7780
v  -293.0327 934.3278 -602.7780
v  -351.3036 1068.6307 -602.7778
v  -162.4830 1068.6307 -602.7778
v  43.3754 1068.6307 -602.7778
v  253.7292 1068.6307 -602.7778
v  368.4639 1068.6307 -602.7778
v  307.5005 1068.6307 -602.7778
v  296.9729 1068.6307 -602.7778
v  164.1558 1068.6307 -602.7778
v  93.0473 1068.6307 -602.7778
v  100.9411 1068.6307 -602.7778
v  -43.2300 1068.6307 -602.7778
v  -101.5611 1068.6307 -602.7778
v  -111.7145 1068.6307 -602.7778
v  -232.4906 1068.6307 -602.7778
v  -282.5225 1068.6307 -602.7778
v  -293.0327 1068.6307 -602.7778
v  -351.3036 1027.0009 -602.7778
v  -162.4830 1027.0009 -602.7778
v  43.3754 1027.0009 -602.7778
v  253.7292 1027.0009 -602.7778
v  368.4639 1027.0009 -602.7778
v  368.4639 1027.0009 -593.7444
v  368.4639 934.3278 -593.7445
v  307.5005 934.3278 -593.7445
v  307.5005 1027.0009 -593.7444
v  307.5005 1027.0009 -602.7778
v  296.9729 1027.0009 -602.7778
v  296.9729 1027.0009 -593.7444
v  296.9729 934.3278 -593.7445
v  253.7292 934.3278 -593.7445
v  253.7292 1027.0009 -593.7444
v  164.1558 1027.0009 -602.7778
v  93.0473 1027.0009 -593.7444
v  93.0473 934.3278 -593.7445
v  43.3756 934.3278 -593.7445
v  43.3754 1027.0009 -593.7444
v  100.9411 1027.0009 -602.7778
v  93.0473 1027.0009 -602.7778
v  164.1558 1027.0009 -593.7444
v  164.1558 934.3278 -593.7445
v  100.9411 934.3278 -593.7445
v  100.9411 1027.0009 -593.7444
v  -43.2300 1027.0009 -602.7778
v  -43.2300 1027.0009 -593.7444
v  -43.2300 934.3278 -593.7445
v  -101.5611 934.3278 -593.7445
v  -101.5611 1027.0009 -593.7444
v  -101.5611 1027.0009 -602.7778
v  -111.7145 1027.0009 -602.7778
v  -111.7145 1027.0009 -593.7444
v  -111.7145 934.3278 -593.7445
v  -162.4830 934.3278 -593.7445
v  -162.4830 1027.0009 -593.7444
v  -232.4906 1027.0009 -602.7778
v  -232.4906 1027.0009 -593.7444
v  -232.4906 934.3278 -593.7445
v  -282.5225 934.3278 -593.7445
v  -282.5225 1027.0009 -593.7444
v  -282.5225 1027.0009 -602.7778
v  -293.0327 1027.0009 -602.7778
v  -293.0327 1027.0009 -593.7444
v  -293.0327 934.3278 -593.7445
v  -351.3036 934.3278 -593.7445
v  -351.3036 1027.0009 -593.7444
v  -351.3036 1030.6764 -602.7778
v  -162.4830 1030.6764 -602.7778
v  43.3754 1030.6764 -602.7778
v  253.7292 1030.6764 -602.7778
v  368.4639 1030.6764 -602.7778
v  307.5005 1030.6764 -602.7778
v  296.9729 1030.6764 -602.7778
v  164.1558 1030.6764 -602.7778
v  93.0473 1030.6764 -602.7778
v  100.9411 1030.6764 -602.7778
v  -43.2300 1030.6764 -602.7778
v  -101.5611 1030.6764 -602.7778
v  -111.7145 1030.6764 -602.7778
v  -232.4906 1030.6764 -602.7778
v  -282.5226 1030.6764 -602.7778
v  -293.0327 1030.6764 -602.7778
v  368.4639 1068.6307 -593.7444
v  368.4639 1030.6764 -593.7444
v  307.5005 1030.6764 -593.7444
v  307.5005 1068.6307 -593.7444
v  296.9729 1068.6307 -593.7444
v  296.9729 1030.6764 -593.7444
v  253.7292 1030.6764 -593.7444
v  253.7292 1068.6307 -593.7444
v  93.0473 1068.6307 -593.7444
v  93.0473 1030.6764 -593.7444
v  43.3754 1030.6764 -593.7444
v  43.3754 1068.6307 -593.7444
v  164.1558 1068.6307 -593.7444
v  164.1558 1030.6764 -593.7444
v  100.9411 1030.6764 -593.7444
v  100.9411 1068.6307 -593.7444
v  -43.2300 1068.6307 -593.7444
v  -43.2300 1030.6764 -593.7444
v  -101.5611 1030.6764 -593.7444
v  -101.5611 1068.6307 -593.7444
v  -111.7145 1068.6307 -593.7444
v  -111.7145 1030.6764 -593.7444
v  -162.4830 1030.6764 -593.7444
v  -162.4830 1068.6307 -593.7444
v  -232.4906 1068.6307 -593.7444
v  -232.4906 1030.6764 -593.7444
v  -282.5226 1030.6764 -593.7444
v  -282.5225 1068.6307 -593.7444
v  -293.0327 1068.6307 -593.7444
v  -293.0327 1030.6764 -593.7444
v  -351.3036 1030.6764 -593.7444
v  -351.3036 1068.6307 -593.7444
v  -363.9695 540.8181 -632.7779
v  -363.9695 698.6979 -632.7779
v  -348.4413 698.6979 -632.7779
v  -348.4413 540.8181 -632.7779
v  -175.3630 540.8181 -632.7779
v  -175.3630 698.6979 -632.7779
v  -161.0197 698.6979 -632.7779
v  -161.0197 540.8181 -632.7779
v  31.9590 540.8181 -632.7779
v  31.9590 698.6979 -632.7779
v  45.1235 698.6979 -632.7779
v  45.1235 540.8181 -632.7779
v  238.5035 540.8181 -632.7779
v  238.5035 698.6979 -632.7779
v  251.6435 698.6979 -632.7779
v  251.6435 540.8181 -632.7779
v  -363.9695 525.8599 -632.7779
v  -348.4413 525.8599 -632.7779
v  -175.3630 525.8599 -632.7779
v  -161.0197 525.8599 -632.7779
v  31.9590 525.8599 -632.7779
v  45.1235 525.8599 -632.7779
v  238.5035 525.8599 -632.7779
v  251.6435 525.8599 -632.7779
v  -363.9695 719.2523 -632.7779
v  -348.4413 719.2523 -632.7779
v  -344.4664 540.8181 -622.7779
v  -348.4413 540.8181 -622.7779
v  -348.4414 549.5196 -622.7779
v  -344.4664 549.5196 -622.7779
v  -237.1862 525.8599 -632.7779
v  -237.1862 540.8181 -632.7779
v  -224.4763 540.8181 -632.7779
v  -224.4763 525.8599 -632.7779
v  -175.3630 719.2523 -632.7779
v  -161.0197 719.2523 -632.7779
v  -156.1830 540.8181 -622.7779
v  -161.0197 540.8181 -622.7779
v  -161.0197 549.5196 -622.7779
v  -156.1830 549.5196 -622.7779
v  -34.4353 525.8599 -632.7779
v  -34.4353 540.8181 -632.7779
v  -21.0094 540.8181 -632.7779
v  -21.0094 525.8599 -632.7779
v  31.9590 719.2523 -632.7779
v  45.1235 719.2523 -632.7779
v  48.3048 540.8181 -622.7779
v  45.1235 540.8181 -622.7779
v  45.1235 549.5196 -622.7779
v  48.3048 549.5196 -622.7779
v  173.9680 525.8599 -632.7779
v  173.9680 540.8181 -632.7779
v  186.5983 540.8181 -632.7779
v  186.5983 525.8599 -632.7779
v  238.5035 719.2523 -632.7779
v  251.6435 719.2523 -632.7779
v  255.9950 540.8181 -622.7779
v  251.6435 540.8181 -622.7779
v  251.6435 549.5196 -622.7779
v  255.9950 549.5196 -622.7779
v  381.6187 525.8599 -632.7779
v  381.6187 540.8181 -632.7779
v  393.9724 540.8181 -632.7779
v  393.9724 525.8599 -632.7779
v  -348.4413 525.8599 -622.7779
v  -237.1862 525.8599 -622.7779
v  -237.1862 719.2523 -622.7779
v  -348.4413 719.2523 -622.7779
v  -348.4413 698.6979 -622.7779
v  -344.4666 698.6979 -622.7779
v  -237.1862 698.6979 -622.7779
v  -241.6621 698.6979 -622.7779
v  -295.7361 698.6979 -622.7779
v  -301.9996 698.6979 -622.7779
v  -237.1862 695.2313 -622.7779
v  -237.1862 540.8181 -622.7779
v  -237.1862 549.5196 -622.7779
v  -237.1862 635.9652 -622.7779
v  -237.1862 644.9454 -622.7779
v  -241.6621 540.8181 -622.7779
v  -301.9996 540.8181 -622.7779
v  -295.7361 540.8181 -622.7779
v  -348.4413 695.2313 -622.7779
v  -348.4413 644.9454 -622.7779
v  -348.4413 635.9652 -622.7779
v  -161.0197 525.8599 -622.7779
v  -34.4353 525.8599 -622.7779
v  -34.4353 719.2523 -622.7779
v  -161.0197 719.2523 -622.7779
v  -161.0197 698.6979 -622.7779
v  -156.1830 698.6979 -622.7779
v  -34.4353 698.6979 -622.7779
v  -39.2274 698.6979 -622.7779
v  -109.0985 698.6979 -622.7779
v  -115.8456 698.6979 -622.7779
v  -34.4353 695.2313 -622.7779
v  -34.4353 540.8181 -622.7779
v  -34.4353 549.5196 -622.7779
v  -34.4353 635.9652 -622.7779
v  -34.4353 644.9454 -622.7779
v  -39.2274 540.8181 -622.7779
v  -115.8456 540.8181 -622.7779
v  -109.0985 540.8181 -622.7779
v  -161.0197 695.2313 -622.7779
v  -161.0197 644.9454 -622.7779
v  -161.0197 635.9652 -622.7779
v  45.1235 525.8599 -622.7779
v  173.9680 525.8599 -622.7779
v  173.9680 719.2523 -622.7779
v  45.1235 719.2523 -622.7779
v  45.1235 698.6979 -622.7779
v  48.3050 698.6979 -622.7779
v  173.9680 698.6979 -622.7779
v  167.3845 698.6979 -622.7779
v  91.9510 698.6979 -622.7779
v  86.3634 698.6979 -622.7779
v  173.9680 695.2313 -622.7779
v  173.9680 540.8181 -622.7779
v  173.9680 549.5196 -622.7779
v  173.9680 635.9652 -622.7779
v  173.9680 644.9454 -622.7779
v  167.3845 540.8181 -622.7779
v  86.3634 540.8181 -622.7779
v  91.9510 540.8181 -622.7779
v  45.1235 695.2313 -622.7779
v  45.1235 644.9454 -622.7779
v  45.1235 635.9652 -622.7779
v  251.6435 525.8599 -622.7779
v  381.6187 525.8599 -622.7779
v  393.9724 525.8599 -622.7779
v  393.9724 540.8181 -622.7779
v  393.9724 698.6979 -622.7779
v  393.9724 719.2523 -622.7779
v  381.6187 719.2523 -622.7779
v  251.6435 719.2523 -622.7779
v  251.6435 698.6979 -622.7779
v  255.9950 698.6979 -622.7779
v  381.6187 698.6979 -622.7779
v  374.4482 698.6979 -622.7779
v  297.1071 698.6979 -622.7779
v  289.2399 698.6979 -622.7779
v  381.6187 695.2313 -622.7779
v  381.6187 540.8181 -622.7779
v  381.6187 549.5196 -622.7779
v  381.6187 635.9652 -622.7779
v  381.6187 644.9454 -622.7779
v  374.4482 540.8181 -622.7779
v  289.2399 540.8181 -622.7779
v  297.1071 540.8181 -622.7779
v  251.6435 695.2313 -622.7779
v  251.6435 644.9454 -622.7779
v  251.6435 635.9652 -622.7779
v  374.4482 549.5196 -622.7779
v  297.1071 549.5196 -622.7779
v  289.2399 549.5196 -622.7779
v  167.3845 549.5196 -622.7779
v  91.9510 549.5196 -622.7779
v  86.3633 549.5196 -622.7779
v  -39.2274 549.5196 -622.7779
v  -109.0983 549.5196 -622.7779
v  -115.8456 549.5196 -622.7779
v  -241.6621 549.5196 -622.7779
v  -295.7361 549.5196 -622.7779
v  -301.9996 549.5196 -622.7779
v  -344.4664 644.9454 -622.7779
v  -344.4664 635.9652 -622.7779
v  -156.1830 644.9454 -622.7779
v  -156.1830 635.9652 -622.7779
v  48.3048 644.9454 -622.7779
v  48.3048 635.9652 -622.7779
v  255.9950 644.9454 -622.7779
v  255.9950 635.9652 -622.7779
v  374.4482 635.9652 -622.7779
v  374.4484 644.9454 -622.7779
v  297.1071 635.9652 -622.7779
v  297.1071 644.9454 -622.7779
v  289.2399 635.9652 -622.7779
v  289.2399 644.9454 -622.7779
v  167.3845 635.9652 -622.7779
v  167.3845 644.9454 -622.7779
v  91.9510 635.9652 -622.7779
v  91.9510 644.9454 -622.7779
v  86.3634 635.9652 -622.7779
v  86.3634 644.9454 -622.7779
v  -39.2274 635.9652 -622.7779
v  -39.2274 644.9454 -622.7779
v  -109.0985 635.9652 -622.7779
v  -109.0985 644.9454 -622.7779
v  -115.8456 635.9652 -622.7779
v  -115.8456 644.9454 -622.7779
v  -241.6621 635.9652 -622.7779
v  -241.6621 644.9454 -622.7779
v  -295.7361 635.9652 -622.7779
v  -295.7361 644.9454 -622.7779
v  -301.9996 635.9652 -622.7779
v  -301.9996 644.9454 -622.7779
v  -344.4666 695.2313 -622.7779
v  -156.1830 695.2313 -622.7779
v  48.3050 695.2313 -622.7779
v  255.9948 695.2313 -622.7779
v  374.4482 695.2313 -622.7779
v  374.4482 695.2313 -613.7444
v  374.4484 644.9454 -613.7444
v  297.1071 644.9454 -613.7444
v  297.1071 695.2313 -613.7444
v  297.1071 695.2313 -622.7779
v  289.2399 695.2313 -622.7779
v  289.2399 695.2313 -613.7444
v  289.2399 644.9454 -613.7444
v  255.9950 644.9454 -613.7444
v  255.9948 695.2313 -613.7444
v  167.3845 695.2313 -622.7779
v  167.3845 695.2313 -613.7444
v  167.3845 644.9454 -613.7444
v  91.9510 644.9454 -613.7444
v  91.9510 695.2313 -613.7444
v  91.9510 695.2313 -622.7779
v  86.3634 695.2313 -622.7779
v  86.3634 695.2313 -613.7444
v  86.3634 644.9454 -613.7444
v  48.3048 644.9454 -613.7444
v  48.3050 695.2313 -613.7444
v  -39.2274 695.2313 -622.7779
v  -39.2274 695.2313 -613.7444
v  -39.2274 644.9454 -613.7444
v  -109.0985 644.9454 -613.7444
v  -109.0985 695.2313 -613.7444
v  -109.0985 695.2313 -622.7779
v  -115.8456 695.2313 -622.7779
v  -115.8456 695.2313 -613.7444
v  -115.8456 644.9454 -613.7444
v  -156.1830 644.9454 -613.7444
v  -156.1830 695.2313 -613.7444
v  -241.6621 695.2313 -622.7779
v  -241.6621 695.2313 -613.7444
v  -241.6621 644.9454 -613.7444
v  -295.7361 644.9454 -613.7444
v  -295.7361 695.2313 -613.7444
v  -295.7361 695.2313 -622.7779
v  -301.9996 695.2313 -622.7779
v  -301.9996 695.2313 -613.7444
v  -301.9996 644.9454 -613.7444
v  -344.4664 644.9454 -613.7444
v  -344.4666 695.2313 -613.7444
v  374.4482 635.9652 -613.7444
v  374.4482 549.5196 -613.7444
v  297.1071 549.5196 -613.7444
v  297.1071 635.9652 -613.7444
v  289.2399 635.9652 -613.7444
v  289.2399 549.5196 -613.7444
v  255.9950 549.5196 -613.7444
v  255.9950 635.9652 -613.7444
v  167.3845 635.9652 -613.7444
v  167.3845 549.5196 -613.7444
v  91.9510 549.5196 -613.7444
v  91.9510 635.9652 -613.7444
v  86.3634 635.9652 -613.7444
v  86.3633 549.5196 -613.7444
v  48.3048 549.5196 -613.7444
v  48.3048 635.9652 -613.7444
v  -39.2274 635.9652 -613.7444
v  -39.2274 549.5196 -613.7444
v  -109.0983 549.5196 -613.7444
v  -109.0985 635.9652 -613.7444
v  -115.8456 635.9652 -613.7444
v  -115.8456 549.5196 -613.7444
v  -156.1830 549.5196 -613.7444
v  -156.1830 635.9652 -613.7444
v  -241.6621 635.9652 -613.7444
v  -241.6621 549.5196 -613.7444
v  -295.7361 549.5196 -613.7444
v  -295.7361 635.9652 -613.7444
v  -301.9996 635.9652 -613.7444
v  -301.9996 549.5196 -613.7444
v  -344.4664 549.5196 -613.7444
v  -344.4664 635.9652 -613.7444
v  -407.2220 1113.9200 -622.7778
# 6002 vertices

vt 0.3429 0.0000 0.0000
vt 0.3429 0.0447 0.0000
vt 0.3367 0.0447 0.0000
vt 0.3367 0.0000 0.0000
vt 0.0000 0.3816 0.0000
vt 0.3367 0.3816 0.0000
vt 0.3367 0.3860 0.0000
vt 0.0000 0.3860 0.0000
vt 0.6297 0.7690 0.0000
vt 0.6239 0.7690 0.0000
vt 0.6239 0.3860 0.0000
vt 0.6297 0.3860 0.0000
vt 0.4318 0.0000 0.0000
vt 0.4318 0.2020 0.0000
vt 0.3869 0.2020 0.0000
vt 0.3869 0.0786 0.0000
vt 0.3869 0.0649 0.0000
vt 0.3869 0.0530 0.0000
vt 0.3869 0.0447 0.0000
vt 0.3869 0.0000 0.0000
vt 0.3367 1.0000 0.0000
vt 0.3367 0.9286 0.0000
vt 0.3869 0.9286 0.0000
vt 0.3869 1.0000 0.0000
vt 0.5808 0.9286 0.0000
vt 0.5808 1.0000 0.0000
vt 0.5885 -0.0000 0.0000
vt 0.5885 0.0447 0.0000
vt 0.5808 0.0447 0.0000
vt 0.5808 -0.0000 0.0000
vt 0.6297 1.0000 0.0000
vt 0.6297 0.9286 0.0000
vt 0.3367 0.9115 0.0000
vt 0.3429 0.9115 0.0000
vt 0.3429 0.9286 0.0000
vt 0.5717 0.9092 0.0000
vt 0.5808 0.9092 0.0000
vt 0.5808 0.9115 0.0000
vt 0.5675 0.9092 0.0000
vt 0.5565 0.9092 0.0000
vt 0.5520 0.9092 0.0000
vt 0.5409 0.9092 0.0000
vt 0.5357 0.9092 0.0000
vt 0.5245 0.9092 0.0000
vt 0.5198 0.9092 0.0000
vt 0.5100 0.9092 0.0000
vt 0.5048 0.9092 0.0000
vt 0.4941 0.9092 0.0000
vt 0.4889 0.9092 0.0000
vt 0.4783 0.9092 0.0000
vt 0.4730 0.9092 0.0000
vt 0.4626 0.9092 0.0000
vt 0.4570 0.9092 0.0000
vt 0.4474 0.9092 0.0000
vt 0.4423 0.9092 0.0000
vt 0.4313 0.9092 0.0000
vt 0.4259 0.9092 0.0000
vt 0.4151 0.9092 0.0000
vt 0.4104 0.9092 0.0000
vt 0.3996 0.9092 0.0000
vt 0.3944 0.9092 0.0000
vt 0.3869 0.9092 0.0000
vt 0.3869 0.9115 0.0000
vt 0.3780 0.0000 0.0000
vt 0.6297 0.0000 0.0000
vt 0.6239 0.0000 0.0000
vt 0.6297 0.0447 0.0000
vt 0.6297 0.7617 0.0000
vt 0.6297 0.5997 0.0000
vt 0.6297 0.4386 0.0000
vt 0.3367 0.2901 0.0000
vt 0.3367 0.0786 0.0000
vt 0.3367 0.3494 0.0000
vt 0.3367 0.3555 0.0000
vt 0.3367 0.3646 0.0000
vt 0.5808 0.3733 0.0000
vt 0.3869 0.3733 0.0000
vt 0.3869 0.3650 0.0000
vt 0.5808 0.3650 0.0000
vt 0.3869 0.2530 0.0000
vt 0.3869 0.2915 0.0000
vt 0.3869 0.3172 0.0000
vt 0.4448 0.3650 0.0000
vt 0.4545 0.3650 0.0000
vt 0.5175 0.3650 0.0000
vt 0.5272 0.3650 0.0000
vt 0.4483 0.2530 0.0000
vt 0.5240 0.2530 0.0000
vt 0.5808 0.2530 0.0000
vt 0.4689 0.2020 0.0000
vt 0.4891 0.2020 0.0000
vt 0.5477 0.2020 0.0000
vt 0.5808 0.2020 0.0000
vt 0.4396 0.0000 0.0000
vt 0.4395 0.0883 0.0000
vt 0.4318 0.0883 0.0000
vt 0.4743 0.1692 0.0000
vt 0.4741 0.1252 0.0000
vt 0.4860 0.1252 0.0000
vt 0.4861 0.1694 0.0000
vt 0.4953 0.0000 0.0000
vt 0.4953 0.0719 0.0000
vt 0.4891 0.0719 0.0000
vt 0.4891 0.0000 0.0000
vt 0.5808 0.0786 0.0000
vt 0.5808 0.0649 0.0000
vt 0.5808 0.0530 0.0000
vt 0.5477 -0.0000 0.0000
vt 0.4689 0.0000 0.0000
vt 0.4689 0.1899 0.0000
vt 0.4689 0.0883 0.0000
vt 0.4392 0.2020 0.0000
vt 0.4638 0.2020 0.0000
vt 0.4318 0.1899 0.0000
vt 0.5477 0.1899 0.0000
vt 0.5477 0.0883 0.0000
vt 0.5061 0.2020 0.0000
vt 0.5360 0.2020 0.0000
vt 0.4891 0.0883 0.0000
vt 0.4891 0.1899 0.0000
vt 0.5272 0.2915 0.0000
vt 0.5240 0.2915 0.0000
vt 0.5808 0.2915 0.0000
vt 0.5808 0.3172 0.0000
vt 0.5272 0.3172 0.0000
vt 0.4448 0.2915 0.0000
vt 0.4483 0.2915 0.0000
vt 0.4545 0.2915 0.0000
vt 0.5175 0.2915 0.0000
vt 0.3869 0.7526 0.0000
vt 0.4002 0.7526 0.0000
vt 0.4002 0.7888 0.0000
vt 0.3869 0.7690 0.0000
vt 0.3869 0.7888 0.0000
vt 0.3869 0.3860 0.0000
vt 0.5808 0.3860 0.0000
vt 0.5681 0.3860 0.0000
vt 0.4002 0.3860 0.0000
vt 0.5808 0.7690 0.0000
vt 0.5808 0.7526 0.0000
vt 0.5808 0.4365 0.0000
vt 0.5808 0.7888 0.0000
vt 0.5681 0.7888 0.0000
vt 0.6462 0.7617 0.0000
vt 0.6297 0.7925 0.0000
vt 0.6297 0.8092 0.0000
vt 0.6297 0.8258 0.0000
vt 0.6297 0.9059 0.0000
vt 0.6462 0.7714 0.0000
vt 0.6462 0.8986 0.0000
vt 0.6462 0.9059 0.0000
vt 0.6476 0.4386 0.0000
vt 0.6476 0.4510 0.0000
vt 0.6476 0.5826 0.0000
vt 0.6476 0.5997 0.0000
vt 0.7042 0.9059 0.0000
vt 0.7042 0.8986 0.0000
vt 0.7076 0.8986 0.0000
vt 0.7076 0.9059 0.0000
vt 0.7000 0.5997 0.0000
vt 0.7000 0.5826 0.0000
vt 0.7053 0.5826 0.0000
vt 0.7053 0.5997 0.0000
vt 0.7076 0.7714 0.0000
vt 0.7076 0.7617 0.0000
vt 0.7242 0.7617 0.0000
vt 0.7242 0.7714 0.0000
vt 0.7242 0.8986 0.0000
vt 0.7242 0.9059 0.0000
vt 0.7053 0.4511 0.0000
vt 0.7053 0.4386 0.0000
vt 0.7256 0.4381 0.0000
vt 0.7256 0.4506 0.0000
vt 0.7256 0.5825 0.0000
vt 0.7256 0.5997 0.0000
vt 0.7841 0.9059 0.0000
vt 0.7841 0.8986 0.0000
vt 0.7883 0.8986 0.0000
vt 0.7883 0.9059 0.0000
vt 0.7839 0.5997 0.0000
vt 0.7839 0.5826 0.0000
vt 0.7894 0.5826 0.0000
vt 0.7894 0.5997 0.0000
vt 0.7883 0.7714 0.0000
vt 0.7883 0.7617 0.0000
vt 0.8093 0.7617 0.0000
vt 0.8093 0.7714 0.0000
vt 0.8093 0.8986 0.0000
vt 0.8093 0.9059 0.0000
vt 0.7894 0.4510 0.0000
vt 0.7894 0.4386 0.0000
vt 0.8113 0.4380 0.0000
vt 0.8113 0.4505 0.0000
vt 0.8113 0.5825 0.0000
vt 0.8113 0.5997 0.0000
vt 0.8710 0.9059 0.0000
vt 0.8710 0.8986 0.0000
vt 0.8752 0.8986 0.0000
vt 0.8752 0.9059 0.0000
vt 0.8700 0.5997 0.0000
vt 0.8700 0.5826 0.0000
vt 0.8752 0.5826 0.0000
vt 0.8752 0.5997 0.0000
vt 0.8752 0.7714 0.0000
vt 0.8752 0.7617 0.0000
vt 0.8951 0.7617 0.0000
vt 0.8951 0.7714 0.0000
vt 0.8951 0.8986 0.0000
vt 0.8951 0.9059 0.0000
vt 0.8752 0.4510 0.0000
vt 0.8752 0.4386 0.0000
vt 0.8967 0.4386 0.0000
vt 0.8967 0.4510 0.0000
vt 0.8967 0.5826 0.0000
vt 0.8967 0.5997 0.0000
vt 0.9546 0.9059 0.0000
vt 0.9546 0.8986 0.0000
vt 0.9592 0.8986 0.0000
vt 0.9592 0.9059 0.0000
vt 0.9559 0.5983 0.0000
vt 0.9559 0.5812 0.0000
vt 0.9610 0.5811 0.0000
vt 0.9610 0.5982 0.0000
vt 0.6501 0.7714 0.0000
vt 0.6501 0.8986 0.0000
vt 0.7288 0.7714 0.0000
vt 0.7288 0.8986 0.0000
vt 0.8133 0.7714 0.0000
vt 0.8133 0.8986 0.0000
vt 0.8999 0.7714 0.0000
vt 0.8999 0.8986 0.0000
vt 0.6501 0.7617 0.0000
vt 0.7288 0.7617 0.0000
vt 0.8133 0.7617 0.0000
vt 0.8999 0.7617 0.0000
vt 0.6501 0.9059 0.0000
vt 0.6528 0.7714 0.0000
vt 0.6528 0.7790 0.0000
vt 0.6501 0.7790 0.0000
vt 0.7042 0.7617 0.0000
vt 0.7042 0.7714 0.0000
vt 0.7288 0.9059 0.0000
vt 0.7309 0.7714 0.0000
vt 0.7309 0.7790 0.0000
vt 0.7288 0.7790 0.0000
vt 0.7841 0.7617 0.0000
vt 0.7841 0.7714 0.0000
vt 0.8133 0.9059 0.0000
vt 0.8160 0.7714 0.0000
vt 0.8160 0.7790 0.0000
vt 0.8133 0.7790 0.0000
vt 0.8710 0.7617 0.0000
vt 0.8710 0.7714 0.0000
vt 0.8999 0.9059 0.0000
vt 0.9030 0.7714 0.0000
vt 0.9030 0.7790 0.0000
vt 0.8999 0.7790 0.0000
vt 0.9546 0.7617 0.0000
vt 0.9546 0.7714 0.0000
vt 0.9592 0.7714 0.0000
vt 0.9592 0.7617 0.0000
vt 0.6528 0.8986 0.0000
vt 0.6769 0.8986 0.0000
vt 0.6813 0.8986 0.0000
vt 0.7020 0.8986 0.0000
vt 0.6501 0.8562 0.0000
vt 0.6501 0.8593 0.0000
vt 0.6501 0.8909 0.0000
vt 0.7020 0.7714 0.0000
vt 0.6813 0.7714 0.0000
vt 0.6769 0.7714 0.0000
vt 0.7042 0.8909 0.0000
vt 0.7042 0.8593 0.0000
vt 0.7042 0.8562 0.0000
vt 0.7042 0.7790 0.0000
vt 0.7309 0.8986 0.0000
vt 0.7519 0.8986 0.0000
vt 0.7561 0.8986 0.0000
vt 0.7802 0.8986 0.0000
vt 0.7288 0.8562 0.0000
vt 0.7288 0.8593 0.0000
vt 0.7288 0.8909 0.0000
vt 0.7802 0.7714 0.0000
vt 0.7561 0.7714 0.0000
vt 0.7519 0.7714 0.0000
vt 0.7841 0.8909 0.0000
vt 0.7841 0.8593 0.0000
vt 0.7841 0.8562 0.0000
vt 0.7841 0.7790 0.0000
vt 0.8160 0.8986 0.0000
vt 0.8366 0.8986 0.0000
vt 0.8398 0.8986 0.0000
vt 0.8660 0.8986 0.0000
vt 0.8133 0.8562 0.0000
vt 0.8133 0.8593 0.0000
vt 0.8133 0.8909 0.0000
vt 0.8660 0.7714 0.0000
vt 0.8398 0.7714 0.0000
vt 0.8366 0.7714 0.0000
vt 0.8710 0.8909 0.0000
vt 0.8710 0.8593 0.0000
vt 0.8710 0.8562 0.0000
vt 0.8710 0.7790 0.0000
vt 0.9030 0.8986 0.0000
vt 0.9209 0.8986 0.0000
vt 0.9252 0.8986 0.0000
vt 0.9504 0.8986 0.0000
vt 0.8999 0.8562 0.0000
vt 0.8999 0.8593 0.0000
vt 0.8999 0.8909 0.0000
vt 0.9504 0.7714 0.0000
vt 0.9252 0.7714 0.0000
vt 0.9209 0.7714 0.0000
vt 0.9546 0.8909 0.0000
vt 0.9546 0.8593 0.0000
vt 0.9546 0.8562 0.0000
vt 0.9546 0.7790 0.0000
vt 0.9504 0.7790 0.0000
vt 0.9252 0.7790 0.0000
vt 0.9209 0.7790 0.0000
vt 0.8660 0.7790 0.0000
vt 0.8366 0.7790 0.0000
vt 0.8398 0.7790 0.0000
vt 0.7802 0.7790 0.0000
vt 0.7561 0.7790 0.0000
vt 0.7519 0.7790 0.0000
vt 0.7020 0.7790 0.0000
vt 0.6813 0.7790 0.0000
vt 0.6769 0.7790 0.0000
vt 0.6528 0.8909 0.0000
vt 0.7309 0.8909 0.0000
vt 0.8160 0.8909 0.0000
vt 0.9030 0.8909 0.0000
vt 0.9504 0.8909 0.0000
vt 0.9252 0.8909 0.0000
vt 0.9209 0.8909 0.0000
vt 0.8660 0.8909 0.0000
vt 0.8366 0.8909 0.0000
vt 0.8398 0.8909 0.0000
vt 0.7802 0.8909 0.0000
vt 0.7561 0.8909 0.0000
vt 0.7519 0.8909 0.0000
vt 0.7020 0.8909 0.0000
vt 0.6813 0.8909 0.0000
vt 0.6769 0.8909 0.0000
vt 0.6528 0.8562 0.0000
vt 0.7309 0.8562 0.0000
vt 0.8160 0.8562 0.0000
vt 0.9030 0.8562 0.0000
vt 0.9504 0.8562 0.0000
vt 0.9252 0.8562 0.0000
vt 0.9209 0.8562 0.0000
vt 0.8660 0.8562 0.0000
vt 0.8366 0.8562 0.0000
vt 0.8398 0.8562 0.0000
vt 0.7802 0.8562 0.0000
vt 0.7561 0.8562 0.0000
vt 0.7519 0.8562 0.0000
vt 0.7020 0.8562 0.0000
vt 0.6813 0.8562 0.0000
vt 0.6769 0.8562 0.0000
vt 0.6528 0.8593 0.0000
vt 0.7309 0.8593 0.0000
vt 0.8160 0.8593 0.0000
vt 0.9030 0.8593 0.0000
vt 0.9504 0.8593 0.0000
vt 0.9252 0.8593 0.0000
vt 0.9209 0.8593 0.0000
vt 0.8660 0.8593 0.0000
vt 0.8366 0.8593 0.0000
vt 0.8398 0.8593 0.0000
vt 0.7802 0.8593 0.0000
vt 0.7561 0.8593 0.0000
vt 0.7519 0.8593 0.0000
vt 0.7020 0.8593 0.0000
vt 0.6813 0.8593 0.0000
vt 0.6769 0.8593 0.0000
vt 0.6540 0.4510 0.0000
vt 0.6540 0.5826 0.0000
vt 0.7315 0.4506 0.0000
vt 0.7315 0.5826 0.0000
vt 0.8167 0.4506 0.0000
vt 0.8167 0.5826 0.0000
vt 0.9021 0.4510 0.0000
vt 0.9021 0.5825 0.0000
vt 0.6540 0.4386 0.0000
vt 0.7315 0.4381 0.0000
vt 0.8167 0.4381 0.0000
vt 0.9021 0.4385 0.0000
vt 0.6540 0.5997 0.0000
vt 0.6557 0.4510 0.0000
vt 0.6557 0.4583 0.0000
vt 0.6540 0.4583 0.0000
vt 0.7000 0.4386 0.0000
vt 0.7000 0.4511 0.0000
vt 0.7315 0.5997 0.0000
vt 0.7335 0.4506 0.0000
vt 0.7335 0.4579 0.0000
vt 0.7315 0.4579 0.0000
vt 0.7839 0.4385 0.0000
vt 0.7839 0.4510 0.0000
vt 0.8167 0.5997 0.0000
vt 0.8181 0.4506 0.0000
vt 0.8181 0.4579 0.0000
vt 0.8167 0.4579 0.0000
vt 0.8700 0.4385 0.0000
vt 0.8700 0.4510 0.0000
vt 0.9021 0.5996 0.0000
vt 0.9039 0.4509 0.0000
vt 0.9039 0.4582 0.0000
vt 0.9021 0.4582 0.0000
vt 0.9559 0.4379 0.0000
vt 0.9559 0.4503 0.0000
vt 0.9610 0.4502 0.0000
vt 0.9610 0.4378 0.0000
vt 0.6982 0.5826 0.0000
vt 0.6758 0.5826 0.0000
vt 0.6732 0.5826 0.0000
vt 0.6557 0.5826 0.0000
vt 0.7000 0.4583 0.0000
vt 0.7000 0.5303 0.0000
vt 0.7000 0.5378 0.0000
vt 0.7000 0.5797 0.0000
vt 0.6732 0.4510 0.0000
vt 0.6758 0.4510 0.0000
vt 0.6982 0.4511 0.0000
vt 0.6540 0.5797 0.0000
vt 0.6540 0.5378 0.0000
vt 0.6540 0.5303 0.0000
vt 0.7819 0.5826 0.0000
vt 0.7530 0.5826 0.0000
vt 0.7502 0.5826 0.0000
vt 0.7335 0.5826 0.0000
vt 0.7839 0.4582 0.0000
vt 0.7839 0.5303 0.0000
vt 0.7839 0.5378 0.0000
vt 0.7839 0.5797 0.0000
vt 0.7502 0.4507 0.0000
vt 0.7530 0.4508 0.0000
vt 0.7819 0.4510 0.0000
vt 0.7315 0.5797 0.0000
vt 0.7315 0.5376 0.0000
vt 0.7315 0.5301 0.0000
vt 0.8673 0.5826 0.0000
vt 0.8361 0.5826 0.0000
vt 0.8338 0.5826 0.0000
vt 0.8181 0.5826 0.0000
vt 0.8700 0.4583 0.0000
vt 0.8700 0.5303 0.0000
vt 0.8700 0.5378 0.0000
vt 0.8700 0.5797 0.0000
vt 0.8338 0.4507 0.0000
vt 0.8361 0.4507 0.0000
vt 0.8673 0.4510 0.0000
vt 0.8167 0.5797 0.0000
vt 0.8167 0.5376 0.0000
vt 0.8167 0.5301 0.0000
vt 0.9529 0.5813 0.0000
vt 0.9209 0.5820 0.0000
vt 0.9177 0.5821 0.0000
vt 0.9039 0.5824 0.0000
vt 0.9559 0.4575 0.0000
vt 0.9559 0.5292 0.0000
vt 0.9559 0.5367 0.0000
vt 0.9559 0.5784 0.0000
vt 0.9177 0.4508 0.0000
vt 0.9209 0.4507 0.0000
vt 0.9529 0.4503 0.0000
vt 0.9021 0.5796 0.0000
vt 0.9021 0.5377 0.0000
vt 0.9021 0.5302 0.0000
vt 0.9529 0.4575 0.0000
vt 0.9209 0.4580 0.0000
vt 0.9177 0.4580 0.0000
vt 0.8673 0.4582 0.0000
vt 0.8361 0.4580 0.0000
vt 0.8338 0.4580 0.0000
vt 0.7819 0.4582 0.0000
vt 0.7530 0.4580 0.0000
vt 0.7502 0.4580 0.0000
vt 0.6982 0.4583 0.0000
vt 0.6758 0.4583 0.0000
vt 0.6732 0.4583 0.0000
vt 0.6557 0.5378 0.0000
vt 0.6557 0.5303 0.0000
vt 0.7335 0.5376 0.0000
vt 0.7335 0.5301 0.0000
vt 0.8181 0.5376 0.0000
vt 0.8181 0.5301 0.0000
vt 0.9039 0.5377 0.0000
vt 0.9039 0.5302 0.0000
vt 0.9529 0.5367 0.0000
vt 0.9529 0.5293 0.0000
vt 0.9209 0.5373 0.0000
vt 0.9209 0.5299 0.0000
vt 0.9177 0.5374 0.0000
vt 0.9177 0.5299 0.0000
vt 0.8673 0.5378 0.0000
vt 0.8673 0.5303 0.0000
vt 0.8361 0.5377 0.0000
vt 0.8361 0.5302 0.0000
vt 0.8338 0.5377 0.0000
vt 0.8338 0.5302 0.0000
vt 0.7819 0.5378 0.0000
vt 0.7819 0.5303 0.0000
vt 0.7530 0.5377 0.0000
vt 0.7530 0.5302 0.0000
vt 0.7502 0.5377 0.0000
vt 0.7502 0.5302 0.0000
vt 0.6982 0.5378 0.0000
vt 0.6982 0.5303 0.0000
vt 0.6758 0.5378 0.0000
vt 0.6758 0.5303 0.0000
vt 0.6732 0.5378 0.0000
vt 0.6732 0.5303 0.0000
vt 0.6557 0.5797 0.0000
vt 0.7335 0.5797 0.0000
vt 0.8181 0.5797 0.0000
vt 0.9039 0.5796 0.0000
vt 0.9529 0.5784 0.0000
vt 0.9209 0.5792 0.0000
vt 0.9177 0.5792 0.0000
vt 0.8673 0.5797 0.0000
vt 0.8361 0.5797 0.0000
vt 0.8338 0.5797 0.0000
vt 0.7819 0.5797 0.0000
vt 0.7530 0.5797 0.0000
vt 0.7502 0.5797 0.0000
vt 0.6982 0.5797 0.0000
vt 0.6758 0.5797 0.0000
vt 0.6732 0.5797 0.0000
vt 0.0000 0.0000 0.0000
vt 0.0294 0.0000 0.0000
vt 0.0294 0.0226 0.0000
vt 0.0000 0.0226 0.0000
vt 0.0294 0.0619 0.0000
vt 0.0000 0.0619 0.0000
vt 0.0294 0.0752 0.0000
vt 0.0000 0.0752 0.0000
vt 0.0294 0.2901 0.0000
vt 0.0000 0.2901 0.0000
vt 0.0000 0.3646 0.0000
vt 0.0000 0.3555 0.0000
vt 0.0000 0.3494 0.0000
vt 0.0294 0.3494 0.0000
vt 0.0328 0.3494 0.0000
vt 0.0849 0.3494 0.0000
vt 0.1147 0.3491 0.0000
vt 0.1648 0.3494 0.0000
vt 0.1911 0.3494 0.0000
vt 0.2432 0.3494 0.0000
vt 0.2712 0.3492 0.0000
vt 0.3232 0.3494 0.0000
vt 0.0328 0.0000 0.0000
vt 0.0328 0.0226 0.0000
vt 0.0328 0.0619 0.0000
vt 0.0328 0.0752 0.0000
vt 0.0328 0.2901 0.0000
vt 0.0882 0.0000 0.0000
vt 0.0882 0.0226 0.0000
vt 0.0882 0.0619 0.0000
vt 0.0882 0.0689 0.0000
vt 0.0328 0.0689 0.0000
vt 0.0363 0.0752 0.0000
vt 0.0363 0.0879 0.0000
vt 0.0328 0.0879 0.0000
vt 0.0858 0.3337 0.0000
vt 0.0882 0.2901 0.0000
vt 0.1114 0.0000 0.0000
vt 0.1114 0.0226 0.0000
vt 0.1114 0.0619 0.0000
vt 0.1114 0.0752 0.0000
vt 0.0882 0.0752 0.0000
vt 0.1114 0.2901 0.0000
vt 0.1138 0.3334 0.0000
vt 0.1671 0.0000 0.0000
vt 0.1671 0.0226 0.0000
vt 0.1671 0.0619 0.0000
vt 0.1671 0.0689 0.0000
vt 0.1114 0.0689 0.0000
vt 0.1146 0.0752 0.0000
vt 0.1146 0.0879 0.0000
vt 0.1114 0.0879 0.0000
vt 0.1654 0.3337 0.0000
vt 0.1671 0.2901 0.0000
vt 0.1887 0.0000 0.0000
vt 0.1887 0.0226 0.0000
vt 0.1887 0.0619 0.0000
vt 0.1887 0.0752 0.0000
vt 0.1671 0.0752 0.0000
vt 0.1887 0.2901 0.0000
vt 0.1904 0.3337 0.0000
vt 0.2455 0.0000 0.0000
vt 0.2455 0.0226 0.0000
vt 0.2455 0.0619 0.0000
vt 0.2455 0.0689 0.0000
vt 0.1887 0.0689 0.0000
vt 0.1927 0.0752 0.0000
vt 0.1927 0.0879 0.0000
vt 0.1887 0.0879 0.0000
vt 0.2438 0.3337 0.0000
vt 0.2455 0.2901 0.0000
vt 0.2689 0.0000 0.0000
vt 0.2689 0.0226 0.0000
vt 0.2689 0.0619 0.0000
vt 0.2689 0.0752 0.0000
vt 0.2455 0.0752 0.0000
vt 0.2689 0.2901 0.0000
vt 0.2706 0.3335 0.0000
vt 0.3232 0.0000 0.0000
vt 0.3232 0.0226 0.0000
vt 0.3232 0.0619 0.0000
vt 0.3232 0.0689 0.0000
vt 0.2689 0.0689 0.0000
vt 0.2734 0.0752 0.0000
vt 0.2734 0.0879 0.0000
vt 0.2689 0.0879 0.0000
vt 0.3232 0.2901 0.0000
vt 0.3367 0.0226 0.0000
vt 0.3367 0.0530 0.0000
vt 0.3367 0.0619 0.0000
vt 0.3367 0.0649 0.0000
vt 0.3367 0.0752 0.0000
vt 0.3232 0.0752 0.0000
vt 0.0848 0.0752 0.0000
vt 0.0671 0.0752 0.0000
vt 0.0637 0.0752 0.0000
vt 0.0882 0.2833 0.0000
vt 0.0882 0.2053 0.0000
vt 0.0882 0.1961 0.0000
vt 0.0882 0.0879 0.0000
vt 0.0363 0.2901 0.0000
vt 0.0637 0.2901 0.0000
vt 0.0671 0.2901 0.0000
vt 0.0848 0.2901 0.0000
vt 0.0328 0.1961 0.0000
vt 0.0328 0.2053 0.0000
vt 0.0328 0.2833 0.0000
vt 0.1637 0.0752 0.0000
vt 0.1356 0.0752 0.0000
vt 0.1322 0.0752 0.0000
vt 0.1671 0.2833 0.0000
vt 0.1671 0.2053 0.0000
vt 0.1671 0.1961 0.0000
vt 0.1671 0.0879 0.0000
vt 0.1146 0.2901 0.0000
vt 0.1322 0.2901 0.0000
vt 0.1356 0.2901 0.0000
vt 0.1637 0.2901 0.0000
vt 0.1114 0.1961 0.0000
vt 0.1114 0.2053 0.0000
vt 0.1114 0.2833 0.0000
vt 0.2421 0.0752 0.0000
vt 0.2253 0.0752 0.0000
vt 0.2223 0.0752 0.0000
vt 0.2455 0.2833 0.0000
vt 0.2455 0.2053 0.0000
vt 0.2455 0.1961 0.0000
vt 0.2455 0.0879 0.0000
vt 0.1927 0.2901 0.0000
vt 0.2223 0.2901 0.0000
vt 0.2253 0.2901 0.0000
vt 0.2421 0.2901 0.0000
vt 0.1887 0.1961 0.0000
vt 0.1887 0.2053 0.0000
vt 0.1887 0.2833 0.0000
vt 0.3200 0.0752 0.0000
vt 0.2918 0.0752 0.0000
vt 0.2893 0.0752 0.0000
vt 0.3232 0.2833 0.0000
vt 0.3232 0.2053 0.0000
vt 0.3232 0.1961 0.0000
vt 0.3232 0.0879 0.0000
vt 0.2734 0.2901 0.0000
vt 0.2893 0.2901 0.0000
vt 0.2918 0.2901 0.0000
vt 0.3200 0.2901 0.0000
vt 0.2689 0.1961 0.0000
vt 0.2689 0.2053 0.0000
vt 0.2689 0.2833 0.0000
vt 0.0848 0.2833 0.0000
vt 0.1637 0.2833 0.0000
vt 0.2421 0.2833 0.0000
vt 0.3200 0.2833 0.0000
vt 0.0848 0.1961 0.0000
vt 0.0848 0.0879 0.0000
vt 0.1637 0.1961 0.0000
vt 0.1637 0.0879 0.0000
vt 0.2421 0.1961 0.0000
vt 0.2421 0.0879 0.0000
vt 0.3200 0.1961 0.0000
vt 0.3200 0.0879 0.0000
vt 0.0848 0.2053 0.0000
vt 0.1637 0.2053 0.0000
vt 0.2421 0.2053 0.0000
vt 0.3200 0.2053 0.0000
vt 0.0637 0.0879 0.0000
vt 0.0363 0.2833 0.0000
vt 0.0363 0.1961 0.0000
vt 0.0363 0.2053 0.0000
vt 0.0637 0.2833 0.0000
vt 0.0637 0.1961 0.0000
vt 0.0637 0.2053 0.0000
vt 0.0671 0.0879 0.0000
vt 0.0671 0.2833 0.0000
vt 0.0671 0.1961 0.0000
vt 0.0671 0.2053 0.0000
vt 0.1322 0.0879 0.0000
vt 0.1146 0.2833 0.0000
vt 0.1146 0.1961 0.0000
vt 0.1146 0.2053 0.0000
vt 0.1322 0.2833 0.0000
vt 0.1322 0.1961 0.0000
vt 0.1322 0.2053 0.0000
vt 0.1356 0.0879 0.0000
vt 0.1356 0.2833 0.0000
vt 0.1356 0.1961 0.0000
vt 0.1356 0.2053 0.0000
vt 0.2223 0.0879 0.0000
vt 0.1927 0.2833 0.0000
vt 0.1927 0.1961 0.0000
vt 0.1927 0.2053 0.0000
vt 0.2223 0.2833 0.0000
vt 0.2223 0.1961 0.0000
vt 0.2223 0.2053 0.0000
vt 0.2253 0.0879 0.0000
vt 0.2253 0.2833 0.0000
vt 0.2253 0.1961 0.0000
vt 0.2253 0.2053 0.0000
vt 0.2893 0.0879 0.0000
vt 0.2734 0.2833 0.0000
vt 0.2734 0.1961 0.0000
vt 0.2734 0.2053 0.0000
vt 0.2893 0.2833 0.0000
vt 0.2893 0.1961 0.0000
vt 0.2893 0.2053 0.0000
vt 0.2918 0.0879 0.0000
vt 0.2918 0.2833 0.0000
vt 0.2918 0.1961 0.0000
vt 0.2918 0.2053 0.0000
vt 0.9664 0.4379 0.0000
vt 0.9664 0.3860 0.0000
vt 0.9664 1.0000 0.0000
vt 0.6297 0.9115 0.0000
vt 0.9664 0.9059 0.0000
vt 0.9664 0.7617 0.0000
vt 0.9664 0.5984 0.0000
vt 0.5808 0.7925 0.0000
vt 0.5808 0.8092 0.0000
vt 0.5808 0.8127 0.0000
vt 0.5717 0.8127 0.0000
vt 0.5675 0.8127 0.0000
vt 0.5565 0.8127 0.0000
vt 0.5520 0.8127 0.0000
vt 0.5409 0.8127 0.0000
vt 0.5357 0.8127 0.0000
vt 0.5245 0.8127 0.0000
vt 0.5198 0.8127 0.0000
vt 0.5100 0.8127 0.0000
vt 0.5048 0.8127 0.0000
vt 0.4941 0.8127 0.0000
vt 0.4889 0.8127 0.0000
vt 0.4783 0.8127 0.0000
vt 0.4730 0.8127 0.0000
vt 0.4626 0.8127 0.0000
vt 0.4570 0.8127 0.0000
vt 0.4474 0.8127 0.0000
vt 0.4423 0.8127 0.0000
vt 0.4313 0.8127 0.0000
vt 0.4259 0.8127 0.0000
vt 0.4151 0.8127 0.0000
vt 0.4104 0.8127 0.0000
vt 0.3996 0.8127 0.0000
vt 0.3944 0.8127 0.0000
vt 0.3869 0.7925 0.0000
vt 0.3869 0.8092 0.0000
vt 0.3869 0.8127 0.0000
vt 0.3869 0.8258 0.0000
vt 0.5808 0.8258 0.0000
vt 0.5681 0.4365 0.0000
vt 0.4002 0.4365 0.0000
vt 0.3869 0.4365 0.0000
vt 0.5681 0.7526 0.0000
vt 0.5681 0.4488 0.0000
vt 0.5651 0.4488 0.0000
vt 0.5651 0.4365 0.0000
vt 0.4604 0.7526 0.0000
vt 0.4734 0.7526 0.0000
vt 0.4954 0.7526 0.0000
vt 0.5079 0.7526 0.0000
vt 0.4002 0.4488 0.0000
vt 0.4002 0.5880 0.0000
vt 0.4002 0.5933 0.0000
vt 0.5099 0.4365 0.0000
vt 0.5079 0.4365 0.0000
vt 0.4954 0.4365 0.0000
vt 0.4734 0.4365 0.0000
vt 0.4604 0.4365 0.0000
vt 0.4576 0.4365 0.0000
vt 0.4032 0.4365 0.0000
vt 0.5681 0.5932 0.0000
vt 0.5681 0.5880 0.0000
vt 0.5442 0.6203 0.0000
vt 0.5551 0.6505 0.0000
vt 0.5557 0.6905 0.0000
vt 0.5449 0.7193 0.0000
vt 0.5276 0.7172 0.0000
vt 0.5174 0.6887 0.0000
vt 0.5177 0.6514 0.0000
vt 0.5285 0.6206 0.0000
vt 0.4954 0.5932 0.0000
vt 0.4954 0.5647 0.0000
vt 0.5079 0.5647 0.0000
vt 0.5079 0.5880 0.0000
vt 0.5079 0.5932 0.0000
vt 0.4954 0.7183 0.0000
vt 0.5079 0.7183 0.0000
vt 0.4576 0.5933 0.0000
vt 0.4576 0.5880 0.0000
vt 0.4604 0.5880 0.0000
vt 0.4604 0.5933 0.0000
vt 0.4410 0.7172 0.0000
vt 0.4233 0.7169 0.0000
vt 0.4135 0.6914 0.0000
vt 0.4505 0.6920 0.0000
vt 0.4134 0.6475 0.0000
vt 0.4235 0.6203 0.0000
vt 0.4396 0.6197 0.0000
vt 0.4500 0.6473 0.0000
vt 0.4032 0.5933 0.0000
vt 0.4032 0.5880 0.0000
vt 0.5099 0.5880 0.0000
vt 0.5099 0.5932 0.0000
vt 0.5651 0.5880 0.0000
vt 0.5651 0.5932 0.0000
vt 0.4576 0.4488 0.0000
vt 0.4604 0.4488 0.0000
vt 0.4604 0.4851 0.0000
vt 0.4604 0.5647 0.0000
vt 0.4032 0.4488 0.0000
vt 0.5079 0.4488 0.0000
vt 0.5099 0.4488 0.0000
vt 0.5079 0.4851 0.0000
vt 0.5079 0.6217 0.0000
vt 0.4604 0.7183 0.0000
vt 0.4604 0.6217 0.0000
vt 0.4734 0.4488 0.0000
vt 0.4734 0.4851 0.0000
vt 0.4734 0.5647 0.0000
vt 0.4734 0.5933 0.0000
vt 0.4734 0.6217 0.0000
vt 0.4734 0.7183 0.0000
vt 0.4954 0.4488 0.0000
vt 0.4954 0.4851 0.0000
vt 0.4954 0.6217 0.0000
vt 0.3780 0.0530 0.0000
vt 0.3780 0.0447 0.0000
vt 0.6297 0.0530 0.0000
vt 0.6239 0.0530 0.0000
vt 0.6239 0.0447 0.0000
vt 0.3780 0.0649 0.0000
vt 0.6297 0.0649 0.0000
vt 0.6239 0.0649 0.0000
vt 0.3780 0.0786 0.0000
vt 0.6297 0.0786 0.0000
vt 0.6239 0.0786 0.0000
vt 0.3780 0.3860 0.0000
vt 0.6239 0.7925 0.0000
vt 0.3429 0.3860 0.0000
vt 0.3429 0.7690 0.0000
vt 0.3367 0.7690 0.0000
vt 0.3429 0.7925 0.0000
vt 0.3367 0.7925 0.0000
vt 0.6239 0.8092 0.0000
vt 0.3429 0.8092 0.0000
vt 0.3367 0.8092 0.0000
vt 0.6239 0.8258 0.0000
vt 0.3367 0.8258 0.0000
vt 0.3429 0.8258 0.0000
vt 0.6239 0.9286 0.0000
vt 0.6239 0.9115 0.0000
vt 0.3780 0.9115 0.0000
vt 0.3780 0.9286 0.0000
vt 0.3429 0.0530 0.0000
vt 0.3429 0.0649 0.0000
vt 0.3429 0.0786 0.0000
vt 0.3780 0.7690 0.0000
vt 0.3780 0.7925 0.0000
vt 0.3780 0.8092 0.0000
vt 0.3780 0.8258 0.0000
vt 0.5885 0.3860 0.0000
vt 0.5885 0.7690 0.0000
vt 0.5885 0.0530 0.0000
vt 0.5885 0.0649 0.0000
vt 0.5885 0.0786 0.0000
vt 0.5885 0.7925 0.0000
vt 0.5885 0.8092 0.0000
vt 0.5885 0.8258 0.0000
vt 0.5885 0.9115 0.0000
vt 0.5885 0.9286 0.0000
vt 0.4638 0.0000 0.0000
vt 0.4638 0.0883 0.0000
vt 0.4392 0.1899 0.0000
vt 0.5360 0.1899 0.0000
vt 0.5357 0.0883 0.0000
vt 0.4638 0.1899 0.0000
vt 0.5354 0.0000 0.0000
vt 0.5061 0.0883 0.0000
vt 0.5061 0.0000 0.0000
vt 0.5024 0.1899 0.0000
vt 0.5022 0.0883 0.0000
vt 0.5061 0.1899 0.0000
vt 0.4953 0.1899 0.0000
vt 0.5061 0.0719 0.0000
vt 0.5021 0.0000 0.0000
vt 0.5022 0.0719 0.0000
vt 0.4953 0.0883 0.0000
vt 0.4448 0.3172 0.0000
vt 0.4545 0.3172 0.0000
vt 0.5175 0.3172 0.0000
# 920 texture coords

g Plane001
usemtl st_tile
s 1
f 1/1 2/2 3/3 4/4 
f 5/5 6/6 7/7 8/8 
f 9/9 10/10 11/11 12/12 
f 13/13 14/14 15/15 16/16 
f 13/13 16/16 17/17 18/18 
f 13/13 18/18 19/19 20/20 
f 21/21 22/22 23/23 24/24 
f 24/24 23/23 25/25 26/26 
f 27/27 28/28 29/29 30/30 
f 31/31 26/26 25/25 32/32 
f 33/33 34/34 35/35 36/22 
f 37/36 38/37 39/38 40/25 
f 41/39 37/36 40/25 42/40 
f 43/41 42/40 40/25 44/42 
f 45/43 44/42 40/25 46/44 
f 47/45 46/44 40/25 48/46 
f 49/47 48/46 40/25 50/48 
f 51/49 50/48 40/25 52/50 
f 53/51 52/50 40/25 54/52 
f 55/53 54/52 40/25 56/54 
f 57/55 56/54 40/25 58/56 
f 59/57 58/56 40/25 60/58 
f 61/59 60/58 40/25 62/60 
f 63/61 62/60 40/25 64/62 
f 65/63 64/62 40/25 66/23 
s off
f 67/4 20/20 68/20 69/64 
f 67/4 69/64 1/1 4/4 
f 70/30 71/65 72/65 73/66 
f 70/30 73/66 27/27 30/30 
f 74/67 75/67 72/65 71/65 
f 76/68 77/9 78/9 79/69 
f 80/70 79/69 78/9 81/12 
f 81/12 78/9 82/12 
f 83/33 33/33 36/22 84/33 
f 85/33 84/33 36/22 22/22 
f 86/71 87/72 88/72 89/73 
f 90/74 89/73 88/72 91/75 
f 92/7 91/75 88/72 93/7 
s 1
f 94/76 95/77 96/78 97/79 
s off
f 96/78 98/16 16/16 15/15 
f 96/78 15/15 99/80 100/81 
f 96/78 100/81 101/82 102/78 
f 29/29 103/29 70/30 30/30 
f 97/79 96/78 102/78 104/83 
f 97/79 104/83 105/84 106/85 
f 97/79 106/85 107/86 108/79 
s 1
f 109/87 99/80 15/15 110/88 
f 111/89 110/88 15/15 14/14 
f 111/89 14/14 112/90 113/91 
f 111/89 113/91 114/92 115/93 
f 116/94 117/95 118/96 119/13 
f 120/97 121/98 122/99 123/100 
f 124/101 125/102 126/103 127/104 
f 128/105 115/93 114/92 129/106 
f 130/107 129/106 114/92 103/29 
f 70/30 103/29 114/92 131/108 
s off
f 132/109 112/90 133/90 134/110 
f 132/109 134/110 135/111 136/109 
f 112/90 14/14 137/14 138/112 
f 112/90 138/112 139/113 133/90 
f 14/14 13/13 119/13 118/96 
f 14/14 118/96 140/114 137/14 
f 131/108 114/92 141/92 142/115 
f 131/108 142/115 143/116 144/108 
f 114/92 113/91 145/91 146/117 
f 114/92 146/117 147/118 141/92 
f 113/91 148/104 127/104 126/103 
f 113/91 126/103 149/119 150/120 
f 113/91 150/120 145/91 
s 1
f 151/121 152/122 110/88 153/123 
f 111/89 153/123 110/88 
f 154/124 155/125 151/121 153/123 
f 100/81 99/80 109/87 156/126 
f 157/127 156/126 109/87 
f 158/127 159/87 160/88 161/122 
s off
f 157/127 109/87 159/87 158/127 
f 109/87 110/88 160/88 159/87 
f 110/88 152/122 161/122 160/88 
f 162/128 157/127 158/127 163/129 
f 152/122 163/129 158/127 161/122 
s 1
f 164/130 165/131 166/132 167/133 
f 168/134 167/133 166/132 
s off
f 169/135 170/136 171/136 172/137 
f 169/135 172/137 173/138 174/135 
f 170/136 175/139 176/139 177/140 
f 170/136 177/140 178/141 171/136 
f 179/142 180/134 168/134 166/132 
f 179/142 166/132 181/143 182/142 
f 183/133 167/133 168/134 180/134 
s 1
f 77/9 76/68 184/144 185/145 
f 186/146 185/145 184/144 187/147 
f 188/148 187/147 184/144 189/149 
f 188/148 189/149 190/150 191/151 
f 79/69 80/70 192/152 193/153 
f 79/69 193/153 194/154 195/155 
f 196/156 197/157 198/158 199/159 
f 200/160 201/161 202/162 203/163 
f 204/164 205/165 206/166 207/158 
f 208/159 207/158 206/166 209/167 
f 208/159 209/167 210/168 211/169 
f 212/170 213/171 214/172 215/162 
f 216/163 215/162 214/172 217/173 
f 216/163 217/173 218/174 219/175 
f 220/176 221/177 222/178 223/179 
f 224/180 225/181 226/182 227/183 
f 228/184 229/185 230/186 231/178 
f 232/179 231/178 230/186 233/187 
f 232/179 233/187 234/188 235/189 
f 236/190 237/191 238/192 239/182 
f 240/183 239/182 238/192 241/193 
f 240/183 241/193 242/194 243/195 
f 244/196 245/197 246/198 247/199 
f 248/200 249/201 250/202 251/203 
f 252/204 253/205 254/206 255/198 
f 256/199 255/198 254/206 257/207 
f 256/199 257/207 258/208 259/209 
f 260/210 261/211 262/212 263/202 
f 264/203 263/202 262/212 265/213 
f 264/203 265/213 266/214 267/215 
f 268/216 269/217 270/218 271/219 
f 272/220 273/221 274/222 275/223 
f 276/149 277/224 278/225 279/150 
f 280/167 281/226 282/227 283/168 
f 284/187 285/228 286/229 287/188 
f 288/207 289/230 290/231 291/208 
f 292/144 293/232 277/224 276/149 
f 294/166 295/233 281/226 280/167 
f 296/186 297/234 285/228 284/187 
f 298/206 299/235 289/230 288/207 
f 300/151 279/150 278/225 301/236 
f 302/237 303/238 304/239 305/224 
f 306/240 307/241 277/224 293/232 
f 301/236 278/225 197/157 196/156 
f 308/164 198/158 197/157 307/241 
f 309/165 308/164 307/241 306/240 
f 310/169 283/168 282/227 311/242 
f 312/243 313/244 314/245 315/226 
f 316/246 317/247 281/226 295/233 
f 311/242 282/227 221/177 220/176 
f 318/184 222/178 221/177 317/247 
f 319/185 318/184 317/247 316/246 
f 320/189 287/188 286/229 321/248 
f 322/249 323/250 324/251 325/228 
f 326/252 327/253 285/228 297/234 
f 321/248 286/229 245/197 244/196 
f 328/204 246/198 245/197 327/253 
f 329/205 328/204 327/253 326/252 
f 330/209 291/208 290/231 331/254 
f 332/255 333/256 334/257 335/230 
f 336/258 337/259 289/230 299/235 
f 331/254 290/231 269/217 268/216 
f 338/260 270/218 269/217 337/259 
f 339/261 338/260 337/259 336/258 
s off
f 191/151 190/150 279/150 300/151 
f 190/150 189/149 276/149 279/150 
f 189/149 184/144 292/144 276/149 
f 184/144 340/232 293/232 292/144 
f 340/232 341/240 306/240 293/232 
f 341/240 205/165 309/165 306/240 
f 205/165 204/164 308/164 309/165 
f 204/164 207/158 198/158 308/164 
f 207/158 208/159 199/159 198/158 
f 208/159 342/156 196/156 199/159 
f 342/156 343/236 301/236 196/156 
f 343/236 191/151 300/151 301/236 
f 344/225 345/157 197/157 278/225 
f 345/157 346/241 307/241 197/157 
f 346/241 347/224 277/224 307/241 
f 347/224 344/225 278/225 277/224 
f 211/169 210/168 283/168 310/169 
f 210/168 209/167 280/167 283/168 
f 209/167 206/166 294/166 280/167 
f 206/166 348/233 295/233 294/166 
f 348/233 349/246 316/246 295/233 
f 349/246 229/185 319/185 316/246 
f 229/185 228/184 318/184 319/185 
f 228/184 231/178 222/178 318/184 
f 231/178 232/179 223/179 222/178 
f 232/179 350/176 220/176 223/179 
f 350/176 351/242 311/242 220/176 
f 351/242 211/169 310/169 311/242 
f 352/227 353/177 221/177 282/227 
f 353/177 354/247 317/247 221/177 
f 354/247 355/226 281/226 317/247 
f 355/226 352/227 282/227 281/226 
f 235/189 234/188 287/188 320/189 
f 234/188 233/187 284/187 287/188 
f 233/187 230/186 296/186 284/187 
f 230/186 356/234 297/234 296/186 
f 356/234 357/252 326/252 297/234 
f 357/252 253/205 329/205 326/252 
f 253/205 252/204 328/204 329/205 
f 252/204 255/198 246/198 328/204 
f 255/198 256/199 247/199 246/198 
f 256/199 358/196 244/196 247/199 
f 358/196 359/248 321/248 244/196 
f 359/248 235/189 320/189 321/248 
f 360/229 361/197 245/197 286/229 
f 361/197 362/253 327/253 245/197 
f 362/253 363/228 285/228 327/253 
f 363/228 360/229 286/229 285/228 
f 259/209 258/208 291/208 330/209 
f 258/208 257/207 288/207 291/208 
f 257/207 254/206 298/206 288/207 
f 254/206 364/235 299/235 298/206 
f 364/235 365/258 336/258 299/235 
f 365/258 366/261 339/261 336/258 
f 366/261 367/260 338/260 339/261 
f 367/260 368/218 270/218 338/260 
f 368/218 369/219 271/219 270/218 
f 369/219 370/216 268/216 271/219 
f 370/216 371/254 331/254 268/216 
f 371/254 259/209 330/209 331/254 
f 372/231 373/217 269/217 290/231 
f 373/217 374/259 337/259 269/217 
f 374/259 375/230 289/230 337/259 
f 375/230 372/231 290/231 289/230 
f 345/157 344/225 376/225 377/262 
f 345/157 377/262 378/263 379/264 
f 345/157 379/264 380/265 381/157 
f 344/225 347/224 305/224 304/239 
f 344/225 304/239 382/266 383/267 
f 344/225 383/267 384/268 376/225 
f 347/224 346/241 385/241 386/269 
f 347/224 386/269 387/270 388/271 
f 347/224 388/271 302/237 305/224 
f 346/241 345/157 381/157 389/272 
f 346/241 389/272 390/273 391/274 
f 346/241 391/274 392/275 385/241 
f 353/177 352/227 393/227 394/276 
f 353/177 394/276 395/277 396/278 
f 353/177 396/278 397/279 398/177 
f 352/227 355/226 315/226 314/245 
f 352/227 314/245 399/280 400/281 
f 352/227 400/281 401/282 393/227 
f 355/226 354/247 402/247 403/283 
f 355/226 403/283 404/284 405/285 
f 355/226 405/285 312/243 315/226 
f 354/247 353/177 398/177 406/286 
f 354/247 406/286 407/287 408/288 
f 354/247 408/288 409/289 402/247 
f 361/197 360/229 410/229 411/290 
f 361/197 411/290 412/291 413/292 
f 361/197 413/292 414/293 415/197 
f 360/229 363/228 325/228 324/251 
f 360/229 324/251 416/294 417/295 
f 360/229 417/295 418/296 410/229 
f 363/228 362/253 419/253 420/297 
f 363/228 420/297 421/298 422/299 
f 363/228 422/299 322/249 325/228 
f 362/253 361/197 415/197 423/300 
f 362/253 423/300 424/301 425/302 
f 362/253 425/302 426/303 419/253 
f 373/217 372/231 427/231 428/304 
f 373/217 428/304 429/305 430/306 
f 373/217 430/306 431/307 432/217 
f 372/231 375/230 335/230 334/257 
f 372/231 334/257 433/308 434/309 
f 372/231 434/309 435/310 427/231 
f 375/230 374/259 436/259 437/311 
f 375/230 437/311 438/312 439/313 
f 375/230 439/313 332/255 335/230 
f 374/259 373/217 432/217 440/314 
f 374/259 440/314 441/315 442/316 
f 374/259 442/316 443/317 436/259 
s 1
f 436/259 443/317 444/318 437/311 
f 437/311 444/318 445/319 438/312 
f 438/312 445/319 446/320 439/313 
f 439/313 446/320 333/256 332/255 
f 419/253 426/303 447/321 420/297 
f 422/299 448/322 323/250 322/249 
f 421/298 449/323 448/322 422/299 
f 420/297 447/321 449/323 421/298 
f 402/247 409/289 450/324 403/283 
f 403/283 450/324 451/325 404/284 
f 404/284 451/325 452/326 405/285 
f 405/285 452/326 313/244 312/243 
f 385/241 392/275 453/327 386/269 
f 386/269 453/327 454/328 387/270 
f 387/270 454/328 455/329 388/271 
f 388/271 455/329 303/238 302/237 
f 377/262 376/225 384/268 456/330 
f 394/276 393/227 401/282 457/331 
f 411/290 410/229 418/296 458/332 
f 428/304 427/231 435/310 459/333 
f 432/217 431/307 460/334 440/314 
f 431/307 430/306 461/335 460/334 
f 430/306 429/305 462/336 461/335 
f 429/305 428/304 459/333 462/336 
f 415/197 414/293 463/337 423/300 
f 412/291 411/290 458/332 464/338 
f 413/292 412/291 464/338 465/339 
f 414/293 413/292 465/339 463/337 
f 398/177 397/279 466/340 406/286 
f 397/279 396/278 467/341 466/340 
f 396/278 395/277 468/342 467/341 
f 395/277 394/276 457/331 468/342 
f 381/157 380/265 469/343 389/272 
f 380/265 379/264 470/344 469/343 
f 379/264 378/263 471/345 470/344 
f 378/263 377/262 456/330 471/345 
f 472/346 382/266 304/239 303/238 
f 473/347 399/280 314/245 313/244 
f 474/348 416/294 324/251 323/250 
f 475/349 433/308 334/257 333/256 
f 442/316 476/350 444/318 443/317 
f 477/350 478/351 479/319 480/318 
f 481/351 482/352 446/320 445/319 
f 483/352 484/349 485/256 486/320 
f 425/302 487/353 447/321 426/303 
f 488/354 489/348 490/250 491/322 
f 492/355 493/354 448/322 449/323 
f 494/353 495/355 496/323 497/321 
f 408/288 498/356 450/324 409/289 
f 499/356 500/357 501/325 502/324 
f 503/357 504/358 452/326 451/325 
f 505/358 506/347 507/244 508/326 
f 391/274 509/359 453/327 392/275 
f 510/359 511/360 512/328 513/327 
f 514/360 515/361 455/329 454/328 
f 516/361 517/346 518/238 519/329 
f 520/362 383/267 382/266 472/346 
f 521/363 400/281 399/280 473/347 
f 522/364 417/295 416/294 474/348 
f 523/365 434/309 433/308 475/349 
f 441/315 524/366 476/350 442/316 
f 524/366 525/367 481/351 476/350 
f 525/367 526/368 482/352 481/351 
f 526/368 523/365 475/349 482/352 
f 424/301 527/369 487/353 425/302 
f 528/370 522/364 474/348 493/354 
f 529/371 528/370 493/354 492/355 
f 527/369 529/371 492/355 487/353 
f 407/287 530/372 498/356 408/288 
f 530/372 531/373 503/357 498/356 
f 531/373 532/374 504/358 503/357 
f 532/374 521/363 473/347 504/358 
f 390/273 533/375 509/359 391/274 
f 533/375 534/376 514/360 509/359 
f 534/376 535/377 515/361 514/360 
f 535/377 520/362 472/346 515/361 
f 456/330 384/268 383/267 520/362 
f 457/331 401/282 400/281 521/363 
f 458/332 418/296 417/295 522/364 
f 459/333 435/310 434/309 523/365 
f 440/314 460/334 524/366 441/315 
f 536/334 537/335 538/367 539/366 
f 461/335 462/336 526/368 525/367 
f 540/336 541/333 542/365 543/368 
f 423/300 463/337 527/369 424/301 
f 544/338 545/332 546/364 547/370 
f 465/339 464/338 528/370 529/371 
f 548/337 549/339 550/371 551/369 
f 406/286 466/340 530/372 407/287 
f 552/340 553/341 554/373 555/372 
f 467/341 468/342 532/374 531/373 
f 556/342 557/331 558/363 559/374 
f 389/272 469/343 533/375 390/273 
f 560/343 561/344 562/376 563/375 
f 470/344 471/345 535/377 534/376 
f 564/345 565/330 566/362 567/377 
s off
f 444/318 476/350 477/350 480/318 
f 476/350 481/351 478/351 477/350 
f 481/351 445/319 479/319 478/351 
f 445/319 444/318 480/318 479/319 
f 446/320 482/352 483/352 486/320 
f 482/352 475/349 484/349 483/352 
f 475/349 333/256 485/256 484/349 
f 333/256 446/320 486/320 485/256 
f 474/348 323/250 490/250 489/348 
f 323/250 448/322 491/322 490/250 
f 448/322 493/354 488/354 491/322 
f 493/354 474/348 489/348 488/354 
f 447/321 487/353 494/353 497/321 
f 487/353 492/355 495/355 494/353 
f 492/355 449/323 496/323 495/355 
f 449/323 447/321 497/321 496/323 
f 450/324 498/356 499/356 502/324 
f 498/356 503/357 500/357 499/356 
f 503/357 451/325 501/325 500/357 
f 451/325 450/324 502/324 501/325 
f 452/326 504/358 505/358 508/326 
f 504/358 473/347 506/347 505/358 
f 473/347 313/244 507/244 506/347 
f 313/244 452/326 508/326 507/244 
f 453/327 509/359 510/359 513/327 
f 509/359 514/360 511/360 510/359 
f 514/360 454/328 512/328 511/360 
f 454/328 453/327 513/327 512/328 
f 455/329 515/361 516/361 519/329 
f 515/361 472/346 517/346 516/361 
f 472/346 303/238 518/238 517/346 
f 303/238 455/329 519/329 518/238 
f 460/334 461/335 537/335 536/334 
f 461/335 525/367 538/367 537/335 
f 525/367 524/366 539/366 538/367 
f 524/366 460/334 536/334 539/366 
f 462/336 459/333 541/333 540/336 
f 459/333 523/365 542/365 541/333 
f 523/365 526/368 543/368 542/365 
f 526/368 462/336 540/336 543/368 
f 464/338 458/332 545/332 544/338 
f 458/332 522/364 546/364 545/332 
f 522/364 528/370 547/370 546/364 
f 528/370 464/338 544/338 547/370 
f 463/337 465/339 549/339 548/337 
f 465/339 529/371 550/371 549/339 
f 529/371 527/369 551/369 550/371 
f 527/369 463/337 548/337 551/369 
f 466/340 467/341 553/341 552/340 
f 467/341 531/373 554/373 553/341 
f 531/373 530/372 555/372 554/373 
f 530/372 466/340 552/340 555/372 
f 468/342 457/331 557/331 556/342 
f 457/331 521/363 558/363 557/331 
f 521/363 532/374 559/374 558/363 
f 532/374 468/342 556/342 559/374 
f 469/343 470/344 561/344 560/343 
f 470/344 534/376 562/376 561/344 
f 534/376 533/375 563/375 562/376 
f 533/375 469/343 560/343 563/375 
f 471/345 456/330 565/330 564/345 
f 456/330 520/362 566/362 565/330 
f 520/362 535/377 567/377 566/362 
f 535/377 471/345 564/345 567/377 
s 1
f 568/153 569/378 570/379 571/154 
f 572/173 573/380 574/381 575/174 
f 576/193 577/382 578/383 579/194 
f 580/213 581/384 582/385 583/214 
f 584/152 585/386 569/378 568/153 
f 586/172 587/387 573/380 572/173 
f 588/192 589/388 577/382 576/193 
f 590/212 591/389 581/384 580/213 
f 592/155 571/154 570/379 593/390 
f 594/391 595/392 596/393 597/378 
f 598/394 599/395 569/378 585/386 
f 593/390 570/379 201/161 200/160 
f 600/170 202/162 201/161 599/395 
f 601/171 600/170 599/395 598/394 
f 602/175 575/174 574/381 603/396 
f 604/397 605/398 606/399 607/380 
f 608/400 609/401 573/380 587/387 
f 603/396 574/381 225/181 224/180 
f 610/190 226/182 225/181 609/401 
f 611/191 610/190 609/401 608/400 
f 612/195 579/194 578/383 613/402 
f 614/403 615/404 616/405 617/382 
f 618/406 619/407 577/382 589/388 
f 613/402 578/383 249/201 248/200 
f 620/210 250/202 249/201 619/407 
f 621/211 620/210 619/407 618/406 
f 622/215 583/214 582/385 623/408 
f 624/409 625/410 626/411 627/384 
f 628/412 629/413 581/384 591/389 
f 623/408 582/385 273/221 272/220 
f 630/414 274/222 273/221 629/413 
f 631/415 630/414 629/413 628/412 
s off
f 195/155 194/154 571/154 592/155 
f 194/154 193/153 568/153 571/154 
f 193/153 192/152 584/152 568/153 
f 192/152 632/386 585/386 584/152 
f 632/386 633/394 598/394 585/386 
f 633/394 213/171 601/171 598/394 
f 213/171 212/170 600/170 601/171 
f 212/170 215/162 202/162 600/170 
f 215/162 216/163 203/163 202/162 
f 216/163 634/160 200/160 203/163 
f 634/160 635/390 593/390 200/160 
f 635/390 195/155 592/155 593/390 
f 636/416 637/161 201/161 638/417 
f 639/418 638/417 201/161 640/419 
f 641/379 640/419 201/161 570/379 
f 642/420 643/395 599/395 644/421 
f 645/422 644/421 599/395 646/423 
f 637/161 646/423 599/395 201/161 
f 594/391 597/378 569/378 647/424 
f 648/425 647/424 569/378 649/426 
f 643/395 649/426 569/378 599/395 
f 650/427 641/379 570/379 651/428 
f 652/429 651/428 570/379 596/393 
f 597/378 596/393 570/379 569/378 
f 219/175 218/174 575/174 602/175 
f 218/174 217/173 572/173 575/174 
f 217/173 214/172 586/172 572/173 
f 214/172 653/387 587/387 586/172 
f 653/387 654/400 608/400 587/387 
f 654/400 237/191 611/191 608/400 
f 237/191 236/190 610/190 611/191 
f 236/190 239/182 226/182 610/190 
f 239/182 240/183 227/183 226/182 
f 240/183 655/180 224/180 227/183 
f 655/180 656/396 603/396 224/180 
f 656/396 219/175 602/175 603/396 
f 657/430 658/181 225/181 659/431 
f 660/432 659/431 225/181 661/433 
f 662/381 661/433 225/181 574/381 
f 663/434 664/401 609/401 665/435 
f 666/436 665/435 609/401 667/437 
f 658/181 667/437 609/401 225/181 
f 604/397 607/380 573/380 668/438 
f 669/439 668/438 573/380 670/440 
f 664/401 670/440 573/380 609/401 
f 671/441 662/381 574/381 672/442 
f 673/443 672/442 574/381 606/399 
f 607/380 606/399 574/381 573/380 
f 243/195 242/194 579/194 612/195 
f 242/194 241/193 576/193 579/194 
f 241/193 238/192 588/192 576/193 
f 238/192 674/388 589/388 588/192 
f 674/388 675/406 618/406 589/388 
f 675/406 261/211 621/211 618/406 
f 261/211 260/210 620/210 621/211 
f 260/210 263/202 250/202 620/210 
f 263/202 264/203 251/203 250/202 
f 264/203 676/200 248/200 251/203 
f 676/200 677/402 613/402 248/200 
f 677/402 243/195 612/195 613/402 
f 678/444 679/201 249/201 680/445 
f 681/446 680/445 249/201 682/447 
f 683/383 682/447 249/201 578/383 
f 684/448 685/407 619/407 686/449 
f 687/450 686/449 619/407 688/451 
f 679/201 688/451 619/407 249/201 
f 614/403 617/382 577/382 689/452 
f 690/453 689/452 577/382 691/454 
f 685/407 691/454 577/382 619/407 
f 692/455 683/383 578/383 693/456 
f 694/457 693/456 578/383 616/405 
f 617/382 616/405 578/383 577/382 
f 267/215 266/214 583/214 622/215 
f 266/214 265/213 580/213 583/214 
f 265/213 262/212 590/212 580/213 
f 262/212 695/389 591/389 590/212 
f 695/389 696/412 628/412 591/389 
f 696/412 697/415 631/415 628/412 
f 697/415 698/414 630/414 631/415 
f 698/414 699/222 274/222 630/414 
f 699/222 700/223 275/223 274/222 
f 700/223 701/220 272/220 275/223 
f 701/220 702/408 623/408 272/220 
f 702/408 267/215 622/215 623/408 
f 703/458 704/221 273/221 705/459 
f 706/460 705/459 273/221 707/461 
f 708/385 707/461 273/221 582/385 
f 709/462 710/413 629/413 711/463 
f 712/464 711/463 629/413 713/465 
f 704/221 713/465 629/413 273/221 
f 624/409 627/384 581/384 714/466 
f 715/467 714/466 581/384 716/468 
f 710/413 716/468 581/384 629/413 
f 717/469 708/385 582/385 718/470 
f 719/471 718/470 582/385 626/411 
f 627/384 626/411 582/385 581/384 
s 1
f 710/413 709/462 720/472 716/468 
f 716/468 720/472 721/473 715/467 
f 715/467 721/473 722/474 714/466 
f 714/466 722/474 625/410 624/409 
f 685/407 684/448 723/475 691/454 
f 691/454 723/475 724/476 690/453 
f 690/453 724/476 725/477 689/452 
f 689/452 725/477 615/404 614/403 
f 664/401 663/434 726/478 670/440 
f 670/440 726/478 727/479 669/439 
f 669/439 727/479 728/480 668/438 
f 668/438 728/480 605/398 604/397 
f 643/395 642/420 729/481 649/426 
f 649/426 729/481 730/482 648/425 
f 648/425 730/482 731/483 647/424 
f 647/424 731/483 595/392 594/391 
f 732/484 651/428 652/429 733/485 
f 734/486 672/442 673/443 735/487 
f 736/488 693/456 694/457 737/489 
f 738/490 718/470 719/471 739/491 
f 712/464 740/492 741/493 711/463 
f 740/492 742/494 743/495 741/493 
f 742/494 744/496 745/497 743/495 
f 744/496 738/490 739/491 745/497 
f 687/450 746/498 747/499 686/449 
f 746/498 748/500 749/501 747/499 
f 748/500 750/502 751/503 749/501 
f 750/502 736/488 737/489 751/503 
f 666/436 752/504 753/505 665/435 
f 752/504 754/506 755/507 753/505 
f 754/506 756/508 757/509 755/507 
f 756/508 734/486 735/487 757/509 
f 645/422 758/510 759/511 644/421 
f 758/510 760/512 761/513 759/511 
f 760/512 762/514 763/515 761/513 
f 762/514 732/484 733/485 763/515 
f 764/516 650/427 651/428 732/484 
f 765/517 671/441 672/442 734/486 
f 766/518 692/455 693/456 736/488 
f 767/519 717/469 718/470 738/490 
f 713/465 768/520 740/492 712/464 
f 769/520 770/521 771/494 772/492 
f 773/521 774/522 744/496 742/494 
f 775/522 776/519 777/490 778/496 
f 688/451 779/523 746/498 687/450 
f 780/523 781/524 782/500 783/498 
f 784/524 785/525 750/502 748/500 
f 786/525 787/518 788/488 789/502 
f 667/437 790/526 752/504 666/436 
f 791/526 792/527 793/506 794/504 
f 795/527 796/528 756/508 754/506 
f 797/528 798/517 799/486 800/508 
f 646/423 801/529 758/510 645/422 
f 802/529 803/530 804/512 805/510 
f 806/530 807/531 762/514 760/512 
f 808/531 809/516 810/484 811/514 
f 640/419 641/379 650/427 764/516 
f 661/433 662/381 671/441 765/517 
f 682/447 683/383 692/455 766/518 
f 707/461 708/385 717/469 767/519 
f 704/221 703/458 768/520 713/465 
f 703/458 705/459 773/521 768/520 
f 705/459 706/460 774/522 773/521 
f 706/460 707/461 767/519 774/522 
f 679/201 678/444 779/523 688/451 
f 678/444 680/445 784/524 779/523 
f 680/445 681/446 785/525 784/524 
f 681/446 682/447 766/518 785/525 
f 658/181 657/430 790/526 667/437 
f 657/430 659/431 795/527 790/526 
f 659/431 660/432 796/528 795/527 
f 660/432 661/433 765/517 796/528 
f 637/161 636/416 801/529 646/423 
f 636/416 638/417 806/530 801/529 
f 638/417 639/418 807/531 806/530 
f 639/418 640/419 764/516 807/531 
f 733/485 652/429 596/393 595/392 
f 735/487 673/443 606/399 605/398 
f 737/489 694/457 616/405 615/404 
f 739/491 719/471 626/411 625/410 
f 711/463 741/493 720/472 709/462 
f 812/493 813/495 814/473 815/472 
f 743/495 745/497 722/474 721/473 
f 816/497 817/491 818/410 819/474 
f 686/449 747/499 723/475 684/448 
f 820/499 821/501 822/476 823/475 
f 749/501 751/503 725/477 724/476 
f 824/503 825/489 826/404 827/477 
f 665/435 753/505 726/478 663/434 
f 828/505 829/507 830/479 831/478 
f 755/507 757/509 728/480 727/479 
f 832/509 833/487 834/398 835/480 
f 644/421 759/511 729/481 642/420 
f 836/511 837/513 838/482 839/481 
f 761/513 763/515 731/483 730/482 
f 840/515 841/485 842/392 843/483 
s off
f 740/492 768/520 769/520 772/492 
f 768/520 773/521 770/521 769/520 
f 773/521 742/494 771/494 770/521 
f 742/494 740/492 772/492 771/494 
f 744/496 774/522 775/522 778/496 
f 774/522 767/519 776/519 775/522 
f 767/519 738/490 777/490 776/519 
f 738/490 744/496 778/496 777/490 
f 746/498 779/523 780/523 783/498 
f 779/523 784/524 781/524 780/523 
f 784/524 748/500 782/500 781/524 
f 748/500 746/498 783/498 782/500 
f 750/502 785/525 786/525 789/502 
f 785/525 766/518 787/518 786/525 
f 766/518 736/488 788/488 787/518 
f 736/488 750/502 789/502 788/488 
f 752/504 790/526 791/526 794/504 
f 790/526 795/527 792/527 791/526 
f 795/527 754/506 793/506 792/527 
f 754/506 752/504 794/504 793/506 
f 756/508 796/528 797/528 800/508 
f 796/528 765/517 798/517 797/528 
f 765/517 734/486 799/486 798/517 
f 734/486 756/508 800/508 799/486 
f 758/510 801/529 802/529 805/510 
f 801/529 806/530 803/530 802/529 
f 806/530 760/512 804/512 803/530 
f 760/512 758/510 805/510 804/512 
f 762/514 807/531 808/531 811/514 
f 807/531 764/516 809/516 808/531 
f 764/516 732/484 810/484 809/516 
f 732/484 762/514 811/514 810/484 
f 741/493 743/495 813/495 812/493 
f 743/495 721/473 814/473 813/495 
f 721/473 720/472 815/472 814/473 
f 720/472 741/493 812/493 815/472 
f 745/497 739/491 817/491 816/497 
f 739/491 625/410 818/410 817/491 
f 625/410 722/474 819/474 818/410 
f 722/474 745/497 816/497 819/474 
f 747/499 749/501 821/501 820/499 
f 749/501 724/476 822/476 821/501 
f 724/476 723/475 823/475 822/476 
f 723/475 747/499 820/499 823/475 
f 751/503 737/489 825/489 824/503 
f 737/489 615/404 826/404 825/489 
f 615/404 725/477 827/477 826/404 
f 725/477 751/503 824/503 827/477 
f 753/505 755/507 829/507 828/505 
f 755/507 727/479 830/479 829/507 
f 727/479 726/478 831/478 830/479 
f 726/478 753/505 828/505 831/478 
f 757/509 735/487 833/487 832/509 
f 735/487 605/398 834/398 833/487 
f 605/398 728/480 835/480 834/398 
f 728/480 757/509 832/509 835/480 
f 759/511 761/513 837/513 836/511 
f 761/513 730/482 838/482 837/513 
f 730/482 729/481 839/481 838/482 
f 729/481 759/511 836/511 839/481 
f 763/515 733/485 841/485 840/515 
f 733/485 595/392 842/392 841/485 
f 595/392 731/483 843/483 842/392 
f 731/483 763/515 840/515 843/483 
s 1
f 844/532 845/533 846/534 847/535 
f 847/535 846/534 848/536 849/537 
f 849/537 848/536 850/538 851/539 
f 851/539 850/538 852/540 853/541 
f 854/542 855/543 856/74 857/75 
f 858/543 859/544 860/545 861/546 
f 858/543 861/546 862/547 863/548 
f 858/543 863/548 864/549 865/550 
f 858/543 865/550 866/551 867/552 
f 858/543 867/552 868/553 869/73 
f 858/543 869/73 870/74 
f 853/541 852/540 871/545 872/544 
f 873/554 874/555 846/534 845/533 
f 874/555 875/556 848/536 846/534 
f 875/556 876/557 850/538 848/536 
f 876/557 877/558 852/540 850/538 
f 877/558 878/546 871/545 852/540 
f 879/559 880/560 874/555 873/554 
f 880/560 881/561 875/556 874/555 
f 882/561 883/562 884/563 885/556 
f 886/564 887/565 888/566 889/557 
f 890/567 891/547 878/546 892/568 
f 877/558 892/568 878/546 
f 893/569 894/570 880/560 879/559 
f 894/570 895/571 881/561 880/560 
f 895/571 896/572 897/573 881/561 
f 896/572 898/574 892/568 897/573 
f 899/574 900/575 901/567 902/568 
f 903/576 904/577 894/570 893/569 
f 904/577 905/578 895/571 894/570 
f 906/578 907/579 908/580 909/571 
f 910/581 911/582 912/583 913/572 
f 914/549 915/548 916/575 917/584 
f 918/585 917/584 916/575 898/574 
f 919/586 920/587 904/577 903/576 
f 920/587 921/588 905/578 904/577 
f 921/588 922/589 923/590 905/578 
f 922/589 924/591 918/585 923/590 
f 925/591 926/592 927/584 928/585 
f 929/593 930/594 920/587 919/586 
f 930/594 931/595 921/588 920/587 
f 932/595 933/596 934/597 935/588 
f 936/598 937/599 938/600 939/589 
f 940/551 941/550 942/592 943/601 
f 944/602 943/601 942/592 924/591 
f 945/603 946/604 930/594 929/593 
f 946/604 947/605 931/595 930/594 
f 947/605 948/606 949/607 931/595 
f 948/606 950/608 944/602 949/607 
f 951/608 952/609 953/601 954/602 
f 955/610 956/611 946/604 945/603 
f 956/611 957/612 947/605 946/604 
f 958/612 959/613 960/614 961/605 
f 962/615 963/616 964/617 965/606 
f 966/618 967/553 968/552 969/609 
f 950/608 966/618 969/609 
f 67/4 970/619 956/611 955/610 
f 971/620 972/621 957/612 973/3 
f 970/619 973/3 957/612 956/611 
f 974/622 975/623 976/624 972/621 
f 957/612 972/621 976/624 
f 87/72 86/71 966/618 975/623 
f 976/624 975/623 966/618 
f 86/71 89/73 967/553 966/618 
s off
f 876/557 897/573 977/573 978/625 
f 876/557 978/625 979/626 980/627 
f 876/557 980/627 886/564 889/557 
f 897/573 892/568 981/568 982/628 
f 897/573 982/628 983/629 984/630 
f 897/573 984/630 985/631 977/573 
f 892/568 877/558 986/558 987/632 
f 892/568 987/632 988/633 989/634 
f 892/568 989/634 990/635 981/568 
f 877/558 876/557 889/557 888/566 
f 877/558 888/566 991/636 992/637 
f 877/558 992/637 993/638 986/558 
f 896/572 923/590 994/590 995/639 
f 896/572 995/639 996/640 997/641 
f 896/572 997/641 910/581 913/572 
f 923/590 918/585 998/585 999/642 
f 923/590 999/642 1000/643 1001/644 
f 923/590 1001/644 1002/645 994/590 
f 918/585 898/574 1003/574 1004/646 
f 918/585 1004/646 1005/647 1006/648 
f 918/585 1006/648 1007/649 998/585 
f 898/574 896/572 913/572 912/583 
f 898/574 912/583 1008/650 1009/651 
f 898/574 1009/651 1010/652 1003/574 
f 922/589 949/607 1011/607 1012/653 
f 922/589 1012/653 1013/654 1014/655 
f 922/589 1014/655 936/598 939/589 
f 949/607 944/602 1015/602 1016/656 
f 949/607 1016/656 1017/657 1018/658 
f 949/607 1018/658 1019/659 1011/607 
f 944/602 924/591 1020/591 1021/660 
f 944/602 1021/660 1022/661 1023/662 
f 944/602 1023/662 1024/663 1015/602 
f 924/591 922/589 939/589 938/600 
f 924/591 938/600 1025/664 1026/665 
f 924/591 1026/665 1027/666 1020/591 
f 948/606 976/624 1028/624 1029/667 
f 948/606 1029/667 1030/668 1031/669 
f 948/606 1031/669 962/615 965/606 
f 976/624 966/618 1032/618 1033/670 
f 976/624 1033/670 1034/671 1035/672 
f 976/624 1035/672 1036/673 1028/624 
f 966/618 950/608 1037/608 1038/674 
f 966/618 1038/674 1039/675 1040/676 
f 966/618 1040/676 1041/677 1032/618 
f 950/608 948/606 965/606 964/617 
f 950/608 964/617 1042/678 1043/679 
f 950/608 1043/679 1044/680 1037/608 
f 875/556 881/561 882/561 885/556 
f 881/561 897/573 1045/573 883/562 
f 881/561 883/562 882/561 
f 897/573 876/557 1046/557 1045/573 
f 876/557 875/556 885/556 884/563 
f 876/557 884/563 1046/557 
f 895/571 905/578 906/578 909/571 
f 905/578 923/590 1047/590 907/579 
f 905/578 907/579 906/578 
f 923/590 896/572 1048/572 1047/590 
f 896/572 895/571 909/571 908/580 
f 896/572 908/580 1048/572 
f 921/588 931/595 932/595 935/588 
f 931/595 949/607 1049/607 933/596 
f 931/595 933/596 932/595 
f 949/607 922/589 1050/589 1049/607 
f 922/589 921/588 935/588 934/597 
f 922/589 934/597 1050/589 
f 947/605 957/612 958/612 961/605 
f 957/612 976/624 1051/624 959/613 
f 957/612 959/613 958/612 
f 976/624 948/606 1052/606 1051/624 
f 948/606 947/605 961/605 960/614 
f 948/606 960/614 1052/606 
s 1
f 1053/573 1054/557 1055/563 1056/562 
f 1057/590 1058/572 1059/580 1060/579 
f 1061/607 1062/589 1063/597 1064/596 
f 1065/624 1066/606 1067/614 1068/613 
s off
f 1045/573 1046/557 1054/557 1053/573 
f 1046/557 884/563 1055/563 1054/557 
f 884/563 883/562 1056/562 1055/563 
f 883/562 1045/573 1053/573 1056/562 
f 1047/590 1048/572 1058/572 1057/590 
f 1048/572 908/580 1059/580 1058/572 
f 908/580 907/579 1060/579 1059/580 
f 907/579 1047/590 1057/590 1060/579 
f 1049/607 1050/589 1062/589 1061/607 
f 1050/589 934/597 1063/597 1062/589 
f 934/597 933/596 1064/596 1063/597 
f 933/596 1049/607 1061/607 1064/596 
f 1051/624 1052/606 1066/606 1065/624 
f 1052/606 960/614 1067/614 1066/606 
f 960/614 959/613 1068/613 1067/614 
f 959/613 1051/624 1065/624 1068/613 
s 1
f 1069/548 1070/547 901/567 900/575 
f 1071/550 1072/549 927/584 926/592 
f 1073/552 1074/551 953/601 952/609 
s off
f 91/75 92/7 1075/7 1076/75 
f 92/7 1077/8 1078/8 1075/7 
f 1077/8 1079/542 1080/542 1078/8 
f 1079/542 1081/543 858/543 1080/542 
f 1081/543 872/544 859/544 858/543 
f 872/544 871/545 860/545 859/544 
f 871/545 878/546 861/546 860/545 
f 878/546 891/547 862/547 861/546 
f 891/547 915/548 863/548 862/547 
f 915/548 914/549 864/549 863/548 
f 914/549 941/550 865/550 864/549 
f 941/550 940/551 866/551 865/550 
f 940/551 968/552 867/552 866/551 
f 968/552 967/553 868/553 867/552 
f 967/553 89/73 869/73 868/553 
f 89/73 90/74 870/74 869/73 
f 90/74 91/75 1076/75 870/74 
f 858/543 870/74 856/74 855/543 
f 870/74 1076/75 857/75 856/74 
f 1076/75 1075/7 1082/7 857/75 
f 1075/7 1078/8 1083/8 1082/7 
f 1078/8 1080/542 854/542 1083/8 
f 1080/542 858/543 855/543 854/542 
f 854/542 857/75 1084/75 1085/542 
f 857/75 1082/7 1086/7 1087/6 
f 857/75 1087/6 1084/75 
f 1082/7 1083/8 1088/8 1086/7 
f 1083/8 854/542 1085/542 1089/5 
f 1083/8 1089/5 1088/8 
f 892/568 898/574 899/574 902/568 
f 898/574 916/575 900/575 899/574 
f 916/575 915/548 1069/548 900/575 
f 915/548 891/547 1070/547 1069/548 
f 891/547 890/567 901/567 1070/547 
f 890/567 892/568 902/568 901/567 
f 918/585 924/591 925/591 928/585 
f 924/591 942/592 926/592 925/591 
f 942/592 941/550 1071/550 926/592 
f 941/550 914/549 1072/549 1071/550 
f 914/549 917/584 927/584 1072/549 
f 917/584 918/585 928/585 927/584 
f 944/602 950/608 951/608 954/602 
f 950/608 969/609 952/609 951/608 
f 969/609 968/552 1073/552 952/609 
f 968/552 940/551 1074/551 1073/552 
f 940/551 943/601 953/601 1074/551 
f 943/601 944/602 954/602 953/601 
s 1
f 981/568 990/635 1090/681 982/628 
f 998/585 1007/649 1091/682 999/642 
f 1015/602 1024/663 1092/683 1016/656 
f 1032/618 1041/677 1093/684 1033/670 
f 984/630 1094/685 1095/686 985/631 
f 1001/644 1096/687 1097/688 1002/645 
f 1018/658 1098/689 1099/690 1019/659 
f 1035/672 1100/691 1101/692 1036/673 
f 983/629 1102/693 1094/685 984/630 
f 1000/643 1103/694 1096/687 1001/644 
f 1017/657 1104/695 1098/689 1018/658 
f 1034/671 1105/696 1100/691 1035/672 
f 982/628 1090/681 1102/693 983/629 
f 999/642 1091/682 1103/694 1000/643 
f 1016/656 1092/683 1104/695 1017/657 
f 1033/670 1093/684 1105/696 1034/671 
f 980/627 1106/697 887/565 886/564 
f 986/558 993/638 1107/698 987/632 
f 991/636 888/566 887/565 1108/699 
f 992/637 991/636 1108/699 1109/700 
f 993/638 992/637 1109/700 1107/698 
f 987/632 1107/698 1110/701 988/633 
f 1111/699 1112/565 1113/697 1114/702 
f 1109/700 1108/699 1115/702 1116/703 
f 1117/698 1118/700 1119/703 1120/701 
f 979/626 1121/704 1106/697 980/627 
f 988/633 1110/701 1122/705 989/634 
f 1115/702 1106/697 1121/704 1123/706 
f 1116/703 1115/702 1123/706 1124/707 
f 1110/701 1116/703 1124/707 1122/705 
f 978/625 1095/686 1121/704 979/626 
f 989/634 1122/705 1090/681 990/635 
f 1125/706 1126/704 1127/686 1128/685 
f 1124/707 1123/706 1094/685 1102/693 
f 1129/705 1130/707 1131/693 1132/681 
f 977/573 985/631 1095/686 978/625 
f 997/641 1133/708 911/582 910/581 
f 1003/574 1010/652 1134/709 1004/646 
f 1008/650 912/583 911/582 1135/710 
f 1009/651 1008/650 1135/710 1136/711 
f 1010/652 1009/651 1136/711 1134/709 
f 1004/646 1134/709 1137/712 1005/647 
f 1138/710 1139/582 1140/708 1141/713 
f 1136/711 1135/710 1142/713 1143/714 
f 1144/709 1145/711 1146/714 1147/712 
f 996/640 1148/715 1133/708 997/641 
f 1005/647 1137/712 1149/716 1006/648 
f 1142/713 1133/708 1148/715 1150/717 
f 1143/714 1142/713 1150/717 1151/718 
f 1137/712 1143/714 1151/718 1149/716 
f 995/639 1097/688 1148/715 996/640 
f 1006/648 1149/716 1091/682 1007/649 
f 1152/717 1153/715 1154/688 1155/687 
f 1151/718 1150/717 1096/687 1103/694 
f 1156/716 1157/718 1158/694 1159/682 
f 994/590 1002/645 1097/688 995/639 
f 1014/655 1160/719 937/599 936/598 
f 1020/591 1027/666 1161/720 1021/660 
f 1025/664 938/600 937/599 1162/721 
f 1026/665 1025/664 1162/721 1163/722 
f 1027/666 1026/665 1163/722 1161/720 
f 1021/660 1161/720 1164/723 1022/661 
f 1165/721 1166/599 1167/719 1168/724 
f 1163/722 1162/721 1169/724 1170/725 
f 1171/720 1172/722 1173/725 1174/723 
f 1013/654 1175/726 1160/719 1014/655 
f 1022/661 1164/723 1176/727 1023/662 
f 1169/724 1160/719 1175/726 1177/728 
f 1170/725 1169/724 1177/728 1178/729 
f 1164/723 1170/725 1178/729 1176/727 
f 1012/653 1099/690 1175/726 1013/654 
f 1023/662 1176/727 1092/683 1024/663 
f 1179/728 1180/726 1181/690 1182/689 
f 1178/729 1177/728 1098/689 1104/695 
f 1183/727 1184/729 1185/695 1186/683 
f 1011/607 1019/659 1099/690 1012/653 
f 1031/669 1187/730 963/616 962/615 
f 1037/608 1044/680 1188/731 1038/674 
f 1042/678 964/617 963/616 1189/732 
f 1043/679 1042/678 1189/732 1190/733 
f 1044/680 1043/679 1190/733 1188/731 
f 1038/674 1188/731 1191/734 1039/675 
f 1192/732 1193/616 1194/730 1195/735 
f 1190/733 1189/732 1196/735 1197/736 
f 1198/731 1199/733 1200/736 1201/734 
f 1030/668 1202/737 1187/730 1031/669 
f 1039/675 1191/734 1203/738 1040/676 
f 1196/735 1187/730 1202/737 1204/739 
f 1197/736 1196/735 1204/739 1205/740 
f 1191/734 1197/736 1205/740 1203/738 
f 1029/667 1101/692 1202/737 1030/668 
f 1040/676 1203/738 1093/684 1041/677 
f 1206/739 1207/737 1208/692 1209/691 
f 1205/740 1204/739 1100/691 1105/696 
f 1210/738 1211/740 1212/696 1213/684 
f 1028/624 1036/673 1101/692 1029/667 
s off
f 1108/699 887/565 1112/565 1111/699 
f 887/565 1106/697 1113/697 1112/565 
f 1106/697 1115/702 1114/702 1113/697 
f 1115/702 1108/699 1111/699 1114/702 
f 1107/698 1109/700 1118/700 1117/698 
f 1109/700 1116/703 1119/703 1118/700 
f 1116/703 1110/701 1120/701 1119/703 
f 1110/701 1107/698 1117/698 1120/701 
f 1123/706 1121/704 1126/704 1125/706 
f 1121/704 1095/686 1127/686 1126/704 
f 1095/686 1094/685 1128/685 1127/686 
f 1094/685 1123/706 1125/706 1128/685 
f 1122/705 1124/707 1130/707 1129/705 
f 1124/707 1102/693 1131/693 1130/707 
f 1102/693 1090/681 1132/681 1131/693 
f 1090/681 1122/705 1129/705 1132/681 
f 1135/710 911/582 1139/582 1138/710 
f 911/582 1133/708 1140/708 1139/582 
f 1133/708 1142/713 1141/713 1140/708 
f 1142/713 1135/710 1138/710 1141/713 
f 1134/709 1136/711 1145/711 1144/709 
f 1136/711 1143/714 1146/714 1145/711 
f 1143/714 1137/712 1147/712 1146/714 
f 1137/712 1134/709 1144/709 1147/712 
f 1150/717 1148/715 1153/715 1152/717 
f 1148/715 1097/688 1154/688 1153/715 
f 1097/688 1096/687 1155/687 1154/688 
f 1096/687 1150/717 1152/717 1155/687 
f 1149/716 1151/718 1157/718 1156/716 
f 1151/718 1103/694 1158/694 1157/718 
f 1103/694 1091/682 1159/682 1158/694 
f 1091/682 1149/716 1156/716 1159/682 
f 1162/721 937/599 1166/599 1165/721 
f 937/599 1160/719 1167/719 1166/599 
f 1160/719 1169/724 1168/724 1167/719 
f 1169/724 1162/721 1165/721 1168/724 
f 1161/720 1163/722 1172/722 1171/720 
f 1163/722 1170/725 1173/725 1172/722 
f 1170/725 1164/723 1174/723 1173/725 
f 1164/723 1161/720 1171/720 1174/723 
f 1177/728 1175/726 1180/726 1179/728 
f 1175/726 1099/690 1181/690 1180/726 
f 1099/690 1098/689 1182/689 1181/690 
f 1098/689 1177/728 1179/728 1182/689 
f 1176/727 1178/729 1184/729 1183/727 
f 1178/729 1104/695 1185/695 1184/729 
f 1104/695 1092/683 1186/683 1185/695 
f 1092/683 1176/727 1183/727 1186/683 
f 1189/732 963/616 1193/616 1192/732 
f 963/616 1187/730 1194/730 1193/616 
f 1187/730 1196/735 1195/735 1194/730 
f 1196/735 1189/732 1192/732 1195/735 
f 1188/731 1190/733 1199/733 1198/731 
f 1190/733 1197/736 1200/736 1199/733 
f 1197/736 1191/734 1201/734 1200/736 
f 1191/734 1188/731 1198/731 1201/734 
f 1204/739 1202/737 1207/737 1206/739 
f 1202/737 1101/692 1208/692 1207/737 
f 1101/692 1100/691 1209/691 1208/692 
f 1100/691 1204/739 1206/739 1209/691 
f 1203/738 1205/740 1211/740 1210/738 
f 1205/740 1105/696 1212/696 1211/740 
f 1105/696 1093/684 1213/684 1212/696 
f 1093/684 1203/738 1210/738 1213/684 
s 1
f 1085/542 1084/75 1087/6 1089/5 
s off
f 1086/7 1088/8 8/8 7/7 
f 1088/8 1089/5 5/5 8/8 
f 1089/5 1087/6 6/6 5/5 
f 1087/6 1086/7 7/7 6/6 
s 1
f 192/152 80/70 81/12 632/386 
f 633/394 632/386 81/12 213/171 
f 214/172 213/171 81/12 653/387 
f 654/400 653/387 81/12 237/191 
f 238/192 237/191 81/12 674/388 
f 675/406 674/388 81/12 261/211 
f 262/212 261/211 81/12 695/389 
f 696/412 695/389 81/12 697/415 
f 1214/741 697/415 81/12 1215/742 
f 1216/743 31/31 32/32 191/151 
f 1217/744 188/148 191/151 32/32 
f 1216/743 191/151 343/236 342/156 
f 1216/743 342/156 208/159 211/169 
f 1216/743 211/169 351/242 350/176 
f 1216/743 350/176 232/179 235/189 
f 1216/743 235/189 359/248 358/196 
f 1216/743 358/196 256/199 259/209 
f 1216/743 259/209 371/254 370/216 
f 1216/743 370/216 369/219 1218/745 
f 1218/745 369/219 368/218 367/260 
f 1218/745 367/260 366/261 1219/746 
f 184/144 76/68 79/69 340/232 
f 341/240 340/232 79/69 205/165 
f 206/166 205/165 79/69 348/233 
f 349/246 348/233 79/69 229/185 
f 230/186 229/185 79/69 356/234 
f 357/252 356/234 79/69 253/205 
f 254/206 253/205 79/69 364/235 
f 365/258 364/235 79/69 366/261 
f 1219/746 366/261 79/69 195/155 
f 1219/746 195/155 635/390 634/160 
f 1219/746 634/160 216/163 219/175 
f 1219/746 219/175 656/396 655/180 
f 1219/746 655/180 240/183 243/195 
f 1219/746 243/195 677/402 676/200 
f 1219/746 676/200 264/203 267/215 
f 1219/746 267/215 702/408 701/220 
f 1219/746 701/220 700/223 1220/747 
f 1220/747 700/223 699/222 698/414 
f 1220/747 698/414 697/415 1214/741 
f 1221/5 1222/8 1223/7 1224/6 
f 1225/532 1226/535 1227/534 1228/533 
f 1226/535 1229/537 1230/536 1227/534 
f 1229/537 1231/539 1232/538 1230/536 
f 1231/539 1233/541 1234/540 1232/538 
f 1235/542 1236/75 1237/74 1238/543 
f 1239/543 1240/74 1241/73 1242/553 
f 1239/543 1242/553 1243/552 1244/551 
f 1239/543 1244/551 1245/550 1246/549 
f 1239/543 1246/549 1247/548 1248/547 
f 1239/543 1248/547 1249/546 1250/545 
f 1239/543 1250/545 1251/544 
f 1233/541 1252/544 1253/545 1234/540 
f 1254/554 1228/533 1227/534 1255/555 
f 1255/555 1227/534 1230/536 1256/556 
f 1256/556 1230/536 1232/538 1257/557 
f 1257/557 1232/538 1234/540 1258/558 
f 1258/558 1234/540 1253/545 1259/546 
f 1260/559 1254/554 1255/555 1261/560 
f 1261/560 1255/555 1256/556 1262/561 
f 1263/561 1264/556 1265/563 1266/562 
f 1267/564 1268/557 1269/566 1270/565 
f 1259/546 1271/547 1272/567 1273/568 
f 1258/558 1259/546 1273/568 
f 1274/569 1260/559 1261/560 1275/570 
f 1275/570 1261/560 1262/561 1276/571 
f 1276/571 1262/561 1277/573 1278/572 
f 1278/572 1277/573 1273/568 1279/574 
f 1280/574 1281/568 1282/567 1283/575 
f 1284/576 1274/569 1275/570 1285/577 
f 1285/577 1275/570 1276/571 1286/578 
f 1287/578 1288/571 1289/580 1290/579 
f 1291/581 1292/572 1293/583 1294/582 
f 1295/575 1296/548 1297/549 1298/584 
f 1295/575 1298/584 1299/585 1279/574 
f 1300/586 1284/576 1285/577 1301/587 
f 1301/587 1285/577 1286/578 1302/588 
f 1302/588 1286/578 1303/590 1304/589 
f 1304/589 1303/590 1299/585 1305/591 
f 1306/591 1307/585 1308/584 1309/592 
f 1310/593 1300/586 1301/587 1311/594 
f 1311/594 1301/587 1302/588 1312/595 
f 1313/595 1314/588 1315/597 1316/596 
f 1317/598 1318/589 1319/600 1320/599 
f 1321/592 1322/550 1323/551 1324/601 
f 1321/592 1324/601 1325/602 1305/591 
f 1326/603 1310/593 1311/594 1327/604 
f 1327/604 1311/594 1312/595 1328/605 
f 1328/605 1312/595 1329/607 1330/606 
f 1330/606 1329/607 1325/602 1331/608 
f 1332/608 1333/602 1334/601 1335/609 
f 1336/610 1326/603 1327/604 1337/611 
f 1337/611 1327/604 1328/605 1338/612 
f 1339/612 1340/605 1341/614 1342/613 
f 1343/615 1344/606 1345/617 1346/616 
f 1347/552 1348/553 1349/618 1350/609 
f 1331/608 1350/609 1349/618 
f 71/4 1336/610 1337/611 1351/619 
f 1351/619 1337/611 1338/612 1352/621 
f 1352/621 1338/612 1353/624 1354/623 
f 1354/623 1353/624 1349/618 1355/71 
f 1355/71 1349/618 1348/553 1356/73 
s off
f 1257/557 1268/557 1267/564 1357/627 
f 1257/557 1357/627 1358/626 1359/625 
f 1257/557 1359/625 1360/573 1277/573 
f 1277/573 1360/573 1361/631 1362/630 
f 1277/573 1362/630 1363/629 1364/628 
f 1277/573 1364/628 1365/568 1273/568 
f 1273/568 1365/568 1366/635 1367/634 
f 1273/568 1367/634 1368/633 1369/632 
f 1273/568 1369/632 1370/558 1258/558 
f 1258/558 1370/558 1371/638 1372/637 
f 1258/558 1372/637 1373/636 1269/566 
f 1258/558 1269/566 1268/557 1257/557 
f 1278/572 1292/572 1291/581 1374/641 
f 1278/572 1374/641 1375/640 1376/639 
f 1278/572 1376/639 1377/590 1303/590 
f 1303/590 1377/590 1378/645 1379/644 
f 1303/590 1379/644 1380/643 1381/642 
f 1303/590 1381/642 1382/585 1299/585 
f 1299/585 1382/585 1383/649 1384/648 
f 1299/585 1384/648 1385/647 1386/646 
f 1299/585 1386/646 1387/574 1279/574 
f 1279/574 1387/574 1388/652 1389/651 
f 1279/574 1389/651 1390/650 1293/583 
f 1279/574 1293/583 1292/572 1278/572 
f 1304/589 1318/589 1317/598 1391/655 
f 1304/589 1391/655 1392/654 1393/653 
f 1304/589 1393/653 1394/607 1329/607 
f 1329/607 1394/607 1395/659 1396/658 
f 1329/607 1396/658 1397/657 1398/656 
f 1329/607 1398/656 1399/602 1325/602 
f 1325/602 1399/602 1400/663 1401/662 
f 1325/602 1401/662 1402/661 1403/660 
f 1325/602 1403/660 1404/591 1305/591 
f 1305/591 1404/591 1405/666 1406/665 
f 1305/591 1406/665 1407/664 1319/600 
f 1305/591 1319/600 1318/589 1304/589 
f 1330/606 1344/606 1343/615 1408/669 
f 1330/606 1408/669 1409/668 1410/667 
f 1330/606 1410/667 1411/624 1353/624 
f 1353/624 1411/624 1412/673 1413/672 
f 1353/624 1413/672 1414/671 1415/670 
f 1353/624 1415/670 1416/618 1349/618 
f 1349/618 1416/618 1417/677 1418/676 
f 1349/618 1418/676 1419/675 1420/674 
f 1349/618 1420/674 1421/608 1331/608 
f 1331/608 1421/608 1422/680 1423/679 
f 1331/608 1423/679 1424/678 1345/617 
f 1331/608 1345/617 1344/606 1330/606 
f 1256/556 1264/556 1263/561 1262/561 
f 1262/561 1263/561 1266/562 1425/573 
f 1262/561 1425/573 1277/573 
f 1277/573 1425/573 1426/557 1257/557 
f 1257/557 1426/557 1265/563 1264/556 
f 1257/557 1264/556 1256/556 
f 1276/571 1288/571 1287/578 1286/578 
f 1286/578 1287/578 1290/579 1427/590 
f 1286/578 1427/590 1303/590 
f 1303/590 1427/590 1428/572 1278/572 
f 1278/572 1428/572 1289/580 1288/571 
f 1278/572 1288/571 1276/571 
f 1302/588 1314/588 1313/595 1312/595 
f 1312/595 1313/595 1316/596 1429/607 
f 1312/595 1429/607 1329/607 
f 1329/607 1429/607 1430/589 1304/589 
f 1304/589 1430/589 1315/597 1314/588 
f 1304/589 1314/588 1302/588 
f 1328/605 1340/605 1339/612 1338/612 
f 1338/612 1339/612 1342/613 1431/624 
f 1338/612 1431/624 1353/624 
f 1353/624 1431/624 1432/606 1330/606 
f 1330/606 1432/606 1341/614 1340/605 
f 1330/606 1340/605 1328/605 
s 1
f 1433/573 1434/562 1435/563 1436/557 
f 1437/590 1438/579 1439/580 1440/572 
f 1441/607 1442/596 1443/597 1444/589 
f 1445/624 1446/613 1447/614 1448/606 
s off
f 1425/573 1433/573 1436/557 1426/557 
f 1426/557 1436/557 1435/563 1265/563 
f 1265/563 1435/563 1434/562 1266/562 
f 1266/562 1434/562 1433/573 1425/573 
f 1427/590 1437/590 1440/572 1428/572 
f 1428/572 1440/572 1439/580 1289/580 
f 1289/580 1439/580 1438/579 1290/579 
f 1290/579 1438/579 1437/590 1427/590 
f 1429/607 1441/607 1444/589 1430/589 
f 1430/589 1444/589 1443/597 1315/597 
f 1315/597 1443/597 1442/596 1316/596 
f 1316/596 1442/596 1441/607 1429/607 
f 1431/624 1445/624 1448/606 1432/606 
f 1432/606 1448/606 1447/614 1341/614 
f 1341/614 1447/614 1446/613 1342/613 
f 1342/613 1446/613 1445/624 1431/624 
s 1
f 1449/548 1283/575 1282/567 1450/547 
f 1451/550 1309/592 1308/584 1452/549 
f 1453/552 1335/609 1334/601 1454/551 
s off
f 1455/75 1456/75 1457/7 81/7 
f 81/7 1457/7 1458/8 1215/8 
f 1215/8 1458/8 1459/542 1460/542 
f 1460/542 1459/542 1239/543 1461/543 
f 1461/543 1239/543 1251/544 1252/544 
f 1252/544 1251/544 1250/545 1253/545 
f 1253/545 1250/545 1249/546 1259/546 
f 1259/546 1249/546 1248/547 1271/547 
f 1271/547 1248/547 1247/548 1296/548 
f 1296/548 1247/548 1246/549 1297/549 
f 1297/549 1246/549 1245/550 1322/550 
f 1322/550 1245/550 1244/551 1323/551 
f 1323/551 1244/551 1243/552 1347/552 
f 1347/552 1243/552 1242/553 1348/553 
f 1348/553 1242/553 1241/73 1356/73 
f 1356/73 1241/73 1240/74 1462/74 
f 1462/74 1240/74 1456/75 1455/75 
f 1239/543 1238/543 1237/74 1240/74 
f 1240/74 1237/74 1236/75 1456/75 
f 1456/75 1236/75 1463/7 1457/7 
f 1457/7 1463/7 1464/8 1458/8 
f 1458/8 1464/8 1235/542 1459/542 
f 1459/542 1235/542 1238/543 1239/543 
f 1235/542 1465/542 1466/75 1236/75 
f 1236/75 1466/75 1467/6 1468/7 
f 1236/75 1468/7 1463/7 
f 1463/7 1468/7 1469/8 1464/8 
f 1464/8 1469/8 1470/5 1465/542 
f 1464/8 1465/542 1235/542 
f 1273/568 1281/568 1280/574 1279/574 
f 1279/574 1280/574 1283/575 1295/575 
f 1295/575 1283/575 1449/548 1296/548 
f 1296/548 1449/548 1450/547 1271/547 
f 1271/547 1450/547 1282/567 1272/567 
f 1272/567 1282/567 1281/568 1273/568 
f 1299/585 1307/585 1306/591 1305/591 
f 1305/591 1306/591 1309/592 1321/592 
f 1321/592 1309/592 1451/550 1322/550 
f 1322/550 1451/550 1452/549 1297/549 
f 1297/549 1452/549 1308/584 1298/584 
f 1298/584 1308/584 1307/585 1299/585 
f 1325/602 1333/602 1332/608 1331/608 
f 1331/608 1332/608 1335/609 1350/609 
f 1350/609 1335/609 1453/552 1347/552 
f 1347/552 1453/552 1454/551 1323/551 
f 1323/551 1454/551 1334/601 1324/601 
f 1324/601 1334/601 1333/602 1325/602 
s 1
f 1365/568 1364/628 1471/681 1366/635 
f 1382/585 1381/642 1472/682 1383/649 
f 1399/602 1398/656 1473/683 1400/663 
f 1416/618 1415/670 1474/684 1417/677 
f 1362/630 1361/631 1475/686 1476/685 
f 1379/644 1378/645 1477/688 1478/687 
f 1396/658 1395/659 1479/690 1480/689 
f 1413/672 1412/673 1481/692 1482/691 
f 1363/629 1362/630 1476/685 1483/693 
f 1380/643 1379/644 1478/687 1484/694 
f 1397/657 1396/658 1480/689 1485/695 
f 1414/671 1413/672 1482/691 1486/696 
f 1364/628 1363/629 1483/693 1471/681 
f 1381/642 1380/643 1484/694 1472/682 
f 1398/656 1397/657 1485/695 1473/683 
f 1415/670 1414/671 1486/696 1474/684 
f 1357/627 1267/564 1270/565 1487/697 
f 1370/558 1369/632 1488/698 1371/638 
f 1373/636 1489/699 1270/565 1269/566 
f 1372/637 1490/700 1489/699 1373/636 
f 1371/638 1488/698 1490/700 1372/637 
f 1369/632 1368/633 1491/701 1488/698 
f 1492/699 1493/702 1494/697 1495/565 
f 1490/700 1496/703 1497/702 1489/699 
f 1498/698 1499/701 1500/703 1501/700 
f 1358/626 1357/627 1487/697 1502/704 
f 1368/633 1367/634 1503/705 1491/701 
f 1497/702 1504/706 1502/704 1487/697 
f 1496/703 1505/707 1504/706 1497/702 
f 1491/701 1503/705 1505/707 1496/703 
f 1359/625 1358/626 1502/704 1475/686 
f 1367/634 1366/635 1471/681 1503/705 
f 1506/706 1507/685 1508/686 1509/704 
f 1505/707 1483/693 1476/685 1504/706 
f 1510/705 1511/681 1512/693 1513/707 
f 1360/573 1359/625 1475/686 1361/631 
f 1374/641 1291/581 1294/582 1514/708 
f 1387/574 1386/646 1515/709 1388/652 
f 1390/650 1516/710 1294/582 1293/583 
f 1389/651 1517/711 1516/710 1390/650 
f 1388/652 1515/709 1517/711 1389/651 
f 1386/646 1385/647 1518/712 1515/709 
f 1519/710 1520/713 1521/708 1522/582 
f 1517/711 1523/714 1524/713 1516/710 
f 1525/709 1526/712 1527/714 1528/711 
f 1375/640 1374/641 1514/708 1529/715 
f 1385/647 1384/648 1530/716 1518/712 
f 1524/713 1531/717 1529/715 1514/708 
f 1523/714 1532/718 1531/717 1524/713 
f 1518/712 1530/716 1532/718 1523/714 
f 1376/639 1375/640 1529/715 1477/688 
f 1384/648 1383/649 1472/682 1530/716 
f 1533/717 1534/687 1535/688 1536/715 
f 1532/718 1484/694 1478/687 1531/717 
f 1537/716 1538/682 1539/694 1540/718 
f 1377/590 1376/639 1477/688 1378/645 
f 1391/655 1317/598 1320/599 1541/719 
f 1404/591 1403/660 1542/720 1405/666 
f 1407/664 1543/721 1320/599 1319/600 
f 1406/665 1544/722 1543/721 1407/664 
f 1405/666 1542/720 1544/722 1406/665 
f 1403/660 1402/661 1545/723 1542/720 
f 1546/721 1547/724 1548/719 1549/599 
f 1544/722 1550/725 1551/724 1543/721 
f 1552/720 1553/723 1554/725 1555/722 
f 1392/654 1391/655 1541/719 1556/726 
f 1402/661 1401/662 1557/727 1545/723 
f 1551/724 1558/728 1556/726 1541/719 
f 1550/725 1559/729 1558/728 1551/724 
f 1545/723 1557/727 1559/729 1550/725 
f 1393/653 1392/654 1556/726 1479/690 
f 1401/662 1400/663 1473/683 1557/727 
f 1560/728 1561/689 1562/690 1563/726 
f 1559/729 1485/695 1480/689 1558/728 
f 1564/727 1565/683 1566/695 1567/729 
f 1394/607 1393/653 1479/690 1395/659 
f 1408/669 1343/615 1346/616 1568/730 
f 1421/608 1420/674 1569/731 1422/680 
f 1424/678 1570/732 1346/616 1345/617 
f 1423/679 1571/733 1570/732 1424/678 
f 1422/680 1569/731 1571/733 1423/679 
f 1420/674 1419/675 1572/734 1569/731 
f 1573/732 1574/735 1575/730 1576/616 
f 1571/733 1577/736 1578/735 1570/732 
f 1579/731 1580/734 1581/736 1582/733 
f 1409/668 1408/669 1568/730 1583/737 
f 1419/675 1418/676 1584/738 1572/734 
f 1578/735 1585/739 1583/737 1568/730 
f 1577/736 1586/740 1585/739 1578/735 
f 1572/734 1584/738 1586/740 1577/736 
f 1410/667 1409/668 1583/737 1481/692 
f 1418/676 1417/677 1474/684 1584/738 
f 1587/739 1588/691 1589/692 1590/737 
f 1586/740 1486/696 1482/691 1585/739 
f 1591/738 1592/684 1593/696 1594/740 
f 1411/624 1410/667 1481/692 1412/673 
s off
f 1489/699 1492/699 1495/565 1270/565 
f 1270/565 1495/565 1494/697 1487/697 
f 1487/697 1494/697 1493/702 1497/702 
f 1497/702 1493/702 1492/699 1489/699 
f 1488/698 1498/698 1501/700 1490/700 
f 1490/700 1501/700 1500/703 1496/703 
f 1496/703 1500/703 1499/701 1491/701 
f 1491/701 1499/701 1498/698 1488/698 
f 1504/706 1506/706 1509/704 1502/704 
f 1502/704 1509/704 1508/686 1475/686 
f 1475/686 1508/686 1507/685 1476/685 
f 1476/685 1507/685 1506/706 1504/706 
f 1503/705 1510/705 1513/707 1505/707 
f 1505/707 1513/707 1512/693 1483/693 
f 1483/693 1512/693 1511/681 1471/681 
f 1471/681 1511/681 1510/705 1503/705 
f 1516/710 1519/710 1522/582 1294/582 
f 1294/582 1522/582 1521/708 1514/708 
f 1514/708 1521/708 1520/713 1524/713 
f 1524/713 1520/713 1519/710 1516/710 
f 1515/709 1525/709 1528/711 1517/711 
f 1517/711 1528/711 1527/714 1523/714 
f 1523/714 1527/714 1526/712 1518/712 
f 1518/712 1526/712 1525/709 1515/709 
f 1531/717 1533/717 1536/715 1529/715 
f 1529/715 1536/715 1535/688 1477/688 
f 1477/688 1535/688 1534/687 1478/687 
f 1478/687 1534/687 1533/717 1531/717 
f 1530/716 1537/716 1540/718 1532/718 
f 1532/718 1540/718 1539/694 1484/694 
f 1484/694 1539/694 1538/682 1472/682 
f 1472/682 1538/682 1537/716 1530/716 
f 1543/721 1546/721 1549/599 1320/599 
f 1320/599 1549/599 1548/719 1541/719 
f 1541/719 1548/719 1547/724 1551/724 
f 1551/724 1547/724 1546/721 1543/721 
f 1542/720 1552/720 1555/722 1544/722 
f 1544/722 1555/722 1554/725 1550/725 
f 1550/725 1554/725 1553/723 1545/723 
f 1545/723 1553/723 1552/720 1542/720 
f 1558/728 1560/728 1563/726 1556/726 
f 1556/726 1563/726 1562/690 1479/690 
f 1479/690 1562/690 1561/689 1480/689 
f 1480/689 1561/689 1560/728 1558/728 
f 1557/727 1564/727 1567/729 1559/729 
f 1559/729 1567/729 1566/695 1485/695 
f 1485/695 1566/695 1565/683 1473/683 
f 1473/683 1565/683 1564/727 1557/727 
f 1570/732 1573/732 1576/616 1346/616 
f 1346/616 1576/616 1575/730 1568/730 
f 1568/730 1575/730 1574/735 1578/735 
f 1578/735 1574/735 1573/732 1570/732 
f 1569/731 1579/731 1582/733 1571/733 
f 1571/733 1582/733 1581/736 1577/736 
f 1577/736 1581/736 1580/734 1572/734 
f 1572/734 1580/734 1579/731 1569/731 
f 1585/739 1587/739 1590/737 1583/737 
f 1583/737 1590/737 1589/692 1481/692 
f 1481/692 1589/692 1588/691 1482/691 
f 1482/691 1588/691 1587/739 1585/739 
f 1584/738 1591/738 1594/740 1586/740 
f 1586/740 1594/740 1593/696 1486/696 
f 1486/696 1593/696 1592/684 1474/684 
f 1474/684 1592/684 1591/738 1584/738 
s 1
f 1465/542 1470/5 1467/6 1466/75 
s off
f 1468/7 1223/7 1222/8 1469/8 
f 1469/8 1222/8 1221/5 1470/5 
f 1470/5 1221/5 1224/6 1467/6 
f 1467/6 1224/6 1223/7 1468/7 
s 1
f 1595/148 1596/68 1597/144 1598/149 
f 1595/148 1598/149 1599/150 1600/151 
f 1601/69 1602/70 1603/152 1604/153 
f 1601/69 1604/153 1605/154 1606/155 
f 1607/156 1608/157 1609/158 1610/159 
f 1611/160 1612/161 1613/162 1614/163 
f 1615/164 1616/165 1617/166 1618/158 
f 1619/159 1618/158 1617/166 1620/167 
f 1619/159 1620/167 1621/168 1622/169 
f 1623/170 1624/171 1625/172 1626/162 
f 1627/163 1626/162 1625/172 1628/173 
f 1627/163 1628/173 1629/174 1630/175 
f 1631/176 1632/177 1633/178 1634/179 
f 1635/180 1636/181 1637/182 1638/183 
f 1639/184 1640/185 1641/186 1642/178 
f 1643/179 1642/178 1641/186 1644/187 
f 1643/179 1644/187 1645/188 1646/189 
f 1647/190 1648/191 1649/192 1650/182 
f 1651/183 1650/182 1649/192 1652/193 
f 1651/183 1652/193 1653/194 1654/195 
f 1655/196 1656/197 1657/198 1658/199 
f 1659/200 1660/201 1661/202 1662/203 
f 1663/204 1664/205 1665/206 1666/198 
f 1667/199 1666/198 1665/206 1668/207 
f 1667/199 1668/207 1669/208 1670/209 
f 1671/210 1672/211 1673/212 1674/202 
f 1675/203 1674/202 1673/212 1676/213 
f 1675/203 1676/213 1677/214 1678/215 
f 1679/216 1680/217 1681/218 1682/219 
f 1683/220 1684/221 1685/222 1686/223 
f 1687/149 1688/224 1689/225 1690/150 
f 1691/167 1692/226 1693/227 1694/168 
f 1695/187 1696/228 1697/229 1698/188 
f 1699/207 1700/230 1701/231 1702/208 
f 1703/144 1704/232 1688/224 1687/149 
f 1705/166 1706/233 1692/226 1691/167 
f 1707/186 1708/234 1696/228 1695/187 
f 1709/206 1710/235 1700/230 1699/207 
f 1711/151 1690/150 1689/225 1712/236 
f 1713/237 1714/238 1715/239 1716/224 
f 1717/240 1718/241 1688/224 1704/232 
f 1712/236 1689/225 1608/157 1607/156 
f 1719/164 1609/158 1608/157 1718/241 
f 1720/165 1719/164 1718/241 1717/240 
f 1721/169 1694/168 1693/227 1722/242 
f 1723/243 1724/244 1725/245 1726/226 
f 1727/246 1728/247 1692/226 1706/233 
f 1722/242 1693/227 1632/177 1631/176 
f 1729/184 1633/178 1632/177 1728/247 
f 1730/185 1729/184 1728/247 1727/246 
f 1731/189 1698/188 1697/229 1732/248 
f 1733/249 1734/250 1735/251 1736/228 
f 1737/252 1738/253 1696/228 1708/234 
f 1732/248 1697/229 1656/197 1655/196 
f 1739/204 1657/198 1656/197 1738/253 
f 1740/205 1739/204 1738/253 1737/252 
f 1741/209 1702/208 1701/231 1742/254 
f 1743/255 1744/256 1745/257 1746/230 
f 1747/258 1748/259 1700/230 1710/235 
f 1742/254 1701/231 1680/217 1679/216 
f 1749/260 1681/218 1680/217 1748/259 
f 1750/261 1749/260 1748/259 1747/258 
s off
f 1600/151 1599/150 1690/150 1711/151 
f 1599/150 1598/149 1687/149 1690/150 
f 1598/149 1597/144 1703/144 1687/149 
f 1597/144 1751/232 1704/232 1703/144 
f 1751/232 1752/240 1717/240 1704/232 
f 1752/240 1616/165 1720/165 1717/240 
f 1616/165 1615/164 1719/164 1720/165 
f 1615/164 1618/158 1609/158 1719/164 
f 1618/158 1619/159 1610/159 1609/158 
f 1619/159 1753/156 1607/156 1610/159 
f 1753/156 1754/236 1712/236 1607/156 
f 1754/236 1600/151 1711/151 1712/236 
f 1755/225 1756/157 1608/157 1689/225 
f 1756/157 1757/241 1718/241 1608/157 
f 1757/241 1758/224 1688/224 1718/241 
f 1758/224 1755/225 1689/225 1688/224 
f 1622/169 1621/168 1694/168 1721/169 
f 1621/168 1620/167 1691/167 1694/168 
f 1620/167 1617/166 1705/166 1691/167 
f 1617/166 1759/233 1706/233 1705/166 
f 1759/233 1760/246 1727/246 1706/233 
f 1760/246 1640/185 1730/185 1727/246 
f 1640/185 1639/184 1729/184 1730/185 
f 1639/184 1642/178 1633/178 1729/184 
f 1642/178 1643/179 1634/179 1633/178 
f 1643/179 1761/176 1631/176 1634/179 
f 1761/176 1762/242 1722/242 1631/176 
f 1762/242 1622/169 1721/169 1722/242 
f 1763/227 1764/177 1632/177 1693/227 
f 1764/177 1765/247 1728/247 1632/177 
f 1765/247 1766/226 1692/226 1728/247 
f 1766/226 1763/227 1693/227 1692/226 
f 1646/189 1645/188 1698/188 1731/189 
f 1645/188 1644/187 1695/187 1698/188 
f 1644/187 1641/186 1707/186 1695/187 
f 1641/186 1767/234 1708/234 1707/186 
f 1767/234 1768/252 1737/252 1708/234 
f 1768/252 1664/205 1740/205 1737/252 
f 1664/205 1663/204 1739/204 1740/205 
f 1663/204 1666/198 1657/198 1739/204 
f 1666/198 1667/199 1658/199 1657/198 
f 1667/199 1769/196 1655/196 1658/199 
f 1769/196 1770/248 1732/248 1655/196 
f 1770/248 1646/189 1731/189 1732/248 
f 1771/229 1772/197 1656/197 1697/229 
f 1772/197 1773/253 1738/253 1656/197 
f 1773/253 1774/228 1696/228 1738/253 
f 1774/228 1771/229 1697/229 1696/228 
f 1670/209 1669/208 1702/208 1741/209 
f 1669/208 1668/207 1699/207 1702/208 
f 1668/207 1665/206 1709/206 1699/207 
f 1665/206 1775/235 1710/235 1709/206 
f 1775/235 1776/258 1747/258 1710/235 
f 1776/258 1777/261 1750/261 1747/258 
f 1777/261 1778/260 1749/260 1750/261 
f 1778/260 1779/218 1681/218 1749/260 
f 1779/218 1780/219 1682/219 1681/218 
f 1780/219 1781/216 1679/216 1682/219 
f 1781/216 1782/254 1742/254 1679/216 
f 1782/254 1670/209 1741/209 1742/254 
f 1783/231 1784/217 1680/217 1701/231 
f 1784/217 1785/259 1748/259 1680/217 
f 1785/259 1786/230 1700/230 1748/259 
f 1786/230 1783/231 1701/231 1700/230 
f 1756/157 1755/225 1787/225 1788/262 
f 1756/157 1788/262 1789/263 1790/264 
f 1756/157 1790/264 1791/265 1792/157 
f 1755/225 1758/224 1716/224 1715/239 
f 1755/225 1715/239 1793/266 1794/267 
f 1755/225 1794/267 1795/268 1787/225 
f 1758/224 1757/241 1796/241 1797/269 
f 1758/224 1797/269 1798/270 1799/271 
f 1758/224 1799/271 1713/237 1716/224 
f 1757/241 1756/157 1792/157 1800/272 
f 1757/241 1800/272 1801/273 1802/274 
f 1757/241 1802/274 1803/275 1796/241 
f 1764/177 1763/227 1804/227 1805/276 
f 1764/177 1805/276 1806/277 1807/278 
f 1764/177 1807/278 1808/279 1809/177 
f 1763/227 1766/226 1726/226 1725/245 
f 1763/227 1725/245 1810/280 1811/281 
f 1763/227 1811/281 1812/282 1804/227 
f 1766/226 1765/247 1813/247 1814/283 
f 1766/226 1814/283 1815/284 1816/285 
f 1766/226 1816/285 1723/243 1726/226 
f 1765/247 1764/177 1809/177 1817/286 
f 1765/247 1817/286 1818/287 1819/288 
f 1765/247 1819/288 1820/289 1813/247 
f 1772/197 1771/229 1821/229 1822/290 
f 1772/197 1822/290 1823/291 1824/292 
f 1772/197 1824/292 1825/293 1826/197 
f 1771/229 1774/228 1736/228 1735/251 
f 1771/229 1735/251 1827/294 1828/295 
f 1771/229 1828/295 1829/296 1821/229 
f 1774/228 1773/253 1830/253 1831/297 
f 1774/228 1831/297 1832/298 1833/299 
f 1774/228 1833/299 1733/249 1736/228 
f 1773/253 1772/197 1826/197 1834/300 
f 1773/253 1834/300 1835/301 1836/302 
f 1773/253 1836/302 1837/303 1830/253 
f 1784/217 1783/231 1838/231 1839/304 
f 1784/217 1839/304 1840/305 1841/306 
f 1784/217 1841/306 1842/307 1843/217 
f 1783/231 1786/230 1746/230 1745/257 
f 1783/231 1745/257 1844/308 1845/309 
f 1783/231 1845/309 1846/310 1838/231 
f 1786/230 1785/259 1847/259 1848/311 
f 1786/230 1848/311 1849/312 1850/313 
f 1786/230 1850/313 1743/255 1746/230 
f 1785/259 1784/217 1843/217 1851/314 
f 1785/259 1851/314 1852/315 1853/316 
f 1785/259 1853/316 1854/317 1847/259 
s 1
f 1847/259 1854/317 1855/318 1848/311 
f 1848/311 1855/318 1856/319 1849/312 
f 1849/312 1856/319 1857/320 1850/313 
f 1850/313 1857/320 1744/256 1743/255 
f 1830/253 1837/303 1858/321 1831/297 
f 1833/299 1859/322 1734/250 1733/249 
f 1832/298 1860/323 1859/322 1833/299 
f 1831/297 1858/321 1860/323 1832/298 
f 1813/247 1820/289 1861/324 1814/283 
f 1814/283 1861/324 1862/325 1815/284 
f 1815/284 1862/325 1863/326 1816/285 
f 1816/285 1863/326 1724/244 1723/243 
f 1796/241 1803/275 1864/327 1797/269 
f 1797/269 1864/327 1865/328 1798/270 
f 1798/270 1865/328 1866/329 1799/271 
f 1799/271 1866/329 1714/238 1713/237 
f 1788/262 1787/225 1795/268 1867/330 
f 1805/276 1804/227 1812/282 1868/331 
f 1822/290 1821/229 1829/296 1869/332 
f 1839/304 1838/231 1846/310 1870/333 
f 1843/217 1842/307 1871/334 1851/314 
f 1842/307 1841/306 1872/335 1871/334 
f 1841/306 1840/305 1873/336 1872/335 
f 1840/305 1839/304 1870/333 1873/336 
f 1826/197 1825/293 1874/337 1834/300 
f 1823/291 1822/290 1869/332 1875/338 
f 1824/292 1823/291 1875/338 1876/339 
f 1825/293 1824/292 1876/339 1874/337 
f 1809/177 1808/279 1877/340 1817/286 
f 1808/279 1807/278 1878/341 1877/340 
f 1807/278 1806/277 1879/342 1878/341 
f 1806/277 1805/276 1868/331 1879/342 
f 1792/157 1791/265 1880/343 1800/272 
f 1791/265 1790/264 1881/344 1880/343 
f 1790/264 1789/263 1882/345 1881/344 
f 1789/263 1788/262 1867/330 1882/345 
f 1883/346 1793/266 1715/239 1714/238 
f 1884/347 1810/280 1725/245 1724/244 
f 1885/348 1827/294 1735/251 1734/250 
f 1886/349 1844/308 1745/257 1744/256 
f 1853/316 1887/350 1855/318 1854/317 
f 1888/350 1889/351 1890/319 1891/318 
f 1892/351 1893/352 1857/320 1856/319 
f 1894/352 1895/349 1896/256 1897/320 
f 1836/302 1898/353 1858/321 1837/303 
f 1899/354 1900/348 1901/250 1902/322 
f 1903/355 1904/354 1859/322 1860/323 
f 1905/353 1906/355 1907/323 1908/321 
f 1819/288 1909/356 1861/324 1820/289 
f 1910/356 1911/357 1912/325 1913/324 
f 1914/357 1915/358 1863/326 1862/325 
f 1916/358 1917/347 1918/244 1919/326 
f 1802/274 1920/359 1864/327 1803/275 
f 1921/359 1922/360 1923/328 1924/327 
f 1925/360 1926/361 1866/329 1865/328 
f 1927/361 1928/346 1929/238 1930/329 
f 1931/362 1794/267 1793/266 1883/346 
f 1932/363 1811/281 1810/280 1884/347 
f 1933/364 1828/295 1827/294 1885/348 
f 1934/365 1845/309 1844/308 1886/349 
f 1852/315 1935/366 1887/350 1853/316 
f 1935/366 1936/367 1892/351 1887/350 
f 1936/367 1937/368 1893/352 1892/351 
f 1937/368 1934/365 1886/349 1893/352 
f 1835/301 1938/369 1898/353 1836/302 
f 1939/370 1933/364 1885/348 1904/354 
f 1940/371 1939/370 1904/354 1903/355 
f 1938/369 1940/371 1903/355 1898/353 
f 1818/287 1941/372 1909/356 1819/288 
f 1941/372 1942/373 1914/357 1909/356 
f 1942/373 1943/374 1915/358 1914/357 
f 1943/374 1932/363 1884/347 1915/358 
f 1801/273 1944/375 1920/359 1802/274 
f 1944/375 1945/376 1925/360 1920/359 
f 1945/376 1946/377 1926/361 1925/360 
f 1946/377 1931/362 1883/346 1926/361 
f 1867/330 1795/268 1794/267 1931/362 
f 1868/331 1812/282 1811/281 1932/363 
f 1869/332 1829/296 1828/295 1933/364 
f 1870/333 1846/310 1845/309 1934/365 
f 1851/314 1871/334 1935/366 1852/315 
f 1947/334 1948/335 1949/367 1950/366 
f 1872/335 1873/336 1937/368 1936/367 
f 1951/336 1952/333 1953/365 1954/368 
f 1834/300 1874/337 1938/369 1835/301 
f 1955/338 1956/332 1957/364 1958/370 
f 1876/339 1875/338 1939/370 1940/371 
f 1959/337 1960/339 1961/371 1962/369 
f 1817/286 1877/340 1941/372 1818/287 
f 1963/340 1964/341 1965/373 1966/372 
f 1878/341 1879/342 1943/374 1942/373 
f 1967/342 1968/331 1969/363 1970/374 
f 1800/272 1880/343 1944/375 1801/273 
f 1971/343 1972/344 1973/376 1974/375 
f 1881/344 1882/345 1946/377 1945/376 
f 1975/345 1976/330 1977/362 1978/377 
s off
f 1855/318 1887/350 1888/350 1891/318 
f 1887/350 1892/351 1889/351 1888/350 
f 1892/351 1856/319 1890/319 1889/351 
f 1856/319 1855/318 1891/318 1890/319 
f 1857/320 1893/352 1894/352 1897/320 
f 1893/352 1886/349 1895/349 1894/352 
f 1886/349 1744/256 1896/256 1895/349 
f 1744/256 1857/320 1897/320 1896/256 
f 1885/348 1734/250 1901/250 1900/348 
f 1734/250 1859/322 1902/322 1901/250 
f 1859/322 1904/354 1899/354 1902/322 
f 1904/354 1885/348 1900/348 1899/354 
f 1858/321 1898/353 1905/353 1908/321 
f 1898/353 1903/355 1906/355 1905/353 
f 1903/355 1860/323 1907/323 1906/355 
f 1860/323 1858/321 1908/321 1907/323 
f 1861/324 1909/356 1910/356 1913/324 
f 1909/356 1914/357 1911/357 1910/356 
f 1914/357 1862/325 1912/325 1911/357 
f 1862/325 1861/324 1913/324 1912/325 
f 1863/326 1915/358 1916/358 1919/326 
f 1915/358 1884/347 1917/347 1916/358 
f 1884/347 1724/244 1918/244 1917/347 
f 1724/244 1863/326 1919/326 1918/244 
f 1864/327 1920/359 1921/359 1924/327 
f 1920/359 1925/360 1922/360 1921/359 
f 1925/360 1865/328 1923/328 1922/360 
f 1865/328 1864/327 1924/327 1923/328 
f 1866/329 1926/361 1927/361 1930/329 
f 1926/361 1883/346 1928/346 1927/361 
f 1883/346 1714/238 1929/238 1928/346 
f 1714/238 1866/329 1930/329 1929/238 
f 1871/334 1872/335 1948/335 1947/334 
f 1872/335 1936/367 1949/367 1948/335 
f 1936/367 1935/366 1950/366 1949/367 
f 1935/366 1871/334 1947/334 1950/366 
f 1873/336 1870/333 1952/333 1951/336 
f 1870/333 1934/365 1953/365 1952/333 
f 1934/365 1937/368 1954/368 1953/365 
f 1937/368 1873/336 1951/336 1954/368 
f 1875/338 1869/332 1956/332 1955/338 
f 1869/332 1933/364 1957/364 1956/332 
f 1933/364 1939/370 1958/370 1957/364 
f 1939/370 1875/338 1955/338 1958/370 
f 1874/337 1876/339 1960/339 1959/337 
f 1876/339 1940/371 1961/371 1960/339 
f 1940/371 1938/369 1962/369 1961/371 
f 1938/369 1874/337 1959/337 1962/369 
f 1877/340 1878/341 1964/341 1963/340 
f 1878/341 1942/373 1965/373 1964/341 
f 1942/373 1941/372 1966/372 1965/373 
f 1941/372 1877/340 1963/340 1966/372 
f 1879/342 1868/331 1968/331 1967/342 
f 1868/331 1932/363 1969/363 1968/331 
f 1932/363 1943/374 1970/374 1969/363 
f 1943/374 1879/342 1967/342 1970/374 
f 1880/343 1881/344 1972/344 1971/343 
f 1881/344 1945/376 1973/376 1972/344 
f 1945/376 1944/375 1974/375 1973/376 
f 1944/375 1880/343 1971/343 1974/375 
f 1882/345 1867/330 1976/330 1975/345 
f 1867/330 1931/362 1977/362 1976/330 
f 1931/362 1946/377 1978/377 1977/362 
f 1946/377 1882/345 1975/345 1978/377 
s 1
f 1979/153 1980/378 1981/379 1982/154 
f 1983/173 1984/380 1985/381 1986/174 
f 1987/193 1988/382 1989/383 1990/194 
f 1991/213 1992/384 1993/385 1994/214 
f 1995/152 1996/386 1980/378 1979/153 
f 1997/172 1998/387 1984/380 1983/173 
f 1999/192 2000/388 1988/382 1987/193 
f 2001/212 2002/389 1992/384 1991/213 
f 2003/155 1982/154 1981/379 2004/390 
f 2005/391 2006/392 2007/393 2008/378 
f 2009/394 2010/395 1980/378 1996/386 
f 2004/390 1981/379 1612/161 1611/160 
f 2011/170 1613/162 1612/161 2010/395 
f 2012/171 2011/170 2010/395 2009/394 
f 2013/175 1986/174 1985/381 2014/396 
f 2015/397 2016/398 2017/399 2018/380 
f 2019/400 2020/401 1984/380 1998/387 
f 2014/396 1985/381 1636/181 1635/180 
f 2021/190 1637/182 1636/181 2020/401 
f 2022/191 2021/190 2020/401 2019/400 
f 2023/195 1990/194 1989/383 2024/402 
f 2025/403 2026/404 2027/405 2028/382 
f 2029/406 2030/407 1988/382 2000/388 
f 2024/402 1989/383 1660/201 1659/200 
f 2031/210 1661/202 1660/201 2030/407 
f 2032/211 2031/210 2030/407 2029/406 
f 2033/215 1994/214 1993/385 2034/408 
f 2035/409 2036/410 2037/411 2038/384 
f 2039/412 2040/413 1992/384 2002/389 
f 2034/408 1993/385 1684/221 1683/220 
f 2041/414 1685/222 1684/221 2040/413 
f 2042/415 2041/414 2040/413 2039/412 
s off
f 1606/155 1605/154 1982/154 2003/155 
f 1605/154 1604/153 1979/153 1982/154 
f 1604/153 1603/152 1995/152 1979/153 
f 1603/152 2043/386 1996/386 1995/152 
f 2043/386 2044/394 2009/394 1996/386 
f 2044/394 1624/171 2012/171 2009/394 
f 1624/171 1623/170 2011/170 2012/171 
f 1623/170 1626/162 1613/162 2011/170 
f 1626/162 1627/163 1614/163 1613/162 
f 1627/163 2045/160 1611/160 1614/163 
f 2045/160 2046/390 2004/390 1611/160 
f 2046/390 1606/155 2003/155 2004/390 
f 2047/416 2048/161 1612/161 2049/417 
f 2050/418 2049/417 1612/161 2051/419 
f 2052/379 2051/419 1612/161 1981/379 
f 2053/420 2054/395 2010/395 2055/421 
f 2056/422 2055/421 2010/395 2057/423 
f 2048/161 2057/423 2010/395 1612/161 
f 2005/391 2008/378 1980/378 2058/424 
f 2059/425 2058/424 1980/378 2060/426 
f 2054/395 2060/426 1980/378 2010/395 
f 2061/427 2052/379 1981/379 2062/428 
f 2063/429 2062/428 1981/379 2007/393 
f 2008/378 2007/393 1981/379 1980/378 
f 1630/175 1629/174 1986/174 2013/175 
f 1629/174 1628/173 1983/173 1986/174 
f 1628/173 1625/172 1997/172 1983/173 
f 1625/172 2064/387 1998/387 1997/172 
f 2064/387 2065/400 2019/400 1998/387 
f 2065/400 1648/191 2022/191 2019/400 
f 1648/191 1647/190 2021/190 2022/191 
f 1647/190 1650/182 1637/182 2021/190 
f 1650/182 1651/183 1638/183 1637/182 
f 1651/183 2066/180 1635/180 1638/183 
f 2066/180 2067/396 2014/396 1635/180 
f 2067/396 1630/175 2013/175 2014/396 
f 2068/430 2069/181 1636/181 2070/431 
f 2071/432 2070/431 1636/181 2072/433 
f 2073/381 2072/433 1636/181 1985/381 
f 2074/434 2075/401 2020/401 2076/435 
f 2077/436 2076/435 2020/401 2078/437 
f 2069/181 2078/437 2020/401 1636/181 
f 2015/397 2018/380 1984/380 2079/438 
f 2080/439 2079/438 1984/380 2081/440 
f 2075/401 2081/440 1984/380 2020/401 
f 2082/441 2073/381 1985/381 2083/442 
f 2084/443 2083/442 1985/381 2017/399 
f 2018/380 2017/399 1985/381 1984/380 
f 1654/195 1653/194 1990/194 2023/195 
f 1653/194 1652/193 1987/193 1990/194 
f 1652/193 1649/192 1999/192 1987/193 
f 1649/192 2085/388 2000/388 1999/192 
f 2085/388 2086/406 2029/406 2000/388 
f 2086/406 1672/211 2032/211 2029/406 
f 1672/211 1671/210 2031/210 2032/211 
f 1671/210 1674/202 1661/202 2031/210 
f 1674/202 1675/203 1662/203 1661/202 
f 1675/203 2087/200 1659/200 1662/203 
f 2087/200 2088/402 2024/402 1659/200 
f 2088/402 1654/195 2023/195 2024/402 
f 2089/444 2090/201 1660/201 2091/445 
f 2092/446 2091/445 1660/201 2093/447 
f 2094/383 2093/447 1660/201 1989/383 
f 2095/448 2096/407 2030/407 2097/449 
f 2098/450 2097/449 2030/407 2099/451 
f 2090/201 2099/451 2030/407 1660/201 
f 2025/403 2028/382 1988/382 2100/452 
f 2101/453 2100/452 1988/382 2102/454 
f 2096/407 2102/454 1988/382 2030/407 
f 2103/455 2094/383 1989/383 2104/456 
f 2105/457 2104/456 1989/383 2027/405 
f 2028/382 2027/405 1989/383 1988/382 
f 1678/215 1677/214 1994/214 2033/215 
f 1677/214 1676/213 1991/213 1994/214 
f 1676/213 1673/212 2001/212 1991/213 
f 1673/212 2106/389 2002/389 2001/212 
f 2106/389 2107/412 2039/412 2002/389 
f 2107/412 2108/415 2042/415 2039/412 
f 2108/415 2109/414 2041/414 2042/415 
f 2109/414 2110/222 1685/222 2041/414 
f 2110/222 2111/223 1686/223 1685/222 
f 2111/223 2112/220 1683/220 1686/223 
f 2112/220 2113/408 2034/408 1683/220 
f 2113/408 1678/215 2033/215 2034/408 
f 2114/458 2115/221 1684/221 2116/459 
f 2117/460 2116/459 1684/221 2118/461 
f 2119/385 2118/461 1684/221 1993/385 
f 2120/462 2121/413 2040/413 2122/463 
f 2123/464 2122/463 2040/413 2124/465 
f 2115/221 2124/465 2040/413 1684/221 
f 2035/409 2038/384 1992/384 2125/466 
f 2126/467 2125/466 1992/384 2127/468 
f 2121/413 2127/468 1992/384 2040/413 
f 2128/469 2119/385 1993/385 2129/470 
f 2130/471 2129/470 1993/385 2037/411 
f 2038/384 2037/411 1993/385 1992/384 
s 1
f 2121/413 2120/462 2131/472 2127/468 
f 2127/468 2131/472 2132/473 2126/467 
f 2126/467 2132/473 2133/474 2125/466 
f 2125/466 2133/474 2036/410 2035/409 
f 2096/407 2095/448 2134/475 2102/454 
f 2102/454 2134/475 2135/476 2101/453 
f 2101/453 2135/476 2136/477 2100/452 
f 2100/452 2136/477 2026/404 2025/403 
f 2075/401 2074/434 2137/478 2081/440 
f 2081/440 2137/478 2138/479 2080/439 
f 2080/439 2138/479 2139/480 2079/438 
f 2079/438 2139/480 2016/398 2015/397 
f 2054/395 2053/420 2140/481 2060/426 
f 2060/426 2140/481 2141/482 2059/425 
f 2059/425 2141/482 2142/483 2058/424 
f 2058/424 2142/483 2006/392 2005/391 
f 2143/484 2062/428 2063/429 2144/485 
f 2145/486 2083/442 2084/443 2146/487 
f 2147/488 2104/456 2105/457 2148/489 
f 2149/490 2129/470 2130/471 2150/491 
f 2123/464 2151/492 2152/493 2122/463 
f 2151/492 2153/494 2154/495 2152/493 
f 2153/494 2155/496 2156/497 2154/495 
f 2155/496 2149/490 2150/491 2156/497 
f 2098/450 2157/498 2158/499 2097/449 
f 2157/498 2159/500 2160/501 2158/499 
f 2159/500 2161/502 2162/503 2160/501 
f 2161/502 2147/488 2148/489 2162/503 
f 2077/436 2163/504 2164/505 2076/435 
f 2163/504 2165/506 2166/507 2164/505 
f 2165/506 2167/508 2168/509 2166/507 
f 2167/508 2145/486 2146/487 2168/509 
f 2056/422 2169/510 2170/511 2055/421 
f 2169/510 2171/512 2172/513 2170/511 
f 2171/512 2173/514 2174/515 2172/513 
f 2173/514 2143/484 2144/485 2174/515 
f 2175/516 2061/427 2062/428 2143/484 
f 2176/517 2082/441 2083/442 2145/486 
f 2177/518 2103/455 2104/456 2147/488 
f 2178/519 2128/469 2129/470 2149/490 
f 2124/465 2179/520 2151/492 2123/464 
f 2180/520 2181/521 2182/494 2183/492 
f 2184/521 2185/522 2155/496 2153/494 
f 2186/522 2187/519 2188/490 2189/496 
f 2099/451 2190/523 2157/498 2098/450 
f 2191/523 2192/524 2193/500 2194/498 
f 2195/524 2196/525 2161/502 2159/500 
f 2197/525 2198/518 2199/488 2200/502 
f 2078/437 2201/526 2163/504 2077/436 
f 2202/526 2203/527 2204/506 2205/504 
f 2206/527 2207/528 2167/508 2165/506 
f 2208/528 2209/517 2210/486 2211/508 
f 2057/423 2212/529 2169/510 2056/422 
f 2213/529 2214/530 2215/512 2216/510 
f 2217/530 2218/531 2173/514 2171/512 
f 2219/531 2220/516 2221/484 2222/514 
f 2051/419 2052/379 2061/427 2175/516 
f 2072/433 2073/381 2082/441 2176/517 
f 2093/447 2094/383 2103/455 2177/518 
f 2118/461 2119/385 2128/469 2178/519 
f 2115/221 2114/458 2179/520 2124/465 
f 2114/458 2116/459 2184/521 2179/520 
f 2116/459 2117/460 2185/522 2184/521 
f 2117/460 2118/461 2178/519 2185/522 
f 2090/201 2089/444 2190/523 2099/451 
f 2089/444 2091/445 2195/524 2190/523 
f 2091/445 2092/446 2196/525 2195/524 
f 2092/446 2093/447 2177/518 2196/525 
f 2069/181 2068/430 2201/526 2078/437 
f 2068/430 2070/431 2206/527 2201/526 
f 2070/431 2071/432 2207/528 2206/527 
f 2071/432 2072/433 2176/517 2207/528 
f 2048/161 2047/416 2212/529 2057/423 
f 2047/416 2049/417 2217/530 2212/529 
f 2049/417 2050/418 2218/531 2217/530 
f 2050/418 2051/419 2175/516 2218/531 
f 2144/485 2063/429 2007/393 2006/392 
f 2146/487 2084/443 2017/399 2016/398 
f 2148/489 2105/457 2027/405 2026/404 
f 2150/491 2130/471 2037/411 2036/410 
f 2122/463 2152/493 2131/472 2120/462 
f 2223/493 2224/495 2225/473 2226/472 
f 2154/495 2156/497 2133/474 2132/473 
f 2227/497 2228/491 2229/410 2230/474 
f 2097/449 2158/499 2134/475 2095/448 
f 2231/499 2232/501 2233/476 2234/475 
f 2160/501 2162/503 2136/477 2135/476 
f 2235/503 2236/489 2237/404 2238/477 
f 2076/435 2164/505 2137/478 2074/434 
f 2239/505 2240/507 2241/479 2242/478 
f 2166/507 2168/509 2139/480 2138/479 
f 2243/509 2244/487 2245/398 2246/480 
f 2055/421 2170/511 2140/481 2053/420 
f 2247/511 2248/513 2249/482 2250/481 
f 2172/513 2174/515 2142/483 2141/482 
f 2251/515 2252/485 2253/392 2254/483 
s off
f 2151/492 2179/520 2180/520 2183/492 
f 2179/520 2184/521 2181/521 2180/520 
f 2184/521 2153/494 2182/494 2181/521 
f 2153/494 2151/492 2183/492 2182/494 
f 2155/496 2185/522 2186/522 2189/496 
f 2185/522 2178/519 2187/519 2186/522 
f 2178/519 2149/490 2188/490 2187/519 
f 2149/490 2155/496 2189/496 2188/490 
f 2157/498 2190/523 2191/523 2194/498 
f 2190/523 2195/524 2192/524 2191/523 
f 2195/524 2159/500 2193/500 2192/524 
f 2159/500 2157/498 2194/498 2193/500 
f 2161/502 2196/525 2197/525 2200/502 
f 2196/525 2177/518 2198/518 2197/525 
f 2177/518 2147/488 2199/488 2198/518 
f 2147/488 2161/502 2200/502 2199/488 
f 2163/504 2201/526 2202/526 2205/504 
f 2201/526 2206/527 2203/527 2202/526 
f 2206/527 2165/506 2204/506 2203/527 
f 2165/506 2163/504 2205/504 2204/506 
f 2167/508 2207/528 2208/528 2211/508 
f 2207/528 2176/517 2209/517 2208/528 
f 2176/517 2145/486 2210/486 2209/517 
f 2145/486 2167/508 2211/508 2210/486 
f 2169/510 2212/529 2213/529 2216/510 
f 2212/529 2217/530 2214/530 2213/529 
f 2217/530 2171/512 2215/512 2214/530 
f 2171/512 2169/510 2216/510 2215/512 
f 2173/514 2218/531 2219/531 2222/514 
f 2218/531 2175/516 2220/516 2219/531 
f 2175/516 2143/484 2221/484 2220/516 
f 2143/484 2173/514 2222/514 2221/484 
f 2152/493 2154/495 2224/495 2223/493 
f 2154/495 2132/473 2225/473 2224/495 
f 2132/473 2131/472 2226/472 2225/473 
f 2131/472 2152/493 2223/493 2226/472 
f 2156/497 2150/491 2228/491 2227/497 
f 2150/491 2036/410 2229/410 2228/491 
f 2036/410 2133/474 2230/474 2229/410 
f 2133/474 2156/497 2227/497 2230/474 
f 2158/499 2160/501 2232/501 2231/499 
f 2160/501 2135/476 2233/476 2232/501 
f 2135/476 2134/475 2234/475 2233/476 
f 2134/475 2158/499 2231/499 2234/475 
f 2162/503 2148/489 2236/489 2235/503 
f 2148/489 2026/404 2237/404 2236/489 
f 2026/404 2136/477 2238/477 2237/404 
f 2136/477 2162/503 2235/503 2238/477 
f 2164/505 2166/507 2240/507 2239/505 
f 2166/507 2138/479 2241/479 2240/507 
f 2138/479 2137/478 2242/478 2241/479 
f 2137/478 2164/505 2239/505 2242/478 
f 2168/509 2146/487 2244/487 2243/509 
f 2146/487 2016/398 2245/398 2244/487 
f 2016/398 2139/480 2246/480 2245/398 
f 2139/480 2168/509 2243/509 2246/480 
f 2170/511 2172/513 2248/513 2247/511 
f 2172/513 2141/482 2249/482 2248/513 
f 2141/482 2140/481 2250/481 2249/482 
f 2140/481 2170/511 2247/511 2250/481 
f 2174/515 2144/485 2252/485 2251/515 
f 2144/485 2006/392 2253/392 2252/485 
f 2006/392 2142/483 2254/483 2253/392 
f 2142/483 2174/515 2251/515 2254/483 
s 1
f 1603/152 1602/70 1077/12 2043/386 
f 2044/394 2043/386 1077/12 1624/171 
f 1625/172 1624/171 1077/12 2064/387 
f 2065/400 2064/387 1077/12 1648/191 
f 1649/192 1648/191 1077/12 2085/388 
f 2086/406 2085/388 1077/12 1672/211 
f 1673/212 1672/211 1077/12 2106/389 
f 2107/412 2106/389 1077/12 2108/415 
f 2255/741 2108/415 1077/12 92/742 
f 21/743 2256/31 2257/32 1600/151 
f 2257/32 1595/148 1600/151 
f 21/743 1600/151 1754/236 1753/156 
f 21/743 1753/156 1619/159 1622/169 
f 21/743 1622/169 1762/242 1761/176 
f 21/743 1761/176 1643/179 1646/189 
f 21/743 1646/189 1770/248 1769/196 
f 21/743 1769/196 1667/199 1670/209 
f 21/743 1670/209 1782/254 1781/216 
f 21/743 1781/216 1780/219 2258/745 
f 2258/745 1780/219 1779/218 1778/260 
f 2258/745 1778/260 1777/261 2259/746 
f 1597/144 1596/68 1601/69 1751/232 
f 1752/240 1751/232 1601/69 1616/165 
f 1617/166 1616/165 1601/69 1759/233 
f 1760/246 1759/233 1601/69 1640/185 
f 1641/186 1640/185 1601/69 1767/234 
f 1768/252 1767/234 1601/69 1664/205 
f 1665/206 1664/205 1601/69 1775/235 
f 1776/258 1775/235 1601/69 1777/261 
f 2259/746 1777/261 1601/69 1606/155 
f 2259/746 1606/155 2046/390 2045/160 
f 2259/746 2045/160 1627/163 1630/175 
f 2259/746 1630/175 2067/396 2066/180 
f 2259/746 2066/180 1651/183 1654/195 
f 2259/746 1654/195 2088/402 2087/200 
f 2259/746 2087/200 1675/203 1678/215 
f 2259/746 1678/215 2113/408 2112/220 
f 2259/746 2112/220 2111/223 2260/747 
f 2260/747 2111/223 2110/222 2109/414 
f 2260/747 2109/414 2108/415 2255/741 
f 180/134 179/142 2261/748 2262/749 
f 180/134 2262/749 2263/750 2264/751 
f 180/134 2264/751 2265/752 2266/753 
f 180/134 2266/753 2267/754 2268/755 
f 180/134 2268/755 2269/756 2270/757 
f 180/134 2270/757 2271/758 2272/759 
f 180/134 2272/759 2273/760 2274/761 
f 180/134 2274/761 2275/762 2276/763 
f 180/134 2276/763 2277/764 2278/765 
f 180/134 2278/765 2279/766 2280/767 
f 180/134 2280/767 2281/768 2282/769 
f 180/134 2282/769 2283/770 2284/771 
f 180/134 2284/771 2285/772 2286/773 
f 180/134 2286/773 2287/774 2288/775 
f 2289/776 2288/775 2287/774 2290/777 
f 2264/751 37/36 41/39 2265/752 
f 2266/753 42/40 43/41 2267/754 
f 2268/755 44/42 45/43 2269/756 
f 2270/757 46/44 47/45 2271/758 
f 2272/759 48/46 49/47 2273/760 
f 2274/761 50/48 51/49 2275/762 
f 2276/763 52/50 53/51 2277/764 
f 2278/765 54/52 55/53 2279/766 
f 2280/767 56/54 57/55 2281/768 
f 2282/769 58/56 59/57 2283/770 
f 2284/771 60/58 61/59 2285/772 
f 2286/773 62/60 63/61 2287/774 
s off
f 2291/778 2290/777 2292/777 64/62 
f 64/62 2292/777 2293/62 
f 2294/779 38/37 2295/37 2263/750 
f 2263/750 2295/37 2296/750 
f 2265/752 41/39 2297/39 2298/752 
f 41/39 42/40 2299/40 2297/39 
f 2266/753 2265/752 2298/752 2300/753 
f 42/40 2266/753 2300/753 2299/40 
f 2267/754 43/41 2301/41 2302/754 
f 43/41 44/42 2303/42 2301/41 
f 2268/755 2267/754 2302/754 2304/755 
f 44/42 2268/755 2304/755 2303/42 
f 2269/756 45/43 2305/43 2306/756 
f 45/43 46/44 2307/44 2305/43 
f 2270/757 2269/756 2306/756 2308/757 
f 46/44 2270/757 2308/757 2307/44 
f 2271/758 47/45 2309/45 2310/758 
f 2273/760 49/47 2311/47 2312/760 
f 47/45 48/46 2313/46 2309/45 
f 2272/759 2271/758 2310/758 2314/759 
f 48/46 2272/759 2314/759 2313/46 
f 49/47 50/48 2315/48 2311/47 
f 2274/761 2273/760 2312/760 2316/761 
f 50/48 2274/761 2316/761 2315/48 
f 2275/762 51/49 2317/49 2318/762 
f 51/49 52/50 2319/50 2317/49 
f 2276/763 2275/762 2318/762 2320/763 
f 52/50 2276/763 2320/763 2319/50 
f 2277/764 53/51 2321/51 2322/764 
f 53/51 54/52 2323/52 2321/51 
f 2278/765 2277/764 2322/764 2324/765 
f 54/52 2278/765 2324/765 2323/52 
f 2279/766 55/53 2325/53 2326/766 
f 55/53 56/54 2327/54 2325/53 
f 2280/767 2279/766 2326/766 2328/767 
f 56/54 2280/767 2328/767 2327/54 
f 2281/768 57/55 2329/55 2330/768 
f 57/55 58/56 2331/56 2329/55 
f 2282/769 2281/768 2330/768 2332/769 
f 58/56 2282/769 2332/769 2331/56 
f 2283/770 59/57 2333/57 2334/770 
f 59/57 60/58 2335/58 2333/57 
f 2284/771 2283/770 2334/770 2336/771 
f 60/58 2284/771 2336/771 2335/58 
f 2285/772 61/59 2337/59 2338/772 
f 61/59 62/60 2339/60 2337/59 
f 2286/773 2285/772 2338/772 2340/773 
f 62/60 2286/773 2340/773 2339/60 
f 66/23 40/25 2341/25 2342/23 
s 2
f 2296/772 2292/59 2290/743 2263/31 
s off
f 63/61 64/62 2343/62 2344/61 
f 38/37 37/36 2345/36 2346/37 
f 64/62 2293/62 23/62 66/62 
usemtl white_st
f 2295/37 38/37 40/37 25/37 
s 2
f 40/61 2347/30 32/136 25/36 
f 23/62 22/26 36/32 66/23 
s 4
f 2296/772 25/22 23/30 2292/59 
usemtl st_tile
s 1
f 172/137 2348/780 2349/781 173/138 
f 171/136 178/141 2348/780 172/137 
f 2350/782 2349/781 165/131 164/130 
f 181/143 166/132 165/131 2351/783 
f 182/142 181/143 2351/783 176/139 
f 177/140 176/139 2351/783 
f 2352/784 2353/785 2354/786 2355/780 
f 177/140 2351/783 2348/780 178/141 
f 174/135 173/138 2349/781 2350/782 
s off
f 2351/783 165/131 2356/131 2357/787 
f 2351/783 2357/787 2358/788 2359/789 
f 2351/783 2359/789 2360/790 2361/783 
f 165/131 2349/781 2362/781 2363/791 
f 165/131 2363/791 2364/792 2365/793 
f 165/131 2365/793 2356/131 
f 2349/781 2348/780 2355/780 2354/786 
f 2349/781 2354/786 2366/794 2367/795 
f 2349/781 2367/795 2368/796 2369/797 
f 2349/781 2369/797 2370/798 2371/799 
f 2349/781 2371/799 2372/800 2362/781 
f 2348/780 2351/783 2361/783 2373/801 
f 2348/780 2373/801 2374/802 2352/784 
f 2348/780 2352/784 2355/780 
s 1
f 2375/803 2376/804 2377/805 2378/806 
f 2378/806 2379/807 2380/808 2375/803 
f 2375/803 2380/808 2381/809 2382/810 
f 2383/811 2384/812 2385/813 2386/814 
f 2387/815 2383/811 2386/814 
f 2388/789 2389/816 2390/817 2391/790 
f 2392/818 2393/819 2394/820 2395/821 
f 2396/822 2397/823 2398/824 2399/825 
f 2398/824 2400/826 2401/827 2399/825 
f 2399/825 2401/827 2402/828 2403/829 
f 2404/830 2405/831 2393/819 2392/818 
f 2365/793 2364/792 2405/831 2404/830 
f 2406/815 2407/814 2408/832 2409/833 
f 2409/833 2408/832 2410/834 2411/835 
f 2373/801 2411/835 2410/834 2374/802 
f 2412/836 2413/837 2414/838 2415/839 
f 2412/836 2415/839 2394/820 2393/819 
f 2416/840 2417/836 2418/819 2419/831 
f 2363/791 2420/840 2405/831 2364/792 
f 2421/841 2422/842 2408/832 2423/843 
f 2424/813 2423/843 2408/832 2407/814 
f 2425/842 2426/785 2427/834 2428/832 
f 2374/802 2410/834 2353/785 2352/784 
f 2371/799 2370/798 2413/837 2412/836 
f 2372/800 2371/799 2412/836 2420/840 
f 2362/781 2372/800 2420/840 2363/791 
f 2367/795 2366/794 2422/842 2421/841 
f 2366/794 2354/786 2353/785 2422/842 
s off
f 2412/836 2393/819 2418/819 2417/836 
f 2393/819 2405/831 2419/831 2418/819 
f 2405/831 2420/840 2416/840 2419/831 
f 2420/840 2412/836 2417/836 2416/840 
f 2408/832 2422/842 2425/842 2428/832 
f 2422/842 2353/785 2426/785 2425/842 
f 2353/785 2410/834 2427/834 2426/785 
f 2410/834 2408/832 2428/832 2427/834 
s 1
f 2429/783 2430/805 2431/804 2432/801 
f 2432/801 2431/804 2433/803 2434/810 
f 2435/835 2432/801 2434/810 2436/833 
f 2436/833 2434/810 2437/809 2438/815 
f 2438/815 2437/809 2439/808 2440/790 
f 2440/790 2439/808 2441/807 2429/783 
f 2429/783 2441/807 2442/806 2430/805 
s off
f 2443/807 2444/808 2380/808 2379/807 
f 2444/808 2445/809 2381/809 2380/808 
f 2445/809 2446/810 2382/810 2381/809 
f 2446/810 2447/803 2375/803 2382/810 
f 2447/803 2448/804 2376/804 2375/803 
f 2448/804 2449/805 2377/805 2376/804 
f 2449/805 2450/806 2378/806 2377/805 
f 2450/806 2443/807 2379/807 2378/806 
f 2361/783 2360/790 2451/790 2452/783 
f 2453/844 2406/815 2454/815 2455/817 
f 2360/790 2455/817 2454/815 2451/790 
f 2406/815 2409/833 2456/833 2454/815 
f 2409/833 2411/835 2457/835 2456/833 
f 2411/835 2373/801 2458/801 2457/835 
f 2373/801 2361/783 2452/783 2458/801 
f 2444/808 2443/807 2459/807 2460/808 
f 2443/807 2450/806 2461/806 2459/807 
f 2450/806 2449/805 2462/805 2461/806 
f 2449/805 2448/804 2463/804 2462/805 
f 2448/804 2447/803 2464/803 2463/804 
f 2447/803 2446/810 2465/810 2464/803 
f 2446/810 2445/809 2466/809 2465/810 
f 2445/809 2444/808 2460/808 2466/809 
f 2452/783 2451/790 2440/790 2429/783 
f 2451/790 2454/815 2438/815 2440/790 
f 2454/815 2456/833 2436/833 2438/815 
f 2456/833 2457/835 2435/835 2436/833 
f 2457/835 2458/801 2432/801 2435/835 
f 2458/801 2452/783 2429/783 2432/801 
f 2460/808 2459/807 2441/807 2439/808 
f 2459/807 2461/806 2442/806 2441/807 
f 2461/806 2462/805 2430/805 2442/806 
f 2462/805 2463/804 2431/804 2430/805 
f 2463/804 2464/803 2433/803 2431/804 
f 2464/803 2465/810 2434/810 2433/803 
f 2465/810 2466/809 2437/809 2434/810 
f 2466/809 2460/808 2439/808 2437/809 
s 1
f 2467/787 2468/825 2469/829 2470/821 
f 2470/821 2469/829 2471/828 2472/818 
f 2472/818 2471/828 2473/827 2474/830 
f 2474/830 2473/827 2475/826 2476/824 
f 2477/793 2474/830 2476/824 2478/131 
f 2478/131 2476/824 2479/823 2467/787 
f 2467/787 2479/823 2480/822 2468/825 
s off
f 2481/823 2482/824 2398/824 2397/823 
f 2482/824 2483/826 2400/826 2398/824 
f 2483/826 2484/827 2401/827 2400/826 
f 2484/827 2485/828 2402/828 2401/827 
f 2485/828 2486/829 2403/829 2402/828 
f 2486/829 2487/825 2399/825 2403/829 
f 2487/825 2488/822 2396/822 2399/825 
f 2488/822 2481/823 2397/823 2396/822 
f 2356/131 2365/793 2489/793 2490/131 
f 2365/793 2404/830 2491/830 2489/793 
f 2404/830 2392/818 2492/818 2491/830 
f 2392/818 2395/821 2493/821 2492/818 
f 2494/845 2357/787 2495/787 2496/846 
f 2395/821 2496/846 2495/787 2493/821 
f 2357/787 2356/131 2490/131 2495/787 
f 2482/824 2481/823 2497/823 2498/824 
f 2481/823 2488/822 2499/822 2497/823 
f 2488/822 2487/825 2500/825 2499/822 
f 2487/825 2486/829 2501/829 2500/825 
f 2486/829 2485/828 2502/828 2501/829 
f 2485/828 2484/827 2503/827 2502/828 
f 2484/827 2483/826 2504/826 2503/827 
f 2483/826 2482/824 2498/824 2504/826 
f 2490/131 2489/793 2477/793 2478/131 
f 2489/793 2491/830 2474/830 2477/793 
f 2491/830 2492/818 2472/818 2474/830 
f 2492/818 2493/821 2470/821 2472/818 
f 2493/821 2495/787 2467/787 2470/821 
f 2495/787 2490/131 2478/131 2467/787 
f 2498/824 2497/823 2479/823 2476/824 
f 2497/823 2499/822 2480/822 2479/823 
f 2499/822 2500/825 2468/825 2480/822 
f 2500/825 2501/829 2469/829 2468/825 
f 2501/829 2502/828 2471/828 2469/829 
f 2502/828 2503/827 2473/827 2471/828 
f 2503/827 2504/826 2475/826 2473/827 
f 2504/826 2498/824 2476/824 2475/826 
s 1
f 2505/837 2506/847 2507/848 2508/838 
f 2508/838 2507/848 2509/849 2510/839 
f 2511/821 2512/850 2513/851 2514/846 
f 2514/846 2513/851 2515/852 2516/845 
f 2517/850 2518/821 2519/820 2510/839 
f 2517/850 2510/839 2509/849 
f 2520/787 2516/845 2515/852 2521/788 
f 2368/796 2522/853 2523/847 2369/797 
f 2524/854 2525/812 2526/849 2527/848 
f 2528/811 2529/855 2513/851 2512/850 
f 2530/855 2531/816 2532/852 2533/851 
f 2517/850 2509/849 2384/812 2383/811 
f 2521/788 2515/852 2389/816 2388/789 
f 2367/795 2421/841 2522/853 2368/796 
f 2534/843 2385/813 2384/812 2535/854 
f 2536/815 2537/844 2529/855 2528/811 
f 2537/844 2390/817 2389/816 2529/855 
s off
f 2360/790 2359/789 2388/789 2391/790 
f 2359/789 2358/788 2521/788 2388/789 
f 2358/788 2357/787 2520/787 2521/788 
f 2357/787 2494/845 2516/845 2520/787 
f 2494/845 2496/846 2514/846 2516/845 
f 2496/846 2395/821 2511/821 2514/846 
f 2395/821 2538/850 2512/850 2511/821 
f 2538/850 2539/811 2528/811 2512/850 
f 2539/811 2406/815 2536/815 2528/811 
f 2406/815 2453/844 2537/844 2536/815 
f 2453/844 2455/817 2390/817 2537/844 
f 2455/817 2360/790 2391/790 2390/817 
f 2530/855 2533/851 2513/851 2529/855 
f 2533/851 2532/852 2515/852 2513/851 
f 2532/852 2531/816 2389/816 2515/852 
f 2531/816 2530/855 2529/855 2389/816 
s 1
f 2413/837 2370/798 2369/797 2523/847 
f 2535/854 2507/848 2506/847 2540/853 
f 2534/843 2535/854 2540/853 2541/841 
s off
f 2406/815 2539/811 2383/811 2387/815 
f 2539/811 2538/850 2517/850 2383/811 
f 2538/850 2395/821 2518/821 2517/850 
f 2395/821 2394/820 2519/820 2518/821 
f 2394/820 2415/839 2510/839 2519/820 
f 2415/839 2414/838 2508/838 2510/839 
f 2414/838 2413/837 2505/837 2508/838 
f 2413/837 2523/847 2506/847 2505/837 
f 2523/847 2522/853 2540/853 2506/847 
f 2522/853 2421/841 2541/841 2540/853 
f 2421/841 2423/843 2534/843 2541/841 
f 2423/843 2424/813 2385/813 2534/843 
f 2424/813 2407/814 2386/814 2385/813 
f 2407/814 2406/815 2387/815 2386/814 
f 2524/854 2527/848 2507/848 2535/854 
f 2527/848 2526/849 2509/849 2507/848 
f 2526/849 2525/812 2384/812 2509/849 
f 2525/812 2524/854 2535/854 2384/812 
s 1
f 2542/136 2543/135 2544/77 2545/76 
s off
f 170/136 169/135 2543/135 2542/136 
f 169/135 95/77 2544/77 2543/135 
f 95/77 94/76 2545/76 2544/77 
f 94/76 170/136 2542/136 2545/76 
s 1
f 2546/18 2547/856 2548/857 2549/19 
f 2550/858 2551/859 2552/860 2553/67 
s off
f 2554/858 2550/858 2553/67 2555/67 
f 970/619 67/4 4/4 973/3 
f 973/3 4/4 3/3 
f 68/20 20/20 19/19 2556/19 
f 2557/107 2558/107 2559/29 2560/29 
f 2561/3 2562/3 2563/620 2564/620 
f 2549/19 2565/19 2566/18 2546/18 
s 1
f 2567/17 2568/861 2569/856 2570/18 
f 2571/862 2572/863 2573/859 2574/858 
s off
f 2575/862 2571/862 2574/858 2576/858 
f 2577/106 2578/106 2579/107 2580/107 
f 2581/621 2582/620 2583/620 2584/622 
f 2584/622 2583/620 2585/622 
f 2570/18 2586/18 2587/17 2567/17 
s 1
f 2588/16 2589/864 2590/861 2591/17 
f 2592/865 2593/866 2594/863 2595/862 
s off
f 2596/865 2592/865 2595/862 2597/862 
f 2598/105 2599/105 2600/106 2601/106 
f 2602/623 2603/622 2604/622 2605/72 
f 2605/72 2604/622 2606/72 
f 2591/17 2607/17 2608/16 2588/16 
s 1
f 95/77 169/135 2609/867 96/78 
f 98/16 96/78 2609/867 2610/864 
f 12/12 11/11 2611/866 2612/865 
s off
f 81/12 82/12 2613/865 2614/865 
f 2615/105 97/79 108/79 154/124 
f 2615/105 154/124 153/123 111/89 
f 2615/105 111/89 115/93 128/105 
s 1
f 2616/145 2617/868 10/10 9/9 
f 2618/7 2619/869 2620/870 2621/871 
s off
f 185/145 2622/145 78/9 77/9 
f 92/7 93/7 2623/871 2624/871 
f 179/142 182/142 176/139 175/139 
f 183/133 169/135 174/135 2350/782 
f 183/133 2350/782 164/130 167/133 
s 1
f 2621/871 2620/870 2625/872 2626/873 
s off
f 2624/871 2623/871 2627/873 2628/873 
s 1
f 2629/146 2630/874 2631/868 2632/145 
s off
f 2633/146 2634/146 2635/145 2636/145 
s 1
f 2637/873 2638/872 2639/875 2640/876 
s off
f 2641/873 2642/873 2643/876 2644/876 
s 1
f 2645/147 2646/877 2647/874 2648/146 
s off
f 2649/147 2650/147 2651/146 2652/146 
s 1
f 2653/878 2654/879 34/34 33/33 
s off
f 2655/878 2656/878 84/33 85/33 
s 1
f 2347/32 2657/880 2658/881 2659/744 
s off
f 32/32 2347/32 2659/744 2660/744 
f 32/32 2660/744 2661/744 1217/744 
s 1
f 2659/744 2658/881 2662/877 2663/147 
s off
f 188/148 1217/744 2661/744 187/147 
f 187/147 2661/744 2664/147 
s 1
f 2665/876 2666/875 2667/879 2668/878 
s off
f 2669/876 2670/876 2671/878 2672/878 
s 1
f 69/64 2673/857 2/2 1/1 
f 2674/882 2675/883 35/35 34/34 
f 2563/620 2562/3 2676/2 2677/884 
f 2585/622 2583/620 2678/884 2679/885 
f 2606/72 2604/622 2680/885 2681/886 
f 2618/7 2682/72 2683/886 2619/869 
f 2684/867 2685/887 2686/870 2687/869 
f 2688/887 2689/888 2625/872 2620/870 
f 2690/888 2691/889 2639/875 2638/872 
f 2692/890 2693/882 2694/34 2695/879 
f 2696/889 2697/890 2667/879 2666/875 
f 2677/884 2676/2 2548/857 2547/856 
f 2679/885 2678/884 2569/856 2568/861 
f 2681/886 2680/885 2590/861 2589/864 
f 2687/869 2698/886 2699/864 2684/867 
f 68/20 2556/19 2673/857 69/64 
f 65/63 66/23 2675/883 2674/882 
f 169/135 183/133 2688/887 2609/867 
f 2688/887 183/133 180/134 2288/775 
f 2688/887 2288/775 2689/888 
f 2700/775 2701/776 2691/889 2690/888 
f 2702/890 2291/778 64/62 65/63 
f 2702/890 65/63 2674/882 
f 2696/889 2703/776 2704/777 2705/778 
f 2696/889 2705/778 2697/890 
f 175/139 170/136 2706/891 2707/892 
f 73/66 2708/860 28/28 27/27 
f 2557/107 2560/29 2709/28 2710/893 
f 2577/106 2580/107 2711/893 2712/894 
f 2598/105 2601/106 2713/894 2714/895 
f 2706/891 170/136 94/76 97/79 
f 2706/891 97/79 2615/105 2715/895 
f 2716/896 2261/748 179/142 175/139 
f 2716/896 175/139 2707/892 
f 2717/749 2718/748 2719/896 2720/897 
f 2721/898 2722/779 2723/750 2724/749 
f 2721/898 2724/749 2725/897 
f 40/25 39/38 2726/899 2727/900 
f 2726/899 39/38 38/37 2294/779 
f 2726/899 2294/779 2728/898 
f 2729/892 2730/891 2731/11 2732/10 
f 2710/893 2709/28 2552/860 2551/859 
f 2712/894 2711/893 2573/859 2572/863 
f 2714/895 2713/894 2594/863 2593/866 
f 2730/891 2733/895 2734/866 2731/11 
f 2716/896 2707/892 10/10 2617/868 
f 2720/897 2719/896 2631/868 2630/874 
f 2735/898 2736/897 2647/874 2646/877 
f 2727/900 2726/899 2658/881 2657/880 
f 2737/899 2738/898 2739/877 2740/881 
f 72/65 75/67 2708/860 73/66 
s off
f 972/621 971/620 2564/620 2741/621 
f 971/620 973/3 2561/3 2564/620 
f 973/3 3/3 2562/3 2561/3 
f 3/3 2/2 2676/2 2562/3 
f 2/2 2673/857 2548/857 2676/2 
f 2673/857 2556/19 2549/19 2548/857 
f 2556/19 19/19 2565/19 2549/19 
f 19/19 18/18 2566/18 2565/19 
f 18/18 17/17 2742/17 2566/18 
f 17/17 16/16 2743/16 2742/17 
f 16/16 98/16 2744/16 2743/16 
f 98/16 2610/864 2745/864 2744/16 
f 2610/864 2683/886 2746/886 2745/864 
f 2683/886 2682/72 2747/72 2746/886 
f 88/72 87/72 2748/72 2749/72 
f 2682/72 2749/72 2748/72 2747/72 
f 87/72 975/623 2750/623 2748/72 
f 975/623 974/622 2751/622 2750/623 
f 974/622 972/621 2741/621 2751/622 
f 74/67 2752/858 2554/858 2555/67 
f 2752/858 2753/862 2754/862 2554/858 
f 2753/862 2614/865 2755/865 2754/862 
f 2756/865 2612/865 2757/865 2613/865 
f 2614/865 2613/865 2757/865 2755/865 
f 2612/865 2611/866 2758/866 2757/865 
f 2611/866 2715/895 2759/895 2758/866 
f 2715/895 2615/105 2760/105 2759/895 
f 2615/105 128/105 2761/105 2760/105 
f 128/105 129/106 2762/106 2761/105 
f 129/106 130/107 2558/107 2762/106 
f 130/107 103/29 2559/29 2558/107 
f 103/29 29/29 2560/29 2559/29 
f 29/29 28/28 2709/28 2560/29 
f 28/28 2708/860 2552/860 2709/28 
f 2708/860 75/67 2553/67 2552/860 
f 75/67 74/67 2555/67 2553/67 
f 2564/620 2563/620 2583/620 2582/620 
f 2563/620 2677/884 2678/884 2583/620 
f 2677/884 2547/856 2569/856 2678/884 
f 2547/856 2546/18 2570/18 2569/856 
f 2546/18 2566/18 2586/18 2570/18 
f 2566/18 2742/17 2587/17 2586/18 
f 2742/17 2743/16 2763/16 2587/17 
f 2743/16 2744/16 2764/16 2763/16 
f 2744/16 2745/864 2765/864 2764/16 
f 2745/864 2746/886 2766/886 2765/864 
f 2746/886 2747/72 2767/72 2766/886 
f 2747/72 2748/72 2768/72 2767/72 
f 2748/72 2750/623 2769/623 2768/72 
f 2750/623 2751/622 2584/622 2769/623 
f 2751/622 2741/621 2581/621 2584/622 
f 2741/621 2564/620 2582/620 2581/621 
f 2551/859 2550/858 2574/858 2573/859 
f 2550/858 2554/858 2576/858 2574/858 
f 2554/858 2754/862 2575/862 2576/858 
f 2754/862 2755/865 2770/865 2575/862 
f 2755/865 2757/865 2771/865 2770/865 
f 2757/865 2758/866 2772/866 2771/865 
f 2758/866 2759/895 2773/895 2772/866 
f 2759/895 2760/105 2774/105 2773/895 
f 2760/105 2761/105 2775/105 2774/105 
f 2761/105 2762/106 2578/106 2775/105 
f 2762/106 2558/107 2579/107 2578/106 
f 2558/107 2557/107 2580/107 2579/107 
f 2557/107 2710/893 2711/893 2580/107 
f 2710/893 2551/859 2573/859 2711/893 
f 2584/622 2585/622 2604/622 2603/622 
f 2585/622 2679/885 2680/885 2604/622 
f 2679/885 2568/861 2590/861 2680/885 
f 2568/861 2567/17 2591/17 2590/861 
f 2567/17 2587/17 2607/17 2591/17 
f 2587/17 2763/16 2608/16 2607/17 
f 2763/16 2764/16 2588/16 2608/16 
f 2764/16 2765/864 2589/864 2588/16 
f 2765/864 2766/886 2681/886 2589/864 
f 2766/886 2767/72 2606/72 2681/886 
f 2767/72 2768/72 2605/72 2606/72 
f 2768/72 2769/623 2602/623 2605/72 
f 2769/623 2584/622 2603/622 2602/623 
f 2572/863 2571/862 2595/862 2594/863 
f 2571/862 2575/862 2597/862 2595/862 
f 2575/862 2770/865 2596/865 2597/862 
f 2770/865 2771/865 2592/865 2596/865 
f 2771/865 2772/866 2593/866 2592/865 
f 2772/866 2773/895 2714/895 2593/866 
f 2773/895 2774/105 2598/105 2714/895 
f 2774/105 2775/105 2599/105 2598/105 
f 2775/105 2578/106 2600/106 2599/105 
f 2578/106 2577/106 2601/106 2600/106 
f 2577/106 2712/894 2713/894 2601/106 
f 2712/894 2572/863 2594/863 2713/894 
f 2776/9 2777/12 2778/12 2779/9 
f 2780/72 2781/7 2782/7 2783/72 
f 2777/12 2784/865 2785/865 2778/12 
f 2786/145 2787/9 78/9 2622/145 
f 2781/7 2788/871 2789/871 2782/7 
f 2790/871 2791/873 2627/873 2623/871 
f 2792/146 2793/145 2635/145 2634/146 
f 2794/873 2795/876 2643/876 2642/873 
f 2796/147 2797/146 2651/146 2650/147 
f 2798/878 2799/33 2800/33 2801/878 
f 2802/744 2803/147 2804/147 2805/744 
f 2806/876 2807/878 2671/878 2670/876 
f 9/9 12/12 2808/12 2787/9 
f 2682/72 2618/7 2809/7 2749/72 
f 12/12 2612/865 2756/865 2808/12 
f 2616/145 9/9 2787/9 2786/145 
f 2618/7 2621/871 2790/871 2809/7 
f 2621/871 2626/873 2791/873 2790/871 
f 2629/146 2632/145 2793/145 2792/146 
f 2637/873 2640/876 2795/876 2794/873 
f 2645/147 2648/146 2797/146 2796/147 
f 2653/878 33/33 83/33 2810/878 
f 2659/744 2663/147 2811/147 2660/744 
f 2665/876 2668/878 2807/878 2806/876 
f 2756/865 2613/865 2785/865 2784/865 
f 2613/865 82/12 2778/12 2785/865 
f 82/12 78/9 2779/9 2778/12 
f 78/9 2787/9 2776/9 2779/9 
f 2787/9 2808/12 2777/12 2776/9 
f 2808/12 2756/865 2784/865 2777/12 
f 2790/871 2623/871 2789/871 2788/871 
f 2623/871 93/7 2782/7 2789/871 
f 93/7 88/72 2783/72 2782/7 
f 88/72 2749/72 2780/72 2783/72 
f 2749/72 2809/7 2781/7 2780/72 
f 2809/7 2790/871 2788/871 2781/7 
f 83/33 84/33 2800/33 2799/33 
f 84/33 2656/878 2801/878 2800/33 
f 2656/878 2810/878 2798/878 2801/878 
f 2810/878 83/33 2799/33 2798/878 
f 2661/744 2660/744 2802/744 2805/744 
f 2660/744 2811/147 2803/147 2802/744 
f 2811/147 2664/147 2804/147 2803/147 
f 2664/147 2661/744 2805/744 2804/147 
f 2674/882 34/34 2694/34 2693/882 
f 34/34 2654/879 2695/879 2694/34 
f 2654/879 2702/890 2692/890 2695/879 
f 2702/890 2674/882 2693/882 2692/890 
f 2726/899 2728/898 2738/898 2737/899 
f 2728/898 2662/877 2739/877 2738/898 
f 2662/877 2658/881 2740/881 2739/877 
f 2658/881 2726/899 2737/899 2740/881 
f 2688/887 2620/870 2686/870 2685/887 
f 2620/870 2619/869 2687/869 2686/870 
f 2619/869 2683/886 2698/886 2687/869 
f 2683/886 2610/864 2699/864 2698/886 
f 2610/864 2609/867 2684/867 2699/864 
f 2609/867 2688/887 2685/887 2684/867 
f 2707/892 2706/891 2730/891 2729/892 
f 2706/891 2715/895 2733/895 2730/891 
f 2715/895 2611/866 2734/866 2733/895 
f 2611/866 11/11 2731/11 2734/866 
f 11/11 10/10 2732/10 2731/11 
f 10/10 2707/892 2729/892 2732/10 
f 2263/750 2262/749 2724/749 2723/750 
f 2262/749 2812/897 2725/897 2724/749 
f 2812/897 2728/898 2721/898 2725/897 
f 2728/898 2294/779 2722/779 2721/898 
f 2294/779 2263/750 2723/750 2722/779 
f 185/145 186/146 2633/146 2636/145 
f 186/146 187/147 2813/147 2633/146 
f 187/147 2664/147 2814/147 2813/147 
f 2664/147 2811/147 2815/147 2814/147 
f 2811/147 2663/147 2816/147 2815/147 
f 2663/147 2662/877 2817/877 2816/147 
f 2662/877 2728/898 2818/898 2817/877 
f 2728/898 2812/897 2720/897 2818/898 
f 2812/897 2262/749 2717/749 2720/897 
f 2262/749 2261/748 2718/748 2717/749 
f 2261/748 2716/896 2719/896 2718/748 
f 2716/896 2617/868 2631/868 2719/896 
f 2617/868 2616/145 2632/145 2631/868 
f 2616/145 2786/145 2793/145 2632/145 
f 2786/145 2622/145 2635/145 2793/145 
f 2622/145 185/145 2636/145 2635/145 
f 2290/777 2291/778 2819/778 2820/777 
f 2291/778 2702/890 2821/890 2819/778 
f 2702/890 2654/879 2822/879 2821/890 
f 2654/879 2653/878 2823/878 2822/879 
f 2653/878 2810/878 2824/878 2823/878 
f 2810/878 2656/878 2825/878 2824/878 
f 2656/878 2655/878 2826/878 2825/878 
f 2655/878 2827/876 2644/876 2826/878 
f 2827/876 2628/873 2641/873 2644/876 
f 2628/873 2627/873 2642/873 2641/873 
f 2627/873 2791/873 2794/873 2642/873 
f 2791/873 2626/873 2637/873 2794/873 
f 2626/873 2625/872 2638/872 2637/873 
f 2625/872 2689/888 2690/888 2638/872 
f 2689/888 2288/775 2700/775 2690/888 
f 2288/775 2289/776 2701/776 2700/775 
f 2289/776 2290/777 2820/777 2701/776 
f 2630/874 2629/146 2648/146 2647/874 
f 2629/146 2792/146 2797/146 2648/146 
f 2792/146 2634/146 2651/146 2797/146 
f 2634/146 2633/146 2652/146 2651/146 
f 2633/146 2813/147 2649/147 2652/146 
f 2813/147 2814/147 2650/147 2649/147 
f 2814/147 2815/147 2796/147 2650/147 
f 2815/147 2816/147 2645/147 2796/147 
f 2816/147 2817/877 2646/877 2645/147 
f 2817/877 2818/898 2735/898 2646/877 
f 2818/898 2720/897 2736/897 2735/898 
f 2720/897 2630/874 2647/874 2736/897 
f 2640/876 2639/875 2666/875 2665/876 
f 2639/875 2691/889 2696/889 2666/875 
f 2691/889 2701/776 2703/776 2696/889 
f 2701/776 2820/777 2704/777 2703/776 
f 2820/777 2819/778 2705/778 2704/777 
f 2819/778 2821/890 2697/890 2705/778 
f 2821/890 2822/879 2667/879 2697/890 
f 2822/879 2823/878 2668/878 2667/879 
f 2823/878 2824/878 2807/878 2668/878 
f 2824/878 2825/878 2671/878 2807/878 
f 2825/878 2826/878 2672/878 2671/878 
f 2826/878 2644/876 2669/876 2672/878 
f 2644/876 2643/876 2670/876 2669/876 
f 2643/876 2795/876 2806/876 2670/876 
f 2795/876 2640/876 2665/876 2806/876 
s 1
f 2828/901 2829/902 117/95 116/94 
f 136/109 135/111 2829/902 2828/901 
f 2830/903 140/114 118/96 117/95 
f 142/115 2831/904 2832/905 143/116 
f 2833/906 2834/903 2835/95 2836/902 
f 134/110 2837/906 2829/902 135/111 
f 138/112 137/14 140/114 2830/903 
f 141/92 147/118 2831/904 142/115 
f 139/113 138/112 2830/903 2837/906 
f 133/90 139/113 2837/906 134/110 
s off
f 2830/903 117/95 2835/95 2834/903 
f 117/95 2829/902 2836/902 2835/95 
f 2829/902 2837/906 2833/906 2836/902 
f 2837/906 2830/903 2834/903 2833/906 
s 1
f 2838/907 2839/905 2840/908 2841/909 
f 2842/910 2843/911 2844/908 2845/912 
f 145/91 150/120 2846/913 2842/910 
f 145/91 2842/910 2845/912 146/117 
f 2847/912 2840/908 2839/905 2848/904 
f 2849/117 2847/912 2848/904 2850/118 
f 144/108 143/116 2832/905 2851/907 
s off
f 2851/907 2832/905 2839/905 2838/907 
f 2832/905 2831/904 2848/904 2839/905 
f 2831/904 147/118 2850/118 2848/904 
f 147/118 146/117 2849/117 2850/118 
f 2852/914 2853/909 2854/909 2844/908 
f 2844/908 2854/909 2855/908 
f 2845/912 2844/908 2855/908 2856/912 
f 146/117 2845/912 2856/912 2857/117 
f 2855/908 2854/909 2858/909 2859/908 
f 2856/912 2855/908 2859/908 2860/912 
f 2857/117 2856/912 2860/912 2861/117 
s 1
f 2862/915 2863/916 125/102 124/101 
f 150/120 149/119 2864/917 2846/913 
f 2865/913 2866/917 2867/911 2868/910 
f 2853/909 2852/914 2863/916 2862/915 
f 2864/917 149/119 126/103 125/102 
f 2867/911 2866/917 2869/102 2870/916 
f 2844/908 2843/911 2863/916 2852/914 
s off
f 2846/913 2864/917 2866/917 2865/913 
f 2864/917 125/102 2869/102 2866/917 
f 125/102 2863/916 2870/916 2869/102 
f 2863/916 2843/911 2867/911 2870/916 
f 2843/911 2842/910 2868/910 2867/911 
f 2842/910 2846/913 2865/913 2868/910 
s 1
f 2871/100 113/91 112/90 2872/97 
f 2872/97 112/90 132/109 2873/98 
f 2873/98 132/109 148/104 2874/99 
f 2874/99 148/104 113/91 2871/100 
s off
f 2872/97 2873/98 121/98 120/97 
f 2873/98 2874/99 122/99 121/98 
f 2874/99 2871/100 123/100 122/99 
f 2871/100 2872/97 120/97 123/100 
s 1
f 108/79 107/86 155/125 154/124 
f 2875/126 2876/127 2877/128 2878/918 
f 2879/919 2878/918 2877/128 
f 104/83 2880/918 2881/919 105/84 
f 101/82 100/81 156/126 2880/918 
f 102/78 101/82 2880/918 104/83 
f 2881/919 162/128 163/129 2882/920 
f 105/84 2881/919 2882/920 106/85 
f 2883/125 2884/920 2885/129 2886/122 
f 2883/125 2886/122 2887/121 
f 106/85 2882/920 155/125 107/86 
s off
f 156/126 157/127 2876/127 2875/126 
f 157/127 162/128 2877/128 2876/127 
f 162/128 2881/919 2879/919 2877/128 
f 2881/919 2880/918 2878/918 2879/919 
f 2880/918 156/126 2875/126 2878/918 
f 163/129 152/122 2886/122 2885/129 
f 152/122 151/121 2887/121 2886/122 
f 151/121 155/125 2883/125 2887/121 
f 155/125 2882/920 2884/920 2883/125 
f 2882/920 163/129 2885/129 2884/920 
s 1
f 2888/5 2889/8 2890/7 2891/6 
f 2892/144 2893/68 2894/9 2895/145 
f 2892/144 2895/145 2896/146 2897/147 
f 2892/144 2897/147 2898/148 2899/149 
f 2900/150 2899/149 2898/148 2901/151 
f 2902/152 2903/70 2904/69 2905/153 
f 2906/154 2905/153 2904/69 2907/155 
f 2908/156 2909/159 2910/158 2911/157 
f 2912/160 2913/163 2914/162 2915/161 
f 2916/166 2917/165 2918/164 2919/158 
f 2916/166 2919/158 2920/159 2921/167 
f 2922/168 2921/167 2920/159 2923/169 
f 2924/172 2925/171 2926/170 2927/162 
f 2924/172 2927/162 2928/163 2929/173 
f 2930/174 2929/173 2928/163 2931/175 
f 2932/176 2933/179 2934/178 2935/177 
f 2936/180 2937/183 2938/182 2939/181 
f 2940/186 2941/185 2942/184 2943/178 
f 2940/186 2943/178 2944/179 2945/187 
f 2946/188 2945/187 2944/179 2947/189 
f 2948/192 2949/191 2950/190 2951/182 
f 2948/192 2951/182 2952/183 2953/193 
f 2954/194 2953/193 2952/183 2955/195 
f 2956/196 2957/199 2958/198 2959/197 
f 2960/200 2961/203 2962/202 2963/201 
f 2964/206 2965/205 2966/204 2967/198 
f 2964/206 2967/198 2968/199 2969/207 
f 2970/208 2969/207 2968/199 2971/209 
f 2972/212 2973/211 2974/210 2975/202 
f 2972/212 2975/202 2976/203 2977/213 
f 2978/214 2977/213 2976/203 2979/215 
f 2980/216 2981/219 2982/218 2983/217 
f 2984/220 2985/223 2986/222 2987/221 
f 2988/149 2989/150 2990/225 2991/224 
f 2992/167 2993/168 2994/227 2995/226 
f 2996/187 2997/188 2998/229 2999/228 
f 3000/207 3001/208 3002/231 3003/230 
f 3004/144 2988/149 2991/224 3005/232 
f 3006/166 2992/167 2995/226 3007/233 
f 3008/186 2996/187 2999/228 3009/234 
f 3010/206 3000/207 3003/230 3011/235 
f 3012/151 3013/236 2990/225 2989/150 
f 3014/237 3015/224 3016/239 3017/238 
f 3018/240 3005/232 2991/224 3019/241 
f 3013/236 2908/156 2911/157 2990/225 
f 3020/164 3019/241 2911/157 2910/158 
f 3021/165 3018/240 3019/241 3020/164 
f 3022/169 3023/242 2994/227 2993/168 
f 3024/243 3025/226 3026/245 3027/244 
f 3028/246 3007/233 2995/226 3029/247 
f 3023/242 2932/176 2935/177 2994/227 
f 3030/184 3029/247 2935/177 2934/178 
f 3031/185 3028/246 3029/247 3030/184 
f 3032/189 3033/248 2998/229 2997/188 
f 3034/249 3035/228 3036/251 3037/250 
f 3038/252 3009/234 2999/228 3039/253 
f 3033/248 2956/196 2959/197 2998/229 
f 3040/204 3039/253 2959/197 2958/198 
f 3041/205 3038/252 3039/253 3040/204 
f 3042/209 3043/254 3002/231 3001/208 
f 3044/255 3045/230 3046/257 3047/256 
f 3048/258 3011/235 3003/230 3049/259 
f 3043/254 2980/216 2983/217 3002/231 
f 3050/260 3049/259 2983/217 2982/218 
f 3051/261 3048/258 3049/259 3050/260 
s off
f 2901/151 3012/151 2989/150 2900/150 
f 2900/150 2989/150 2988/149 2899/149 
f 2899/149 2988/149 3004/144 2892/144 
f 2892/144 3004/144 3005/232 3052/232 
f 3052/232 3005/232 3018/240 3053/240 
f 3053/240 3018/240 3021/165 2917/165 
f 2917/165 3021/165 3020/164 2918/164 
f 2918/164 3020/164 2910/158 2919/158 
f 2919/158 2910/158 2909/159 2920/159 
f 2920/159 2909/159 2908/156 3054/156 
f 3054/156 2908/156 3013/236 3055/236 
f 3055/236 3013/236 3012/151 2901/151 
f 3056/225 2990/225 2911/157 3057/157 
f 3057/157 2911/157 3019/241 3058/241 
f 3058/241 3019/241 2991/224 3059/224 
f 3059/224 2991/224 2990/225 3056/225 
f 2923/169 3022/169 2993/168 2922/168 
f 2922/168 2993/168 2992/167 2921/167 
f 2921/167 2992/167 3006/166 2916/166 
f 2916/166 3006/166 3007/233 3060/233 
f 3060/233 3007/233 3028/246 3061/246 
f 3061/246 3028/246 3031/185 2941/185 
f 2941/185 3031/185 3030/184 2942/184 
f 2942/184 3030/184 2934/178 2943/178 
f 2943/178 2934/178 2933/179 2944/179 
f 2944/179 2933/179 2932/176 3062/176 
f 3062/176 2932/176 3023/242 3063/242 
f 3063/242 3023/242 3022/169 2923/169 
f 3064/227 2994/227 2935/177 3065/177 
f 3065/177 2935/177 3029/247 3066/247 
f 3066/247 3029/247 2995/226 3067/226 
f 3067/226 2995/226 2994/227 3064/227 
f 2947/189 3032/189 2997/188 2946/188 
f 2946/188 2997/188 2996/187 2945/187 
f 2945/187 2996/187 3008/186 2940/186 
f 2940/186 3008/186 3009/234 3068/234 
f 3068/234 3009/234 3038/252 3069/252 
f 3069/252 3038/252 3041/205 2965/205 
f 2965/205 3041/205 3040/204 2966/204 
f 2966/204 3040/204 2958/198 2967/198 
f 2967/198 2958/198 2957/199 2968/199 
f 2968/199 2957/199 2956/196 3070/196 
f 3070/196 2956/196 3033/248 3071/248 
f 3071/248 3033/248 3032/189 2947/189 
f 3072/229 2998/229 2959/197 3073/197 
f 3073/197 2959/197 3039/253 3074/253 
f 3074/253 3039/253 2999/228 3075/228 
f 3075/228 2999/228 2998/229 3072/229 
f 2971/209 3042/209 3001/208 2970/208 
f 2970/208 3001/208 3000/207 2969/207 
f 2969/207 3000/207 3010/206 2964/206 
f 2964/206 3010/206 3011/235 3076/235 
f 3076/235 3011/235 3048/258 3077/258 
f 3077/258 3048/258 3051/261 3078/261 
f 3078/261 3051/261 3050/260 3079/260 
f 3079/260 3050/260 2982/218 3080/218 
f 3080/218 2982/218 2981/219 3081/219 
f 3081/219 2981/219 2980/216 3082/216 
f 3082/216 2980/216 3043/254 3083/254 
f 3083/254 3043/254 3042/209 2971/209 
f 3084/231 3002/231 2983/217 3085/217 
f 3085/217 2983/217 3049/259 3086/259 
f 3086/259 3049/259 3003/230 3087/230 
f 3087/230 3003/230 3002/231 3084/231 
f 3057/157 3088/157 3089/265 3090/264 
f 3057/157 3090/264 3091/263 3092/262 
f 3057/157 3092/262 3093/225 3056/225 
f 3056/225 3093/225 3094/268 3095/267 
f 3056/225 3095/267 3096/266 3016/239 
f 3056/225 3016/239 3015/224 3059/224 
f 3059/224 3015/224 3014/237 3097/271 
f 3059/224 3097/271 3098/270 3099/269 
f 3059/224 3099/269 3100/241 3058/241 
f 3058/241 3100/241 3101/275 3102/274 
f 3058/241 3102/274 3103/273 3104/272 
f 3058/241 3104/272 3088/157 3057/157 
f 3065/177 3105/177 3106/279 3107/278 
f 3065/177 3107/278 3108/277 3109/276 
f 3065/177 3109/276 3110/227 3064/227 
f 3064/227 3110/227 3111/282 3112/281 
f 3064/227 3112/281 3113/280 3026/245 
f 3064/227 3026/245 3025/226 3067/226 
f 3067/226 3025/226 3024/243 3114/285 
f 3067/226 3114/285 3115/284 3116/283 
f 3067/226 3116/283 3117/247 3066/247 
f 3066/247 3117/247 3118/289 3119/288 
f 3066/247 3119/288 3120/287 3121/286 
f 3066/247 3121/286 3105/177 3065/177 
f 3073/197 3122/197 3123/293 3124/292 
f 3073/197 3124/292 3125/291 3126/290 
f 3073/197 3126/290 3127/229 3072/229 
f 3072/229 3127/229 3128/296 3129/295 
f 3072/229 3129/295 3130/294 3036/251 
f 3072/229 3036/251 3035/228 3075/228 
f 3075/228 3035/228 3034/249 3131/299 
f 3075/228 3131/299 3132/298 3133/297 
f 3075/228 3133/297 3134/253 3074/253 
f 3074/253 3134/253 3135/303 3136/302 
f 3074/253 3136/302 3137/301 3138/300 
f 3074/253 3138/300 3122/197 3073/197 
f 3085/217 3139/217 3140/307 3141/306 
f 3085/217 3141/306 3142/305 3143/304 
f 3085/217 3143/304 3144/231 3084/231 
f 3084/231 3144/231 3145/310 3146/309 
f 3084/231 3146/309 3147/308 3046/257 
f 3084/231 3046/257 3045/230 3087/230 
f 3087/230 3045/230 3044/255 3148/313 
f 3087/230 3148/313 3149/312 3150/311 
f 3087/230 3150/311 3151/259 3086/259 
f 3086/259 3151/259 3152/317 3153/316 
f 3086/259 3153/316 3154/315 3155/314 
f 3086/259 3155/314 3139/217 3085/217 
s 1
f 3151/259 3150/311 3156/318 3152/317 
f 3150/311 3149/312 3157/319 3156/318 
f 3149/312 3148/313 3158/320 3157/319 
f 3148/313 3044/255 3047/256 3158/320 
f 3134/253 3133/297 3159/321 3135/303 
f 3131/299 3034/249 3037/250 3160/322 
f 3132/298 3131/299 3160/322 3161/323 
f 3133/297 3132/298 3161/323 3159/321 
f 3117/247 3116/283 3162/324 3118/289 
f 3116/283 3115/284 3163/325 3162/324 
f 3115/284 3114/285 3164/326 3163/325 
f 3114/285 3024/243 3027/244 3164/326 
f 3100/241 3099/269 3165/327 3101/275 
f 3099/269 3098/270 3166/328 3165/327 
f 3098/270 3097/271 3167/329 3166/328 
f 3097/271 3014/237 3017/238 3167/329 
f 3092/262 3168/330 3094/268 3093/225 
f 3109/276 3169/331 3111/282 3110/227 
f 3126/290 3170/332 3128/296 3127/229 
f 3143/304 3171/333 3145/310 3144/231 
f 3139/217 3155/314 3172/334 3140/307 
f 3140/307 3172/334 3173/335 3141/306 
f 3141/306 3173/335 3174/336 3142/305 
f 3142/305 3174/336 3171/333 3143/304 
f 3122/197 3138/300 3175/337 3123/293 
f 3125/291 3176/338 3170/332 3126/290 
f 3124/292 3177/339 3176/338 3125/291 
f 3123/293 3175/337 3177/339 3124/292 
f 3105/177 3121/286 3178/340 3106/279 
f 3106/279 3178/340 3179/341 3107/278 
f 3107/278 3179/341 3180/342 3108/277 
f 3108/277 3180/342 3169/331 3109/276 
f 3088/157 3104/272 3181/343 3089/265 
f 3089/265 3181/343 3182/344 3090/264 
f 3090/264 3182/344 3183/345 3091/263 
f 3091/263 3183/345 3168/330 3092/262 
f 3184/346 3017/238 3016/239 3096/266 
f 3185/347 3027/244 3026/245 3113/280 
f 3186/348 3037/250 3036/251 3130/294 
f 3187/349 3047/256 3046/257 3147/308 
f 3153/316 3152/317 3156/318 3188/350 
f 3189/350 3190/318 3191/319 3192/351 
f 3193/351 3157/319 3158/320 3194/352 
f 3195/352 3196/320 3197/256 3198/349 
f 3136/302 3135/303 3159/321 3199/353 
f 3200/354 3201/322 3202/250 3203/348 
f 3204/355 3161/323 3160/322 3205/354 
f 3206/353 3207/321 3208/323 3209/355 
f 3119/288 3118/289 3162/324 3210/356 
f 3211/356 3212/324 3213/325 3214/357 
f 3215/357 3163/325 3164/326 3216/358 
f 3217/358 3218/326 3219/244 3220/347 
f 3102/274 3101/275 3165/327 3221/359 
f 3222/359 3223/327 3224/328 3225/360 
f 3226/360 3166/328 3167/329 3227/361 
f 3228/361 3229/329 3230/238 3231/346 
f 3232/362 3184/346 3096/266 3095/267 
f 3233/363 3185/347 3113/280 3112/281 
f 3234/364 3186/348 3130/294 3129/295 
f 3235/365 3187/349 3147/308 3146/309 
f 3154/315 3153/316 3188/350 3236/366 
f 3236/366 3188/350 3193/351 3237/367 
f 3237/367 3193/351 3194/352 3238/368 
f 3238/368 3194/352 3187/349 3235/365 
f 3137/301 3136/302 3199/353 3239/369 
f 3240/370 3205/354 3186/348 3234/364 
f 3241/371 3204/355 3205/354 3240/370 
f 3239/369 3199/353 3204/355 3241/371 
f 3120/287 3119/288 3210/356 3242/372 
f 3242/372 3210/356 3215/357 3243/373 
f 3243/373 3215/357 3216/358 3244/374 
f 3244/374 3216/358 3185/347 3233/363 
f 3103/273 3102/274 3221/359 3245/375 
f 3245/375 3221/359 3226/360 3246/376 
f 3246/376 3226/360 3227/361 3247/377 
f 3247/377 3227/361 3184/346 3232/362 
f 3168/330 3232/362 3095/267 3094/268 
f 3169/331 3233/363 3112/281 3111/282 
f 3170/332 3234/364 3129/295 3128/296 
f 3171/333 3235/365 3146/309 3145/310 
f 3155/314 3154/315 3236/366 3172/334 
f 3248/334 3249/366 3250/367 3251/335 
f 3173/335 3237/367 3238/368 3174/336 
f 3252/336 3253/368 3254/365 3255/333 
f 3138/300 3137/301 3239/369 3175/337 
f 3256/338 3257/370 3258/364 3259/332 
f 3177/339 3241/371 3240/370 3176/338 
f 3260/337 3261/369 3262/371 3263/339 
f 3121/286 3120/287 3242/372 3178/340 
f 3264/340 3265/372 3266/373 3267/341 
f 3179/341 3243/373 3244/374 3180/342 
f 3268/342 3269/374 3270/363 3271/331 
f 3104/272 3103/273 3245/375 3181/343 
f 3272/343 3273/375 3274/376 3275/344 
f 3182/344 3246/376 3247/377 3183/345 
f 3276/345 3277/377 3278/362 3279/330 
s off
f 3156/318 3190/318 3189/350 3188/350 
f 3188/350 3189/350 3192/351 3193/351 
f 3193/351 3192/351 3191/319 3157/319 
f 3157/319 3191/319 3190/318 3156/318 
f 3158/320 3196/320 3195/352 3194/352 
f 3194/352 3195/352 3198/349 3187/349 
f 3187/349 3198/349 3197/256 3047/256 
f 3047/256 3197/256 3196/320 3158/320 
f 3186/348 3203/348 3202/250 3037/250 
f 3037/250 3202/250 3201/322 3160/322 
f 3160/322 3201/322 3200/354 3205/354 
f 3205/354 3200/354 3203/348 3186/348 
f 3159/321 3207/321 3206/353 3199/353 
f 3199/353 3206/353 3209/355 3204/355 
f 3204/355 3209/355 3208/323 3161/323 
f 3161/323 3208/323 3207/321 3159/321 
f 3162/324 3212/324 3211/356 3210/356 
f 3210/356 3211/356 3214/357 3215/357 
f 3215/357 3214/357 3213/325 3163/325 
f 3163/325 3213/325 3212/324 3162/324 
f 3164/326 3218/326 3217/358 3216/358 
f 3216/358 3217/358 3220/347 3185/347 
f 3185/347 3220/347 3219/244 3027/244 
f 3027/244 3219/244 3218/326 3164/326 
f 3165/327 3223/327 3222/359 3221/359 
f 3221/359 3222/359 3225/360 3226/360 
f 3226/360 3225/360 3224/328 3166/328 
f 3166/328 3224/328 3223/327 3165/327 
f 3167/329 3229/329 3228/361 3227/361 
f 3227/361 3228/361 3231/346 3184/346 
f 3184/346 3231/346 3230/238 3017/238 
f 3017/238 3230/238 3229/329 3167/329 
f 3172/334 3248/334 3251/335 3173/335 
f 3173/335 3251/335 3250/367 3237/367 
f 3237/367 3250/367 3249/366 3236/366 
f 3236/366 3249/366 3248/334 3172/334 
f 3174/336 3252/336 3255/333 3171/333 
f 3171/333 3255/333 3254/365 3235/365 
f 3235/365 3254/365 3253/368 3238/368 
f 3238/368 3253/368 3252/336 3174/336 
f 3176/338 3256/338 3259/332 3170/332 
f 3170/332 3259/332 3258/364 3234/364 
f 3234/364 3258/364 3257/370 3240/370 
f 3240/370 3257/370 3256/338 3176/338 
f 3175/337 3260/337 3263/339 3177/339 
f 3177/339 3263/339 3262/371 3241/371 
f 3241/371 3262/371 3261/369 3239/369 
f 3239/369 3261/369 3260/337 3175/337 
f 3178/340 3264/340 3267/341 3179/341 
f 3179/341 3267/341 3266/373 3243/373 
f 3243/373 3266/373 3265/372 3242/372 
f 3242/372 3265/372 3264/340 3178/340 
f 3180/342 3268/342 3271/331 3169/331 
f 3169/331 3271/331 3270/363 3233/363 
f 3233/363 3270/363 3269/374 3244/374 
f 3244/374 3269/374 3268/342 3180/342 
f 3181/343 3272/343 3275/344 3182/344 
f 3182/344 3275/344 3274/376 3246/376 
f 3246/376 3274/376 3273/375 3245/375 
f 3245/375 3273/375 3272/343 3181/343 
f 3183/345 3276/345 3279/330 3168/330 
f 3168/330 3279/330 3278/362 3232/362 
f 3232/362 3278/362 3277/377 3247/377 
f 3247/377 3277/377 3276/345 3183/345 
s 1
f 3280/153 3281/154 3282/379 3283/378 
f 3284/173 3285/174 3286/381 3287/380 
f 3288/193 3289/194 3290/383 3291/382 
f 3292/213 3293/214 3294/385 3295/384 
f 3296/152 3280/153 3283/378 3297/386 
f 3298/172 3284/173 3287/380 3299/387 
f 3300/192 3288/193 3291/382 3301/388 
f 3302/212 3292/213 3295/384 3303/389 
f 3304/155 3305/390 3282/379 3281/154 
f 3306/391 3307/378 3308/393 3309/392 
f 3310/394 3297/386 3283/378 3311/395 
f 3305/390 2912/160 2915/161 3282/379 
f 3312/170 3311/395 2915/161 2914/162 
f 3313/171 3310/394 3311/395 3312/170 
f 3314/175 3315/396 3286/381 3285/174 
f 3316/397 3317/380 3318/399 3319/398 
f 3320/400 3299/387 3287/380 3321/401 
f 3315/396 2936/180 2939/181 3286/381 
f 3322/190 3321/401 2939/181 2938/182 
f 3323/191 3320/400 3321/401 3322/190 
f 3324/195 3325/402 3290/383 3289/194 
f 3326/403 3327/382 3328/405 3329/404 
f 3330/406 3301/388 3291/382 3331/407 
f 3325/402 2960/200 2963/201 3290/383 
f 3332/210 3331/407 2963/201 2962/202 
f 3333/211 3330/406 3331/407 3332/210 
f 3334/215 3335/408 3294/385 3293/214 
f 3336/409 3337/384 3338/411 3339/410 
f 3340/412 3303/389 3295/384 3341/413 
f 3335/408 2984/220 2987/221 3294/385 
f 3342/414 3341/413 2987/221 2986/222 
f 3343/415 3340/412 3341/413 3342/414 
s off
f 2907/155 3304/155 3281/154 2906/154 
f 2906/154 3281/154 3280/153 2905/153 
f 2905/153 3280/153 3296/152 2902/152 
f 2902/152 3296/152 3297/386 3344/386 
f 3344/386 3297/386 3310/394 3345/394 
f 3345/394 3310/394 3313/171 2925/171 
f 2925/171 3313/171 3312/170 2926/170 
f 2926/170 3312/170 2914/162 2927/162 
f 2927/162 2914/162 2913/163 2928/163 
f 2928/163 2913/163 2912/160 3346/160 
f 3346/160 2912/160 3305/390 3347/390 
f 3347/390 3305/390 3304/155 2907/155 
f 3348/379 3282/379 2915/161 3349/419 
f 2915/161 3350/161 3351/416 3352/417 
f 2915/161 3352/417 3353/418 3349/419 
f 3350/161 2915/161 3311/395 3354/423 
f 3311/395 3355/395 3356/420 3357/421 
f 3311/395 3357/421 3358/422 3354/423 
f 3355/395 3311/395 3283/378 3359/426 
f 3283/378 3307/378 3306/391 3360/424 
f 3283/378 3360/424 3361/425 3359/426 
f 3307/378 3283/378 3282/379 3308/393 
f 3282/379 3348/379 3362/427 3363/428 
f 3282/379 3363/428 3364/429 3308/393 
f 2931/175 3314/175 3285/174 2930/174 
f 2930/174 3285/174 3284/173 2929/173 
f 2929/173 3284/173 3298/172 2924/172 
f 2924/172 3298/172 3299/387 3365/387 
f 3365/387 3299/387 3320/400 3366/400 
f 3366/400 3320/400 3323/191 2949/191 
f 2949/191 3323/191 3322/190 2950/190 
f 2950/190 3322/190 2938/182 2951/182 
f 2951/182 2938/182 2937/183 2952/183 
f 2952/183 2937/183 2936/180 3367/180 
f 3367/180 2936/180 3315/396 3368/396 
f 3368/396 3315/396 3314/175 2931/175 
f 3369/381 3286/381 2939/181 3370/433 
f 2939/181 3371/181 3372/430 3373/431 
f 2939/181 3373/431 3374/432 3370/433 
f 3371/181 2939/181 3321/401 3375/437 
f 3321/401 3376/401 3377/434 3378/435 
f 3321/401 3378/435 3379/436 3375/437 
f 3376/401 3321/401 3287/380 3380/440 
f 3287/380 3317/380 3316/397 3381/438 
f 3287/380 3381/438 3382/439 3380/440 
f 3317/380 3287/380 3286/381 3318/399 
f 3286/381 3369/381 3383/441 3384/442 
f 3286/381 3384/442 3385/443 3318/399 
f 2955/195 3324/195 3289/194 2954/194 
f 2954/194 3289/194 3288/193 2953/193 
f 2953/193 3288/193 3300/192 2948/192 
f 2948/192 3300/192 3301/388 3386/388 
f 3386/388 3301/388 3330/406 3387/406 
f 3387/406 3330/406 3333/211 2973/211 
f 2973/211 3333/211 3332/210 2974/210 
f 2974/210 3332/210 2962/202 2975/202 
f 2975/202 2962/202 2961/203 2976/203 
f 2976/203 2961/203 2960/200 3388/200 
f 3388/200 2960/200 3325/402 3389/402 
f 3389/402 3325/402 3324/195 2955/195 
f 3390/383 3290/383 2963/201 3391/447 
f 2963/201 3392/201 3393/444 3394/445 
f 2963/201 3394/445 3395/446 3391/447 
f 3392/201 2963/201 3331/407 3396/451 
f 3331/407 3397/407 3398/448 3399/449 
f 3331/407 3399/449 3400/450 3396/451 
f 3397/407 3331/407 3291/382 3401/454 
f 3291/382 3327/382 3326/403 3402/452 
f 3291/382 3402/452 3403/453 3401/454 
f 3327/382 3291/382 3290/383 3328/405 
f 3290/383 3390/383 3404/455 3405/456 
f 3290/383 3405/456 3406/457 3328/405 
f 2979/215 3334/215 3293/214 2978/214 
f 2978/214 3293/214 3292/213 2977/213 
f 2977/213 3292/213 3302/212 2972/212 
f 2972/212 3302/212 3303/389 3407/389 
f 3407/389 3303/389 3340/412 3408/412 
f 3408/412 3340/412 3343/415 3409/415 
f 3409/415 3343/415 3342/414 3410/414 
f 3410/414 3342/414 2986/222 3411/222 
f 3411/222 2986/222 2985/223 3412/223 
f 3412/223 2985/223 2984/220 3413/220 
f 3413/220 2984/220 3335/408 3414/408 
f 3414/408 3335/408 3334/215 2979/215 
f 3415/385 3294/385 2987/221 3416/461 
f 2987/221 3417/221 3418/458 3419/459 
f 2987/221 3419/459 3420/460 3416/461 
f 3417/221 2987/221 3341/413 3421/465 
f 3341/413 3422/413 3423/462 3424/463 
f 3341/413 3424/463 3425/464 3421/465 
f 3422/413 3341/413 3295/384 3426/468 
f 3295/384 3337/384 3336/409 3427/466 
f 3295/384 3427/466 3428/467 3426/468 
f 3337/384 3295/384 3294/385 3338/411 
f 3294/385 3415/385 3429/469 3430/470 
f 3294/385 3430/470 3431/471 3338/411 
s 1
f 3422/413 3426/468 3432/472 3423/462 
f 3426/468 3428/467 3433/473 3432/472 
f 3428/467 3427/466 3434/474 3433/473 
f 3427/466 3336/409 3339/410 3434/474 
f 3397/407 3401/454 3435/475 3398/448 
f 3401/454 3403/453 3436/476 3435/475 
f 3403/453 3402/452 3437/477 3436/476 
f 3402/452 3326/403 3329/404 3437/477 
f 3376/401 3380/440 3438/478 3377/434 
f 3380/440 3382/439 3439/479 3438/478 
f 3382/439 3381/438 3440/480 3439/479 
f 3381/438 3316/397 3319/398 3440/480 
f 3355/395 3359/426 3441/481 3356/420 
f 3359/426 3361/425 3442/482 3441/481 
f 3361/425 3360/424 3443/483 3442/482 
f 3360/424 3306/391 3309/392 3443/483 
f 3444/484 3445/485 3364/429 3363/428 
f 3446/486 3447/487 3385/443 3384/442 
f 3448/488 3449/489 3406/457 3405/456 
f 3450/490 3451/491 3431/471 3430/470 
f 3425/464 3424/463 3452/493 3453/492 
f 3453/492 3452/493 3454/495 3455/494 
f 3455/494 3454/495 3456/497 3457/496 
f 3457/496 3456/497 3451/491 3450/490 
f 3400/450 3399/449 3458/499 3459/498 
f 3459/498 3458/499 3460/501 3461/500 
f 3461/500 3460/501 3462/503 3463/502 
f 3463/502 3462/503 3449/489 3448/488 
f 3379/436 3378/435 3464/505 3465/504 
f 3465/504 3464/505 3466/507 3467/506 
f 3467/506 3466/507 3468/509 3469/508 
f 3469/508 3468/509 3447/487 3446/486 
f 3358/422 3357/421 3470/511 3471/510 
f 3471/510 3470/511 3472/513 3473/512 
f 3473/512 3472/513 3474/515 3475/514 
f 3475/514 3474/515 3445/485 3444/484 
f 3476/516 3444/484 3363/428 3362/427 
f 3477/517 3446/486 3384/442 3383/441 
f 3478/518 3448/488 3405/456 3404/455 
f 3479/519 3450/490 3430/470 3429/469 
f 3421/465 3425/464 3453/492 3480/520 
f 3481/520 3482/492 3483/494 3484/521 
f 3485/521 3455/494 3457/496 3486/522 
f 3487/522 3488/496 3489/490 3490/519 
f 3396/451 3400/450 3459/498 3491/523 
f 3492/523 3493/498 3494/500 3495/524 
f 3496/524 3461/500 3463/502 3497/525 
f 3498/525 3499/502 3500/488 3501/518 
f 3375/437 3379/436 3465/504 3502/526 
f 3503/526 3504/504 3505/506 3506/527 
f 3507/527 3467/506 3469/508 3508/528 
f 3509/528 3510/508 3511/486 3512/517 
f 3354/423 3358/422 3471/510 3513/529 
f 3514/529 3515/510 3516/512 3517/530 
f 3518/530 3473/512 3475/514 3519/531 
f 3520/531 3521/514 3522/484 3523/516 
f 3349/419 3476/516 3362/427 3348/379 
f 3370/433 3477/517 3383/441 3369/381 
f 3391/447 3478/518 3404/455 3390/383 
f 3416/461 3479/519 3429/469 3415/385 
f 3417/221 3421/465 3480/520 3418/458 
f 3418/458 3480/520 3485/521 3419/459 
f 3419/459 3485/521 3486/522 3420/460 
f 3420/460 3486/522 3479/519 3416/461 
f 3392/201 3396/451 3491/523 3393/444 
f 3393/444 3491/523 3496/524 3394/445 
f 3394/445 3496/524 3497/525 3395/446 
f 3395/446 3497/525 3478/518 3391/447 
f 3371/181 3375/437 3502/526 3372/430 
f 3372/430 3502/526 3507/527 3373/431 
f 3373/431 3507/527 3508/528 3374/432 
f 3374/432 3508/528 3477/517 3370/433 
f 3350/161 3354/423 3513/529 3351/416 
f 3351/416 3513/529 3518/530 3352/417 
f 3352/417 3518/530 3519/531 3353/418 
f 3353/418 3519/531 3476/516 3349/419 
f 3445/485 3309/392 3308/393 3364/429 
f 3447/487 3319/398 3318/399 3385/443 
f 3449/489 3329/404 3328/405 3406/457 
f 3451/491 3339/410 3338/411 3431/471 
f 3424/463 3423/462 3432/472 3452/493 
f 3524/493 3525/472 3526/473 3527/495 
f 3454/495 3433/473 3434/474 3456/497 
f 3528/497 3529/474 3530/410 3531/491 
f 3399/449 3398/448 3435/475 3458/499 
f 3532/499 3533/475 3534/476 3535/501 
f 3460/501 3436/476 3437/477 3462/503 
f 3536/503 3537/477 3538/404 3539/489 
f 3378/435 3377/434 3438/478 3464/505 
f 3540/505 3541/478 3542/479 3543/507 
f 3466/507 3439/479 3440/480 3468/509 
f 3544/509 3545/480 3546/398 3547/487 
f 3357/421 3356/420 3441/481 3470/511 
f 3548/511 3549/481 3550/482 3551/513 
f 3472/513 3442/482 3443/483 3474/515 
f 3552/515 3553/483 3554/392 3555/485 
s off
f 3453/492 3482/492 3481/520 3480/520 
f 3480/520 3481/520 3484/521 3485/521 
f 3485/521 3484/521 3483/494 3455/494 
f 3455/494 3483/494 3482/492 3453/492 
f 3457/496 3488/496 3487/522 3486/522 
f 3486/522 3487/522 3490/519 3479/519 
f 3479/519 3490/519 3489/490 3450/490 
f 3450/490 3489/490 3488/496 3457/496 
f 3459/498 3493/498 3492/523 3491/523 
f 3491/523 3492/523 3495/524 3496/524 
f 3496/524 3495/524 3494/500 3461/500 
f 3461/500 3494/500 3493/498 3459/498 
f 3463/502 3499/502 3498/525 3497/525 
f 3497/525 3498/525 3501/518 3478/518 
f 3478/518 3501/518 3500/488 3448/488 
f 3448/488 3500/488 3499/502 3463/502 
f 3465/504 3504/504 3503/526 3502/526 
f 3502/526 3503/526 3506/527 3507/527 
f 3507/527 3506/527 3505/506 3467/506 
f 3467/506 3505/506 3504/504 3465/504 
f 3469/508 3510/508 3509/528 3508/528 
f 3508/528 3509/528 3512/517 3477/517 
f 3477/517 3512/517 3511/486 3446/486 
f 3446/486 3511/486 3510/508 3469/508 
f 3471/510 3515/510 3514/529 3513/529 
f 3513/529 3514/529 3517/530 3518/530 
f 3518/530 3517/530 3516/512 3473/512 
f 3473/512 3516/512 3515/510 3471/510 
f 3475/514 3521/514 3520/531 3519/531 
f 3519/531 3520/531 3523/516 3476/516 
f 3476/516 3523/516 3522/484 3444/484 
f 3444/484 3522/484 3521/514 3475/514 
f 3452/493 3524/493 3527/495 3454/495 
f 3454/495 3527/495 3526/473 3433/473 
f 3433/473 3526/473 3525/472 3432/472 
f 3432/472 3525/472 3524/493 3452/493 
f 3456/497 3528/497 3531/491 3451/491 
f 3451/491 3531/491 3530/410 3339/410 
f 3339/410 3530/410 3529/474 3434/474 
f 3434/474 3529/474 3528/497 3456/497 
f 3458/499 3532/499 3535/501 3460/501 
f 3460/501 3535/501 3534/476 3436/476 
f 3436/476 3534/476 3533/475 3435/475 
f 3435/475 3533/475 3532/499 3458/499 
f 3462/503 3536/503 3539/489 3449/489 
f 3449/489 3539/489 3538/404 3329/404 
f 3329/404 3538/404 3537/477 3437/477 
f 3437/477 3537/477 3536/503 3462/503 
f 3464/505 3540/505 3543/507 3466/507 
f 3466/507 3543/507 3542/479 3439/479 
f 3439/479 3542/479 3541/478 3438/478 
f 3438/478 3541/478 3540/505 3464/505 
f 3468/509 3544/509 3547/487 3447/487 
f 3447/487 3547/487 3546/398 3319/398 
f 3319/398 3546/398 3545/480 3440/480 
f 3440/480 3545/480 3544/509 3468/509 
f 3470/511 3548/511 3551/513 3472/513 
f 3472/513 3551/513 3550/482 3442/482 
f 3442/482 3550/482 3549/481 3441/481 
f 3441/481 3549/481 3548/511 3470/511 
f 3474/515 3552/515 3555/485 3445/485 
f 3445/485 3555/485 3554/392 3309/392 
f 3309/392 3554/392 3553/483 3443/483 
f 3443/483 3553/483 3552/515 3474/515 
s 1
f 3556/532 3557/535 3558/534 3559/533 
f 3557/535 3560/537 3561/536 3558/534 
f 3560/537 3562/539 3563/538 3561/536 
f 3562/539 3564/541 3565/540 3563/538 
f 3566/542 3567/75 3568/74 3569/543 
f 3570/543 3571/74 3572/73 3573/553 
f 3570/543 3573/553 3574/552 3575/551 
f 3570/543 3575/551 3576/550 3577/549 
f 3570/543 3577/549 3578/548 3579/547 
f 3570/543 3579/547 3580/546 3581/545 
f 3570/543 3581/545 3582/544 
f 3564/541 3583/544 3584/545 3565/540 
f 3585/554 3559/533 3558/534 3586/555 
f 3586/555 3558/534 3561/536 3587/556 
f 3587/556 3561/536 3563/538 3588/557 
f 3588/557 3563/538 3565/540 3589/558 
f 3589/558 3565/540 3584/545 3590/546 
f 3591/559 3585/554 3586/555 3592/560 
f 3592/560 3586/555 3587/556 3593/561 
f 3594/561 3595/556 3596/563 3597/562 
f 3598/564 3599/557 3600/566 3601/565 
f 3590/546 3602/547 3603/567 3604/568 
f 3589/558 3590/546 3604/568 
f 3605/569 3591/559 3592/560 3606/570 
f 3606/570 3592/560 3593/561 3607/571 
f 3607/571 3593/561 3608/573 3609/572 
f 3609/572 3608/573 3604/568 3610/574 
f 3611/574 3612/568 3613/567 3614/575 
f 3615/576 3605/569 3606/570 3616/577 
f 3616/577 3606/570 3607/571 3617/578 
f 3618/578 3619/571 3620/580 3621/579 
f 3622/581 3623/572 3624/583 3625/582 
f 3626/575 3627/548 3628/549 3629/584 
f 3626/575 3629/584 3630/585 3610/574 
f 3631/586 3615/576 3616/577 3632/587 
f 3632/587 3616/577 3617/578 3633/588 
f 3633/588 3617/578 3634/590 3635/589 
f 3635/589 3634/590 3630/585 3636/591 
f 3637/591 3638/585 3639/584 3640/592 
f 3641/593 3631/586 3632/587 3642/594 
f 3642/594 3632/587 3633/588 3643/595 
f 3644/595 3645/588 3646/597 3647/596 
f 3648/598 3649/589 3650/600 3651/599 
f 3652/592 3653/550 3654/551 3655/601 
f 3652/592 3655/601 3656/602 3636/591 
f 3657/603 3641/593 3642/594 3658/604 
f 3658/604 3642/594 3643/595 3659/605 
f 3659/605 3643/595 3660/607 3661/606 
f 3661/606 3660/607 3656/602 3662/608 
f 3663/608 3664/602 3665/601 3666/609 
f 3667/610 3657/603 3658/604 3668/611 
f 3668/611 3658/604 3659/605 3669/612 
f 3670/612 3671/605 3672/614 3673/613 
f 3674/615 3675/606 3676/617 3677/616 
f 3678/552 3679/553 3680/618 3681/609 
f 3662/608 3681/609 3680/618 
f 3682/4 3667/610 3668/611 3683/619 
f 3669/612 3684/621 3685/620 3686/3 
f 3669/612 3686/3 3683/619 3668/611 
f 3687/624 3688/623 3689/622 3684/621 
f 3669/612 3687/624 3684/621 
f 3680/618 3690/71 3691/72 3688/623 
f 3687/624 3680/618 3688/623 
f 3690/71 3680/618 3679/553 3692/73 
s off
f 3588/557 3599/557 3598/564 3693/627 
f 3588/557 3693/627 3694/626 3695/625 
f 3588/557 3695/625 3696/573 3608/573 
f 3608/573 3696/573 3697/631 3698/630 
f 3608/573 3698/630 3699/629 3700/628 
f 3608/573 3700/628 3701/568 3604/568 
f 3604/568 3701/568 3702/635 3703/634 
f 3604/568 3703/634 3704/633 3705/632 
f 3604/568 3705/632 3706/558 3589/558 
f 3589/558 3706/558 3707/638 3708/637 
f 3589/558 3708/637 3709/636 3600/566 
f 3589/558 3600/566 3599/557 3588/557 
f 3609/572 3623/572 3622/581 3710/641 
f 3609/572 3710/641 3711/640 3712/639 
f 3609/572 3712/639 3713/590 3634/590 
f 3634/590 3713/590 3714/645 3715/644 
f 3634/590 3715/644 3716/643 3717/642 
f 3634/590 3717/642 3718/585 3630/585 
f 3630/585 3718/585 3719/649 3720/648 
f 3630/585 3720/648 3721/647 3722/646 
f 3630/585 3722/646 3723/574 3610/574 
f 3610/574 3723/574 3724/652 3725/651 
f 3610/574 3725/651 3726/650 3624/583 
f 3610/574 3624/583 3623/572 3609/572 
f 3635/589 3649/589 3648/598 3727/655 
f 3635/589 3727/655 3728/654 3729/653 
f 3635/589 3729/653 3730/607 3660/607 
f 3660/607 3730/607 3731/659 3732/658 
f 3660/607 3732/658 3733/657 3734/656 
f 3660/607 3734/656 3735/602 3656/602 
f 3656/602 3735/602 3736/663 3737/662 
f 3656/602 3737/662 3738/661 3739/660 
f 3656/602 3739/660 3740/591 3636/591 
f 3636/591 3740/591 3741/666 3742/665 
f 3636/591 3742/665 3743/664 3650/600 
f 3636/591 3650/600 3649/589 3635/589 
f 3661/606 3675/606 3674/615 3744/669 
f 3661/606 3744/669 3745/668 3746/667 
f 3661/606 3746/667 3747/624 3687/624 
f 3687/624 3747/624 3748/673 3749/672 
f 3687/624 3749/672 3750/671 3751/670 
f 3687/624 3751/670 3752/618 3680/618 
f 3680/618 3752/618 3753/677 3754/676 
f 3680/618 3754/676 3755/675 3756/674 
f 3680/618 3756/674 3757/608 3662/608 
f 3662/608 3757/608 3758/680 3759/679 
f 3662/608 3759/679 3760/678 3676/617 
f 3662/608 3676/617 3675/606 3661/606 
f 3587/556 3595/556 3594/561 3593/561 
f 3593/561 3594/561 3597/562 3761/573 
f 3593/561 3761/573 3608/573 
f 3608/573 3761/573 3762/557 3588/557 
f 3588/557 3762/557 3596/563 3595/556 
f 3588/557 3595/556 3587/556 
f 3607/571 3619/571 3618/578 3617/578 
f 3617/578 3618/578 3621/579 3763/590 
f 3617/578 3763/590 3634/590 
f 3634/590 3763/590 3764/572 3609/572 
f 3609/572 3764/572 3620/580 3619/571 
f 3609/572 3619/571 3607/571 
f 3633/588 3645/588 3644/595 3643/595 
f 3643/595 3644/595 3647/596 3765/607 
f 3643/595 3765/607 3660/607 
f 3660/607 3765/607 3766/589 3635/589 
f 3635/589 3766/589 3646/597 3645/588 
f 3635/589 3645/588 3633/588 
f 3659/605 3671/605 3670/612 3669/612 
f 3669/612 3670/612 3673/613 3767/624 
f 3669/612 3767/624 3687/624 
f 3687/624 3767/624 3768/606 3661/606 
f 3661/606 3768/606 3672/614 3671/605 
f 3661/606 3671/605 3659/605 
s 1
f 3769/573 3770/562 3771/563 3772/557 
f 3773/590 3774/579 3775/580 3776/572 
f 3777/607 3778/596 3779/597 3780/589 
f 3781/624 3782/613 3783/614 3784/606 
s off
f 3761/573 3769/573 3772/557 3762/557 
f 3762/557 3772/557 3771/563 3596/563 
f 3596/563 3771/563 3770/562 3597/562 
f 3597/562 3770/562 3769/573 3761/573 
f 3763/590 3773/590 3776/572 3764/572 
f 3764/572 3776/572 3775/580 3620/580 
f 3620/580 3775/580 3774/579 3621/579 
f 3621/579 3774/579 3773/590 3763/590 
f 3765/607 3777/607 3780/589 3766/589 
f 3766/589 3780/589 3779/597 3646/597 
f 3646/597 3779/597 3778/596 3647/596 
f 3647/596 3778/596 3777/607 3765/607 
f 3767/624 3781/624 3784/606 3768/606 
f 3768/606 3784/606 3783/614 3672/614 
f 3672/614 3783/614 3782/613 3673/613 
f 3673/613 3782/613 3781/624 3767/624 
s 1
f 3785/548 3614/575 3613/567 3786/547 
f 3787/550 3640/592 3639/584 3788/549 
f 3789/552 3666/609 3665/601 3790/551 
s off
f 3791/7 3792/7 3793/8 3794/8 
f 3794/8 3793/8 3795/542 3796/542 
f 3796/542 3795/542 3570/543 3797/543 
f 3797/543 3570/543 3582/544 3583/544 
f 3583/544 3582/544 3581/545 3584/545 
f 3584/545 3581/545 3580/546 3590/546 
f 3590/546 3580/546 3579/547 3602/547 
f 3602/547 3579/547 3578/548 3627/548 
f 3627/548 3578/548 3577/549 3628/549 
f 3628/549 3577/549 3576/550 3653/550 
f 3653/550 3576/550 3575/551 3654/551 
f 3654/551 3575/551 3574/552 3678/552 
f 3678/552 3574/552 3573/553 3679/553 
f 3679/553 3573/553 3572/73 3692/73 
f 3570/543 3569/543 3568/74 3571/74 
f 3792/7 3798/7 3799/8 3793/8 
f 3793/8 3799/8 3566/542 3795/542 
f 3795/542 3566/542 3569/543 3570/543 
f 3566/542 3800/542 3801/75 3567/75 
f 3798/7 3802/7 3803/8 3799/8 
f 3799/8 3803/8 3804/5 3800/542 
f 3799/8 3800/542 3566/542 
f 3604/568 3612/568 3611/574 3610/574 
f 3610/574 3611/574 3614/575 3626/575 
f 3626/575 3614/575 3785/548 3627/548 
f 3627/548 3785/548 3786/547 3602/547 
f 3602/547 3786/547 3613/567 3603/567 
f 3603/567 3613/567 3612/568 3604/568 
f 3630/585 3638/585 3637/591 3636/591 
f 3636/591 3637/591 3640/592 3652/592 
f 3652/592 3640/592 3787/550 3653/550 
f 3653/550 3787/550 3788/549 3628/549 
f 3628/549 3788/549 3639/584 3629/584 
f 3629/584 3639/584 3638/585 3630/585 
f 3656/602 3664/602 3663/608 3662/608 
f 3662/608 3663/608 3666/609 3681/609 
f 3681/609 3666/609 3789/552 3678/552 
f 3678/552 3789/552 3790/551 3654/551 
f 3654/551 3790/551 3665/601 3655/601 
f 3655/601 3665/601 3664/602 3656/602 
s 1
f 3701/568 3700/628 3805/681 3702/635 
f 3718/585 3717/642 3806/682 3719/649 
f 3735/602 3734/656 3807/683 3736/663 
f 3752/618 3751/670 3808/684 3753/677 
f 3698/630 3697/631 3809/686 3810/685 
f 3715/644 3714/645 3811/688 3812/687 
f 3732/658 3731/659 3813/690 3814/689 
f 3749/672 3748/673 3815/692 3816/691 
f 3699/629 3698/630 3810/685 3817/693 
f 3716/643 3715/644 3812/687 3818/694 
f 3733/657 3732/658 3814/689 3819/695 
f 3750/671 3749/672 3816/691 3820/696 
f 3700/628 3699/629 3817/693 3805/681 
f 3717/642 3716/643 3818/694 3806/682 
f 3734/656 3733/657 3819/695 3807/683 
f 3751/670 3750/671 3820/696 3808/684 
f 3693/627 3598/564 3601/565 3821/697 
f 3706/558 3705/632 3822/698 3707/638 
f 3709/636 3823/699 3601/565 3600/566 
f 3708/637 3824/700 3823/699 3709/636 
f 3707/638 3822/698 3824/700 3708/637 
f 3705/632 3704/633 3825/701 3822/698 
f 3826/699 3827/702 3828/697 3829/565 
f 3824/700 3830/703 3831/702 3823/699 
f 3832/698 3833/701 3834/703 3835/700 
f 3694/626 3693/627 3821/697 3836/704 
f 3704/633 3703/634 3837/705 3825/701 
f 3831/702 3838/706 3836/704 3821/697 
f 3830/703 3839/707 3838/706 3831/702 
f 3825/701 3837/705 3839/707 3830/703 
f 3695/625 3694/626 3836/704 3809/686 
f 3703/634 3702/635 3805/681 3837/705 
f 3840/706 3841/685 3842/686 3843/704 
f 3839/707 3817/693 3810/685 3838/706 
f 3844/705 3845/681 3846/693 3847/707 
f 3696/573 3695/625 3809/686 3697/631 
f 3710/641 3622/581 3625/582 3848/708 
f 3723/574 3722/646 3849/709 3724/652 
f 3726/650 3850/710 3625/582 3624/583 
f 3725/651 3851/711 3850/710 3726/650 
f 3724/652 3849/709 3851/711 3725/651 
f 3722/646 3721/647 3852/712 3849/709 
f 3853/710 3854/713 3855/708 3856/582 
f 3851/711 3857/714 3858/713 3850/710 
f 3859/709 3860/712 3861/714 3862/711 
f 3711/640 3710/641 3848/708 3863/715 
f 3721/647 3720/648 3864/716 3852/712 
f 3858/713 3865/717 3863/715 3848/708 
f 3857/714 3866/718 3865/717 3858/713 
f 3852/712 3864/716 3866/718 3857/714 
f 3712/639 3711/640 3863/715 3811/688 
f 3720/648 3719/649 3806/682 3864/716 
f 3867/717 3868/687 3869/688 3870/715 
f 3866/718 3818/694 3812/687 3865/717 
f 3871/716 3872/682 3873/694 3874/718 
f 3713/590 3712/639 3811/688 3714/645 
f 3727/655 3648/598 3651/599 3875/719 
f 3740/591 3739/660 3876/720 3741/666 
f 3743/664 3877/721 3651/599 3650/600 
f 3742/665 3878/722 3877/721 3743/664 
f 3741/666 3876/720 3878/722 3742/665 
f 3739/660 3738/661 3879/723 3876/720 
f 3880/721 3881/724 3882/719 3883/599 
f 3878/722 3884/725 3885/724 3877/721 
f 3886/720 3887/723 3888/725 3889/722 
f 3728/654 3727/655 3875/719 3890/726 
f 3738/661 3737/662 3891/727 3879/723 
f 3885/724 3892/728 3890/726 3875/719 
f 3884/725 3893/729 3892/728 3885/724 
f 3879/723 3891/727 3893/729 3884/725 
f 3729/653 3728/654 3890/726 3813/690 
f 3737/662 3736/663 3807/683 3891/727 
f 3894/728 3895/689 3896/690 3897/726 
f 3893/729 3819/695 3814/689 3892/728 
f 3898/727 3899/683 3900/695 3901/729 
f 3730/607 3729/653 3813/690 3731/659 
f 3744/669 3674/615 3677/616 3902/730 
f 3757/608 3756/674 3903/731 3758/680 
f 3760/678 3904/732 3677/616 3676/617 
f 3759/679 3905/733 3904/732 3760/678 
f 3758/680 3903/731 3905/733 3759/679 
f 3756/674 3755/675 3906/734 3903/731 
f 3907/732 3908/735 3909/730 3910/616 
f 3905/733 3911/736 3912/735 3904/732 
f 3913/731 3914/734 3915/736 3916/733 
f 3745/668 3744/669 3902/730 3917/737 
f 3755/675 3754/676 3918/738 3906/734 
f 3912/735 3919/739 3917/737 3902/730 
f 3911/736 3920/740 3919/739 3912/735 
f 3906/734 3918/738 3920/740 3911/736 
f 3746/667 3745/668 3917/737 3815/692 
f 3754/676 3753/677 3808/684 3918/738 
f 3921/739 3922/691 3923/692 3924/737 
f 3920/740 3820/696 3816/691 3919/739 
f 3925/738 3926/684 3927/696 3928/740 
f 3747/624 3746/667 3815/692 3748/673 
s off
f 3823/699 3826/699 3829/565 3601/565 
f 3601/565 3829/565 3828/697 3821/697 
f 3821/697 3828/697 3827/702 3831/702 
f 3831/702 3827/702 3826/699 3823/699 
f 3822/698 3832/698 3835/700 3824/700 
f 3824/700 3835/700 3834/703 3830/703 
f 3830/703 3834/703 3833/701 3825/701 
f 3825/701 3833/701 3832/698 3822/698 
f 3838/706 3840/706 3843/704 3836/704 
f 3836/704 3843/704 3842/686 3809/686 
f 3809/686 3842/686 3841/685 3810/685 
f 3810/685 3841/685 3840/706 3838/706 
f 3837/705 3844/705 3847/707 3839/707 
f 3839/707 3847/707 3846/693 3817/693 
f 3817/693 3846/693 3845/681 3805/681 
f 3805/681 3845/681 3844/705 3837/705 
f 3850/710 3853/710 3856/582 3625/582 
f 3625/582 3856/582 3855/708 3848/708 
f 3848/708 3855/708 3854/713 3858/713 
f 3858/713 3854/713 3853/710 3850/710 
f 3849/709 3859/709 3862/711 3851/711 
f 3851/711 3862/711 3861/714 3857/714 
f 3857/714 3861/714 3860/712 3852/712 
f 3852/712 3860/712 3859/709 3849/709 
f 3865/717 3867/717 3870/715 3863/715 
f 3863/715 3870/715 3869/688 3811/688 
f 3811/688 3869/688 3868/687 3812/687 
f 3812/687 3868/687 3867/717 3865/717 
f 3864/716 3871/716 3874/718 3866/718 
f 3866/718 3874/718 3873/694 3818/694 
f 3818/694 3873/694 3872/682 3806/682 
f 3806/682 3872/682 3871/716 3864/716 
f 3877/721 3880/721 3883/599 3651/599 
f 3651/599 3883/599 3882/719 3875/719 
f 3875/719 3882/719 3881/724 3885/724 
f 3885/724 3881/724 3880/721 3877/721 
f 3876/720 3886/720 3889/722 3878/722 
f 3878/722 3889/722 3888/725 3884/725 
f 3884/725 3888/725 3887/723 3879/723 
f 3879/723 3887/723 3886/720 3876/720 
f 3892/728 3894/728 3897/726 3890/726 
f 3890/726 3897/726 3896/690 3813/690 
f 3813/690 3896/690 3895/689 3814/689 
f 3814/689 3895/689 3894/728 3892/728 
f 3891/727 3898/727 3901/729 3893/729 
f 3893/729 3901/729 3900/695 3819/695 
f 3819/695 3900/695 3899/683 3807/683 
f 3807/683 3899/683 3898/727 3891/727 
f 3904/732 3907/732 3910/616 3677/616 
f 3677/616 3910/616 3909/730 3902/730 
f 3902/730 3909/730 3908/735 3912/735 
f 3912/735 3908/735 3907/732 3904/732 
f 3903/731 3913/731 3916/733 3905/733 
f 3905/733 3916/733 3915/736 3911/736 
f 3911/736 3915/736 3914/734 3906/734 
f 3906/734 3914/734 3913/731 3903/731 
f 3919/739 3921/739 3924/737 3917/737 
f 3917/737 3924/737 3923/692 3815/692 
f 3815/692 3923/692 3922/691 3816/691 
f 3816/691 3922/691 3921/739 3919/739 
f 3918/738 3925/738 3928/740 3920/740 
f 3920/740 3928/740 3927/696 3820/696 
f 3820/696 3927/696 3926/684 3808/684 
f 3808/684 3926/684 3925/738 3918/738 
s 1
f 3800/542 3804/5 3929/6 3801/75 
s off
f 3802/7 2890/7 2889/8 3803/8 
f 3803/8 2889/8 2888/5 3804/5 
f 3804/5 2888/5 2891/6 3929/6 
s 1
f 3930/741 3931/742 3932/12 3409/415 
f 3932/12 2903/70 2902/152 3344/386 
f 3932/12 3344/386 3345/394 2925/171 
f 3932/12 2925/171 2924/172 3365/387 
f 3932/12 3365/387 3366/400 2949/191 
f 3932/12 2949/191 2948/192 3386/388 
f 3932/12 3386/388 3387/406 2973/211 
f 3932/12 2973/211 2972/212 3407/389 
f 3932/12 3407/389 3408/412 3409/415 
f 3933/743 3934/745 3081/219 3082/216 
f 3933/743 3082/216 3083/254 2971/209 
f 3933/743 2971/209 2968/199 3070/196 
f 3933/743 3070/196 3071/248 2947/189 
f 3933/743 2947/189 2944/179 3062/176 
f 3933/743 3062/176 3063/242 2923/169 
f 3933/743 2923/169 2920/159 3054/156 
f 3933/743 3054/156 3055/236 2901/151 
f 2901/151 2898/148 3935/744 3936/32 
f 3933/743 2901/151 3936/32 3937/31 
f 3934/745 3938/746 3078/261 3079/260 
f 3934/745 3079/260 3080/218 3081/219 
f 3938/746 3939/747 3412/223 3413/220 
f 3938/746 3413/220 3414/408 2979/215 
f 3938/746 2979/215 2976/203 3388/200 
f 3938/746 3388/200 3389/402 2955/195 
f 3938/746 2955/195 2952/183 3367/180 
f 3938/746 3367/180 3368/396 2931/175 
f 3938/746 2931/175 2928/163 3346/160 
f 3938/746 3346/160 3347/390 2907/155 
f 3938/746 2907/155 2904/69 3078/261 
f 2904/69 2893/68 2892/144 3052/232 
f 2904/69 3052/232 3053/240 2917/165 
f 2904/69 2917/165 2916/166 3060/233 
f 2904/69 3060/233 3061/246 2941/185 
f 2904/69 2941/185 2940/186 3068/234 
f 2904/69 3068/234 3069/252 2965/205 
f 2904/69 2965/205 2964/206 3076/235 
f 2904/69 3076/235 3077/258 3078/261 
f 3939/747 3930/741 3409/415 3410/414 
f 3939/747 3410/414 3411/222 3412/223 
f 3940/5 3941/6 3942/7 3943/8 
f 3944/532 3945/533 3946/534 3947/535 
f 3947/535 3946/534 3948/536 3949/537 
f 3949/537 3948/536 3950/538 3951/539 
f 3951/539 3950/538 3952/540 3953/541 
f 3954/542 3955/543 3956/74 3957/75 
f 3958/543 3959/544 3960/545 3961/546 
f 3958/543 3961/546 3962/547 3963/548 
f 3958/543 3963/548 3964/549 3965/550 
f 3958/543 3965/550 3966/551 3967/552 
f 3958/543 3967/552 3968/553 3969/73 
f 3958/543 3969/73 3970/74 
f 3953/541 3952/540 3971/545 3972/544 
f 3973/554 3974/555 3946/534 3945/533 
f 3974/555 3975/556 3948/536 3946/534 
f 3975/556 3976/557 3950/538 3948/536 
f 3976/557 3977/558 3952/540 3950/538 
f 3977/558 3978/546 3971/545 3952/540 
f 3979/559 3980/560 3974/555 3973/554 
f 3980/560 3981/561 3975/556 3974/555 
f 3982/561 3983/562 3984/563 3985/556 
f 3986/564 3987/565 3988/566 3989/557 
f 3990/567 3991/547 3978/546 3992/568 
f 3977/558 3992/568 3978/546 
f 3993/569 3994/570 3980/560 3979/559 
f 3994/570 3995/571 3981/561 3980/560 
f 3995/571 3996/572 3997/573 3981/561 
f 3996/572 3998/574 3992/568 3997/573 
f 3999/574 4000/575 4001/567 4002/568 
f 4003/576 4004/577 3994/570 3993/569 
f 4004/577 4005/578 3995/571 3994/570 
f 4006/578 4007/579 4008/580 4009/571 
f 4010/581 4011/582 4012/583 4013/572 
f 4014/549 4015/548 4016/575 4017/584 
f 4018/585 4017/584 4016/575 3998/574 
f 4019/586 4020/587 4004/577 4003/576 
f 4020/587 4021/588 4005/578 4004/577 
f 4021/588 4022/589 4023/590 4005/578 
f 4022/589 4024/591 4018/585 4023/590 
f 4025/591 4026/592 4027/584 4028/585 
f 4029/593 4030/594 4020/587 4019/586 
f 4030/594 4031/595 4021/588 4020/587 
f 4032/595 4033/596 4034/597 4035/588 
f 4036/598 4037/599 4038/600 4039/589 
f 4040/551 4041/550 4042/592 4043/601 
f 4044/602 4043/601 4042/592 4024/591 
f 4045/603 4046/604 4030/594 4029/593 
f 4046/604 4047/605 4031/595 4030/594 
f 4047/605 4048/606 4049/607 4031/595 
f 4048/606 4050/608 4044/602 4049/607 
f 4051/608 4052/609 4053/601 4054/602 
f 4055/610 4056/611 4046/604 4045/603 
f 4056/611 4057/612 4047/605 4046/604 
f 4058/612 4059/613 4060/614 4061/605 
f 4062/615 4063/616 4064/617 4065/606 
f 4066/618 4067/553 4068/552 4069/609 
f 4050/608 4066/618 4069/609 
f 4070/4 4071/619 4056/611 4055/610 
f 4071/619 4072/621 4057/612 4056/611 
f 4072/621 4073/623 4074/624 4057/612 
f 4073/623 4075/71 4066/618 4074/624 
f 4075/71 4076/73 4067/553 4066/618 
s off
f 3976/557 3997/573 4077/573 4078/625 
f 3976/557 4078/625 4079/626 4080/627 
f 3976/557 4080/627 3986/564 3989/557 
f 3997/573 3992/568 4081/568 4082/628 
f 3997/573 4082/628 4083/629 4084/630 
f 3997/573 4084/630 4085/631 4077/573 
f 3992/568 3977/558 4086/558 4087/632 
f 3992/568 4087/632 4088/633 4089/634 
f 3992/568 4089/634 4090/635 4081/568 
f 3977/558 3976/557 3989/557 3988/566 
f 3977/558 3988/566 4091/636 4092/637 
f 3977/558 4092/637 4093/638 4086/558 
f 3996/572 4023/590 4094/590 4095/639 
f 3996/572 4095/639 4096/640 4097/641 
f 3996/572 4097/641 4010/581 4013/572 
f 4023/590 4018/585 4098/585 4099/642 
f 4023/590 4099/642 4100/643 4101/644 
f 4023/590 4101/644 4102/645 4094/590 
f 4018/585 3998/574 4103/574 4104/646 
f 4018/585 4104/646 4105/647 4106/648 
f 4018/585 4106/648 4107/649 4098/585 
f 3998/574 3996/572 4013/572 4012/583 
f 3998/574 4012/583 4108/650 4109/651 
f 3998/574 4109/651 4110/652 4103/574 
f 4022/589 4049/607 4111/607 4112/653 
f 4022/589 4112/653 4113/654 4114/655 
f 4022/589 4114/655 4036/598 4039/589 
f 4049/607 4044/602 4115/602 4116/656 
f 4049/607 4116/656 4117/657 4118/658 
f 4049/607 4118/658 4119/659 4111/607 
f 4044/602 4024/591 4120/591 4121/660 
f 4044/602 4121/660 4122/661 4123/662 
f 4044/602 4123/662 4124/663 4115/602 
f 4024/591 4022/589 4039/589 4038/600 
f 4024/591 4038/600 4125/664 4126/665 
f 4024/591 4126/665 4127/666 4120/591 
f 4048/606 4074/624 4128/624 4129/667 
f 4048/606 4129/667 4130/668 4131/669 
f 4048/606 4131/669 4062/615 4065/606 
f 4074/624 4066/618 4132/618 4133/670 
f 4074/624 4133/670 4134/671 4135/672 
f 4074/624 4135/672 4136/673 4128/624 
f 4066/618 4050/608 4137/608 4138/674 
f 4066/618 4138/674 4139/675 4140/676 
f 4066/618 4140/676 4141/677 4132/618 
f 4050/608 4048/606 4065/606 4064/617 
f 4050/608 4064/617 4142/678 4143/679 
f 4050/608 4143/679 4144/680 4137/608 
f 3975/556 3981/561 3982/561 3985/556 
f 3981/561 3997/573 4145/573 3983/562 
f 3981/561 3983/562 3982/561 
f 3997/573 3976/557 4146/557 4145/573 
f 3976/557 3975/556 3985/556 3984/563 
f 3976/557 3984/563 4146/557 
f 3995/571 4005/578 4006/578 4009/571 
f 4005/578 4023/590 4147/590 4007/579 
f 4005/578 4007/579 4006/578 
f 4023/590 3996/572 4148/572 4147/590 
f 3996/572 3995/571 4009/571 4008/580 
f 3996/572 4008/580 4148/572 
f 4021/588 4031/595 4032/595 4035/588 
f 4031/595 4049/607 4149/607 4033/596 
f 4031/595 4033/596 4032/595 
f 4049/607 4022/589 4150/589 4149/607 
f 4022/589 4021/588 4035/588 4034/597 
f 4022/589 4034/597 4150/589 
f 4047/605 4057/612 4058/612 4061/605 
f 4057/612 4074/624 4151/624 4059/613 
f 4057/612 4059/613 4058/612 
f 4074/624 4048/606 4152/606 4151/624 
f 4048/606 4047/605 4061/605 4060/614 
f 4048/606 4060/614 4152/606 
s 1
f 4153/573 4154/557 4155/563 4156/562 
f 4157/590 4158/572 4159/580 4160/579 
f 4161/607 4162/589 4163/597 4164/596 
f 4165/624 4166/606 4167/614 4168/613 
s off
f 4145/573 4146/557 4154/557 4153/573 
f 4146/557 3984/563 4155/563 4154/557 
f 3984/563 3983/562 4156/562 4155/563 
f 3983/562 4145/573 4153/573 4156/562 
f 4147/590 4148/572 4158/572 4157/590 
f 4148/572 4008/580 4159/580 4158/572 
f 4008/580 4007/579 4160/579 4159/580 
f 4007/579 4147/590 4157/590 4160/579 
f 4149/607 4150/589 4162/589 4161/607 
f 4150/589 4034/597 4163/597 4162/589 
f 4034/597 4033/596 4164/596 4163/597 
f 4033/596 4149/607 4161/607 4164/596 
f 4151/624 4152/606 4166/606 4165/624 
f 4152/606 4060/614 4167/614 4166/606 
f 4060/614 4059/613 4168/613 4167/614 
f 4059/613 4151/624 4165/624 4168/613 
s 1
f 4169/548 4170/547 4001/567 4000/575 
f 4171/550 4172/549 4027/584 4026/592 
f 4173/552 4174/551 4053/601 4052/609 
s off
f 4175/75 3932/7 4176/7 4177/75 
f 3932/7 3931/8 4178/8 4176/7 
f 3931/8 4179/542 4180/542 4178/8 
f 4179/542 4181/543 3958/543 4180/542 
f 4181/543 3972/544 3959/544 3958/543 
f 3972/544 3971/545 3960/545 3959/544 
f 3971/545 3978/546 3961/546 3960/545 
f 3978/546 3991/547 3962/547 3961/546 
f 3991/547 4015/548 3963/548 3962/547 
f 4015/548 4014/549 3964/549 3963/548 
f 4014/549 4041/550 3965/550 3964/549 
f 4041/550 4040/551 3966/551 3965/550 
f 4040/551 4068/552 3967/552 3966/551 
f 4068/552 4067/553 3968/553 3967/552 
f 4067/553 4076/73 3969/73 3968/553 
f 4076/73 4182/74 3970/74 3969/73 
f 4182/74 4175/75 4177/75 3970/74 
f 3958/543 3970/74 3956/74 3955/543 
f 3970/74 4177/75 3957/75 3956/74 
f 4177/75 4176/7 4183/7 3957/75 
f 4176/7 4178/8 4184/8 4183/7 
f 4178/8 4180/542 3954/542 4184/8 
f 4180/542 3958/543 3955/543 3954/542 
f 3954/542 3957/75 4185/75 4186/542 
f 3957/75 4183/7 4187/7 4188/6 
f 3957/75 4188/6 4185/75 
f 4183/7 4184/8 4189/8 4187/7 
f 4184/8 3954/542 4186/542 4190/5 
f 4184/8 4190/5 4189/8 
f 3992/568 3998/574 3999/574 4002/568 
f 3998/574 4016/575 4000/575 3999/574 
f 4016/575 4015/548 4169/548 4000/575 
f 4015/548 3991/547 4170/547 4169/548 
f 3991/547 3990/567 4001/567 4170/547 
f 3990/567 3992/568 4002/568 4001/567 
f 4018/585 4024/591 4025/591 4028/585 
f 4024/591 4042/592 4026/592 4025/591 
f 4042/592 4041/550 4171/550 4026/592 
f 4041/550 4014/549 4172/549 4171/550 
f 4014/549 4017/584 4027/584 4172/549 
f 4017/584 4018/585 4028/585 4027/584 
f 4044/602 4050/608 4051/608 4054/602 
f 4050/608 4069/609 4052/609 4051/608 
f 4069/609 4068/552 4173/552 4052/609 
f 4068/552 4040/551 4174/551 4173/552 
f 4040/551 4043/601 4053/601 4174/551 
f 4043/601 4044/602 4054/602 4053/601 
s 1
f 4081/568 4090/635 4191/681 4082/628 
f 4098/585 4107/649 4192/682 4099/642 
f 4115/602 4124/663 4193/683 4116/656 
f 4132/618 4141/677 4194/684 4133/670 
f 4084/630 4195/685 4196/686 4085/631 
f 4101/644 4197/687 4198/688 4102/645 
f 4118/658 4199/689 4200/690 4119/659 
f 4135/672 4201/691 4202/692 4136/673 
f 4083/629 4203/693 4195/685 4084/630 
f 4100/643 4204/694 4197/687 4101/644 
f 4117/657 4205/695 4199/689 4118/658 
f 4134/671 4206/696 4201/691 4135/672 
f 4082/628 4191/681 4203/693 4083/629 
f 4099/642 4192/682 4204/694 4100/643 
f 4116/656 4193/683 4205/695 4117/657 
f 4133/670 4194/684 4206/696 4134/671 
f 4080/627 4207/697 3987/565 3986/564 
f 4086/558 4093/638 4208/698 4087/632 
f 4091/636 3988/566 3987/565 4209/699 
f 4092/637 4091/636 4209/699 4210/700 
f 4093/638 4092/637 4210/700 4208/698 
f 4087/632 4208/698 4211/701 4088/633 
f 4212/699 4213/565 4214/697 4215/702 
f 4210/700 4209/699 4216/702 4217/703 
f 4218/698 4219/700 4220/703 4221/701 
f 4079/626 4222/704 4207/697 4080/627 
f 4088/633 4211/701 4223/705 4089/634 
f 4216/702 4207/697 4222/704 4224/706 
f 4217/703 4216/702 4224/706 4225/707 
f 4211/701 4217/703 4225/707 4223/705 
f 4078/625 4196/686 4222/704 4079/626 
f 4089/634 4223/705 4191/681 4090/635 
f 4226/706 4227/704 4228/686 4229/685 
f 4225/707 4224/706 4195/685 4203/693 
f 4230/705 4231/707 4232/693 4233/681 
f 4077/573 4085/631 4196/686 4078/625 
f 4097/641 4234/708 4011/582 4010/581 
f 4103/574 4110/652 4235/709 4104/646 
f 4108/650 4012/583 4011/582 4236/710 
f 4109/651 4108/650 4236/710 4237/711 
f 4110/652 4109/651 4237/711 4235/709 
f 4104/646 4235/709 4238/712 4105/647 
f 4239/710 4240/582 4241/708 4242/713 
f 4237/711 4236/710 4243/713 4244/714 
f 4245/709 4246/711 4247/714 4248/712 
f 4096/640 4249/715 4234/708 4097/641 
f 4105/647 4238/712 4250/716 4106/648 
f 4243/713 4234/708 4249/715 4251/717 
f 4244/714 4243/713 4251/717 4252/718 
f 4238/712 4244/714 4252/718 4250/716 
f 4095/639 4198/688 4249/715 4096/640 
f 4106/648 4250/716 4192/682 4107/649 
f 4253/717 4254/715 4255/688 4256/687 
f 4252/718 4251/717 4197/687 4204/694 
f 4257/716 4258/718 4259/694 4260/682 
f 4094/590 4102/645 4198/688 4095/639 
f 4114/655 4261/719 4037/599 4036/598 
f 4120/591 4127/666 4262/720 4121/660 
f 4125/664 4038/600 4037/599 4263/721 
f 4126/665 4125/664 4263/721 4264/722 
f 4127/666 4126/665 4264/722 4262/720 
f 4121/660 4262/720 4265/723 4122/661 
f 4266/721 4267/599 4268/719 4269/724 
f 4264/722 4263/721 4270/724 4271/725 
f 4272/720 4273/722 4274/725 4275/723 
f 4113/654 4276/726 4261/719 4114/655 
f 4122/661 4265/723 4277/727 4123/662 
f 4270/724 4261/719 4276/726 4278/728 
f 4271/725 4270/724 4278/728 4279/729 
f 4265/723 4271/725 4279/729 4277/727 
f 4112/653 4200/690 4276/726 4113/654 
f 4123/662 4277/727 4193/683 4124/663 
f 4280/728 4281/726 4282/690 4283/689 
f 4279/729 4278/728 4199/689 4205/695 
f 4284/727 4285/729 4286/695 4287/683 
f 4111/607 4119/659 4200/690 4112/653 
f 4131/669 4288/730 4063/616 4062/615 
f 4137/608 4144/680 4289/731 4138/674 
f 4142/678 4064/617 4063/616 4290/732 
f 4143/679 4142/678 4290/732 4291/733 
f 4144/680 4143/679 4291/733 4289/731 
f 4138/674 4289/731 4292/734 4139/675 
f 4293/732 4294/616 4295/730 4296/735 
f 4291/733 4290/732 4297/735 4298/736 
f 4299/731 4300/733 4301/736 4302/734 
f 4130/668 4303/737 4288/730 4131/669 
f 4139/675 4292/734 4304/738 4140/676 
f 4297/735 4288/730 4303/737 4305/739 
f 4298/736 4297/735 4305/739 4306/740 
f 4292/734 4298/736 4306/740 4304/738 
f 4129/667 4202/692 4303/737 4130/668 
f 4140/676 4304/738 4194/684 4141/677 
f 4307/739 4308/737 4309/692 4310/691 
f 4306/740 4305/739 4201/691 4206/696 
f 4311/738 4312/740 4313/696 4314/684 
f 4128/624 4136/673 4202/692 4129/667 
s off
f 4209/699 3987/565 4213/565 4212/699 
f 3987/565 4207/697 4214/697 4213/565 
f 4207/697 4216/702 4215/702 4214/697 
f 4216/702 4209/699 4212/699 4215/702 
f 4208/698 4210/700 4219/700 4218/698 
f 4210/700 4217/703 4220/703 4219/700 
f 4217/703 4211/701 4221/701 4220/703 
f 4211/701 4208/698 4218/698 4221/701 
f 4224/706 4222/704 4227/704 4226/706 
f 4222/704 4196/686 4228/686 4227/704 
f 4196/686 4195/685 4229/685 4228/686 
f 4195/685 4224/706 4226/706 4229/685 
f 4223/705 4225/707 4231/707 4230/705 
f 4225/707 4203/693 4232/693 4231/707 
f 4203/693 4191/681 4233/681 4232/693 
f 4191/681 4223/705 4230/705 4233/681 
f 4236/710 4011/582 4240/582 4239/710 
f 4011/582 4234/708 4241/708 4240/582 
f 4234/708 4243/713 4242/713 4241/708 
f 4243/713 4236/710 4239/710 4242/713 
f 4235/709 4237/711 4246/711 4245/709 
f 4237/711 4244/714 4247/714 4246/711 
f 4244/714 4238/712 4248/712 4247/714 
f 4238/712 4235/709 4245/709 4248/712 
f 4251/717 4249/715 4254/715 4253/717 
f 4249/715 4198/688 4255/688 4254/715 
f 4198/688 4197/687 4256/687 4255/688 
f 4197/687 4251/717 4253/717 4256/687 
f 4250/716 4252/718 4258/718 4257/716 
f 4252/718 4204/694 4259/694 4258/718 
f 4204/694 4192/682 4260/682 4259/694 
f 4192/682 4250/716 4257/716 4260/682 
f 4263/721 4037/599 4267/599 4266/721 
f 4037/599 4261/719 4268/719 4267/599 
f 4261/719 4270/724 4269/724 4268/719 
f 4270/724 4263/721 4266/721 4269/724 
f 4262/720 4264/722 4273/722 4272/720 
f 4264/722 4271/725 4274/725 4273/722 
f 4271/725 4265/723 4275/723 4274/725 
f 4265/723 4262/720 4272/720 4275/723 
f 4278/728 4276/726 4281/726 4280/728 
f 4276/726 4200/690 4282/690 4281/726 
f 4200/690 4199/689 4283/689 4282/690 
f 4199/689 4278/728 4280/728 4283/689 
f 4277/727 4279/729 4285/729 4284/727 
f 4279/729 4205/695 4286/695 4285/729 
f 4205/695 4193/683 4287/683 4286/695 
f 4193/683 4277/727 4284/727 4287/683 
f 4290/732 4063/616 4294/616 4293/732 
f 4063/616 4288/730 4295/730 4294/616 
f 4288/730 4297/735 4296/735 4295/730 
f 4297/735 4290/732 4293/732 4296/735 
f 4289/731 4291/733 4300/733 4299/731 
f 4291/733 4298/736 4301/736 4300/733 
f 4298/736 4292/734 4302/734 4301/736 
f 4292/734 4289/731 4299/731 4302/734 
f 4305/739 4303/737 4308/737 4307/739 
f 4303/737 4202/692 4309/692 4308/737 
f 4202/692 4201/691 4310/691 4309/692 
f 4201/691 4305/739 4307/739 4310/691 
f 4304/738 4306/740 4312/740 4311/738 
f 4306/740 4206/696 4313/696 4312/740 
f 4206/696 4194/684 4314/684 4313/696 
f 4194/684 4304/738 4311/738 4314/684 
s 1
f 4186/542 4185/75 4188/6 4190/5 
s off
f 4187/7 4189/8 3943/8 3942/7 
f 4189/8 4190/5 3940/5 3943/8 
f 4190/5 4188/6 3941/6 3940/5 
f 4188/6 4187/7 3942/7 3941/6 
s 1
f 4315/144 4316/68 4317/148 4318/149 
f 4319/150 4318/149 4317/148 4320/151 
f 4321/152 4322/70 4323/69 4324/153 
f 4325/154 4324/153 4323/69 4326/155 
f 4327/156 4328/159 4329/158 4330/157 
f 4331/160 4332/163 4333/162 4334/161 
f 4335/166 4336/165 4337/164 4338/158 
f 4335/166 4338/158 4339/159 4340/167 
f 4341/168 4340/167 4339/159 4342/169 
f 4343/172 4344/171 4345/170 4346/162 
f 4343/172 4346/162 4347/163 4348/173 
f 4349/174 4348/173 4347/163 4350/175 
f 4351/176 4352/179 4353/178 4354/177 
f 4355/180 4356/183 4357/182 4358/181 
f 4359/186 4360/185 4361/184 4362/178 
f 4359/186 4362/178 4363/179 4364/187 
f 4365/188 4364/187 4363/179 4366/189 
f 4367/192 4368/191 4369/190 4370/182 
f 4367/192 4370/182 4371/183 4372/193 
f 4373/194 4372/193 4371/183 4374/195 
f 4375/196 4376/199 4377/198 4378/197 
f 4379/200 4380/203 4381/202 4382/201 
f 4383/206 4384/205 4385/204 4386/198 
f 4383/206 4386/198 4387/199 4388/207 
f 4389/208 4388/207 4387/199 4390/209 
f 4391/212 4392/211 4393/210 4394/202 
f 4391/212 4394/202 4395/203 4396/213 
f 4397/214 4396/213 4395/203 4398/215 
f 4399/216 4400/219 4401/218 4402/217 
f 4403/220 4404/223 4405/222 4406/221 
f 4407/149 4408/150 4409/225 4410/224 
f 4411/167 4412/168 4413/227 4414/226 
f 4415/187 4416/188 4417/229 4418/228 
f 4419/207 4420/208 4421/231 4422/230 
f 4423/144 4407/149 4410/224 4424/232 
f 4425/166 4411/167 4414/226 4426/233 
f 4427/186 4415/187 4418/228 4428/234 
f 4429/206 4419/207 4422/230 4430/235 
f 4431/151 4432/236 4409/225 4408/150 
f 4433/237 4434/224 4435/239 4436/238 
f 4437/240 4424/232 4410/224 4438/241 
f 4432/236 4327/156 4330/157 4409/225 
f 4439/164 4438/241 4330/157 4329/158 
f 4440/165 4437/240 4438/241 4439/164 
f 4441/169 4442/242 4413/227 4412/168 
f 4443/243 4444/226 4445/245 4446/244 
f 4447/246 4426/233 4414/226 4448/247 
f 4442/242 4351/176 4354/177 4413/227 
f 4449/184 4448/247 4354/177 4353/178 
f 4450/185 4447/246 4448/247 4449/184 
f 4451/189 4452/248 4417/229 4416/188 
f 4453/249 4454/228 4455/251 4456/250 
f 4457/252 4428/234 4418/228 4458/253 
f 4452/248 4375/196 4378/197 4417/229 
f 4459/204 4458/253 4378/197 4377/198 
f 4460/205 4457/252 4458/253 4459/204 
f 4461/209 4462/254 4421/231 4420/208 
f 4463/255 4464/230 4465/257 4466/256 
f 4467/258 4430/235 4422/230 4468/259 
f 4462/254 4399/216 4402/217 4421/231 
f 4469/260 4468/259 4402/217 4401/218 
f 4470/261 4467/258 4468/259 4469/260 
s off
f 4320/151 4431/151 4408/150 4319/150 
f 4319/150 4408/150 4407/149 4318/149 
f 4318/149 4407/149 4423/144 4315/144 
f 4315/144 4423/144 4424/232 4471/232 
f 4471/232 4424/232 4437/240 4472/240 
f 4472/240 4437/240 4440/165 4336/165 
f 4336/165 4440/165 4439/164 4337/164 
f 4337/164 4439/164 4329/158 4338/158 
f 4338/158 4329/158 4328/159 4339/159 
f 4339/159 4328/159 4327/156 4473/156 
f 4473/156 4327/156 4432/236 4474/236 
f 4474/236 4432/236 4431/151 4320/151 
f 4475/225 4409/225 4330/157 4476/157 
f 4476/157 4330/157 4438/241 4477/241 
f 4477/241 4438/241 4410/224 4478/224 
f 4478/224 4410/224 4409/225 4475/225 
f 4342/169 4441/169 4412/168 4341/168 
f 4341/168 4412/168 4411/167 4340/167 
f 4340/167 4411/167 4425/166 4335/166 
f 4335/166 4425/166 4426/233 4479/233 
f 4479/233 4426/233 4447/246 4480/246 
f 4480/246 4447/246 4450/185 4360/185 
f 4360/185 4450/185 4449/184 4361/184 
f 4361/184 4449/184 4353/178 4362/178 
f 4362/178 4353/178 4352/179 4363/179 
f 4363/179 4352/179 4351/176 4481/176 
f 4481/176 4351/176 4442/242 4482/242 
f 4482/242 4442/242 4441/169 4342/169 
f 4483/227 4413/227 4354/177 4484/177 
f 4484/177 4354/177 4448/247 4485/247 
f 4485/247 4448/247 4414/226 4486/226 
f 4486/226 4414/226 4413/227 4483/227 
f 4366/189 4451/189 4416/188 4365/188 
f 4365/188 4416/188 4415/187 4364/187 
f 4364/187 4415/187 4427/186 4359/186 
f 4359/186 4427/186 4428/234 4487/234 
f 4487/234 4428/234 4457/252 4488/252 
f 4488/252 4457/252 4460/205 4384/205 
f 4384/205 4460/205 4459/204 4385/204 
f 4385/204 4459/204 4377/198 4386/198 
f 4386/198 4377/198 4376/199 4387/199 
f 4387/199 4376/199 4375/196 4489/196 
f 4489/196 4375/196 4452/248 4490/248 
f 4490/248 4452/248 4451/189 4366/189 
f 4491/229 4417/229 4378/197 4492/197 
f 4492/197 4378/197 4458/253 4493/253 
f 4493/253 4458/253 4418/228 4494/228 
f 4494/228 4418/228 4417/229 4491/229 
f 4390/209 4461/209 4420/208 4389/208 
f 4389/208 4420/208 4419/207 4388/207 
f 4388/207 4419/207 4429/206 4383/206 
f 4383/206 4429/206 4430/235 4495/235 
f 4495/235 4430/235 4467/258 4496/258 
f 4496/258 4467/258 4470/261 4497/261 
f 4497/261 4470/261 4469/260 4498/260 
f 4498/260 4469/260 4401/218 4499/218 
f 4499/218 4401/218 4400/219 4500/219 
f 4500/219 4400/219 4399/216 4501/216 
f 4501/216 4399/216 4462/254 4502/254 
f 4502/254 4462/254 4461/209 4390/209 
f 4503/231 4421/231 4402/217 4504/217 
f 4504/217 4402/217 4468/259 4505/259 
f 4505/259 4468/259 4422/230 4506/230 
f 4506/230 4422/230 4421/231 4503/231 
f 4476/157 4507/157 4508/265 4509/264 
f 4476/157 4509/264 4510/263 4511/262 
f 4476/157 4511/262 4512/225 4475/225 
f 4475/225 4512/225 4513/268 4514/267 
f 4475/225 4514/267 4515/266 4435/239 
f 4475/225 4435/239 4434/224 4478/224 
f 4478/224 4434/224 4433/237 4516/271 
f 4478/224 4516/271 4517/270 4518/269 
f 4478/224 4518/269 4519/241 4477/241 
f 4477/241 4519/241 4520/275 4521/274 
f 4477/241 4521/274 4522/273 4523/272 
f 4477/241 4523/272 4507/157 4476/157 
f 4484/177 4524/177 4525/279 4526/278 
f 4484/177 4526/278 4527/277 4528/276 
f 4484/177 4528/276 4529/227 4483/227 
f 4483/227 4529/227 4530/282 4531/281 
f 4483/227 4531/281 4532/280 4445/245 
f 4483/227 4445/245 4444/226 4486/226 
f 4486/226 4444/226 4443/243 4533/285 
f 4486/226 4533/285 4534/284 4535/283 
f 4486/226 4535/283 4536/247 4485/247 
f 4485/247 4536/247 4537/289 4538/288 
f 4485/247 4538/288 4539/287 4540/286 
f 4485/247 4540/286 4524/177 4484/177 
f 4492/197 4541/197 4542/293 4543/292 
f 4492/197 4543/292 4544/291 4545/290 
f 4492/197 4545/290 4546/229 4491/229 
f 4491/229 4546/229 4547/296 4548/295 
f 4491/229 4548/295 4549/294 4455/251 
f 4491/229 4455/251 4454/228 4494/228 
f 4494/228 4454/228 4453/249 4550/299 
f 4494/228 4550/299 4551/298 4552/297 
f 4494/228 4552/297 4553/253 4493/253 
f 4493/253 4553/253 4554/303 4555/302 
f 4493/253 4555/302 4556/301 4557/300 
f 4493/253 4557/300 4541/197 4492/197 
f 4504/217 4558/217 4559/307 4560/306 
f 4504/217 4560/306 4561/305 4562/304 
f 4504/217 4562/304 4563/231 4503/231 
f 4503/231 4563/231 4564/310 4565/309 
f 4503/231 4565/309 4566/308 4465/257 
f 4503/231 4465/257 4464/230 4506/230 
f 4506/230 4464/230 4463/255 4567/313 
f 4506/230 4567/313 4568/312 4569/311 
f 4506/230 4569/311 4570/259 4505/259 
f 4505/259 4570/259 4571/317 4572/316 
f 4505/259 4572/316 4573/315 4574/314 
f 4505/259 4574/314 4558/217 4504/217 
s 1
f 4570/259 4569/311 4575/318 4571/317 
f 4569/311 4568/312 4576/319 4575/318 
f 4568/312 4567/313 4577/320 4576/319 
f 4567/313 4463/255 4466/256 4577/320 
f 4553/253 4552/297 4578/321 4554/303 
f 4550/299 4453/249 4456/250 4579/322 
f 4551/298 4550/299 4579/322 4580/323 
f 4552/297 4551/298 4580/323 4578/321 
f 4536/247 4535/283 4581/324 4537/289 
f 4535/283 4534/284 4582/325 4581/324 
f 4534/284 4533/285 4583/326 4582/325 
f 4533/285 4443/243 4446/244 4583/326 
f 4519/241 4518/269 4584/327 4520/275 
f 4518/269 4517/270 4585/328 4584/327 
f 4517/270 4516/271 4586/329 4585/328 
f 4516/271 4433/237 4436/238 4586/329 
f 4511/262 4587/330 4513/268 4512/225 
f 4528/276 4588/331 4530/282 4529/227 
f 4545/290 4589/332 4547/296 4546/229 
f 4562/304 4590/333 4564/310 4563/231 
f 4558/217 4574/314 4591/334 4559/307 
f 4559/307 4591/334 4592/335 4560/306 
f 4560/306 4592/335 4593/336 4561/305 
f 4561/305 4593/336 4590/333 4562/304 
f 4541/197 4557/300 4594/337 4542/293 
f 4544/291 4595/338 4589/332 4545/290 
f 4543/292 4596/339 4595/338 4544/291 
f 4542/293 4594/337 4596/339 4543/292 
f 4524/177 4540/286 4597/340 4525/279 
f 4525/279 4597/340 4598/341 4526/278 
f 4526/278 4598/341 4599/342 4527/277 
f 4527/277 4599/342 4588/331 4528/276 
f 4507/157 4523/272 4600/343 4508/265 
f 4508/265 4600/343 4601/344 4509/264 
f 4509/264 4601/344 4602/345 4510/263 
f 4510/263 4602/345 4587/330 4511/262 
f 4603/346 4436/238 4435/239 4515/266 
f 4604/347 4446/244 4445/245 4532/280 
f 4605/348 4456/250 4455/251 4549/294 
f 4606/349 4466/256 4465/257 4566/308 
f 4572/316 4571/317 4575/318 4607/350 
f 4608/350 4609/318 4610/319 4611/351 
f 4612/351 4576/319 4577/320 4613/352 
f 4614/352 4615/320 4616/256 4617/349 
f 4555/302 4554/303 4578/321 4618/353 
f 4619/354 4620/322 4621/250 4622/348 
f 4623/355 4580/323 4579/322 4624/354 
f 4625/353 4626/321 4627/323 4628/355 
f 4538/288 4537/289 4581/324 4629/356 
f 4630/356 4631/324 4632/325 4633/357 
f 4634/357 4582/325 4583/326 4635/358 
f 4636/358 4637/326 4638/244 4639/347 
f 4521/274 4520/275 4584/327 4640/359 
f 4641/359 4642/327 4643/328 4644/360 
f 4645/360 4585/328 4586/329 4646/361 
f 4647/361 4648/329 4649/238 4650/346 
f 4651/362 4603/346 4515/266 4514/267 
f 4652/363 4604/347 4532/280 4531/281 
f 4653/364 4605/348 4549/294 4548/295 
f 4654/365 4606/349 4566/308 4565/309 
f 4573/315 4572/316 4607/350 4655/366 
f 4655/366 4607/350 4612/351 4656/367 
f 4656/367 4612/351 4613/352 4657/368 
f 4657/368 4613/352 4606/349 4654/365 
f 4556/301 4555/302 4618/353 4658/369 
f 4659/370 4624/354 4605/348 4653/364 
f 4660/371 4623/355 4624/354 4659/370 
f 4658/369 4618/353 4623/355 4660/371 
f 4539/287 4538/288 4629/356 4661/372 
f 4661/372 4629/356 4634/357 4662/373 
f 4662/373 4634/357 4635/358 4663/374 
f 4663/374 4635/358 4604/347 4652/363 
f 4522/273 4521/274 4640/359 4664/375 
f 4664/375 4640/359 4645/360 4665/376 
f 4665/376 4645/360 4646/361 4666/377 
f 4666/377 4646/361 4603/346 4651/362 
f 4587/330 4651/362 4514/267 4513/268 
f 4588/331 4652/363 4531/281 4530/282 
f 4589/332 4653/364 4548/295 4547/296 
f 4590/333 4654/365 4565/309 4564/310 
f 4574/314 4573/315 4655/366 4591/334 
f 4667/334 4668/366 4669/367 4670/335 
f 4592/335 4656/367 4657/368 4593/336 
f 4671/336 4672/368 4673/365 4674/333 
f 4557/300 4556/301 4658/369 4594/337 
f 4675/338 4676/370 4677/364 4678/332 
f 4596/339 4660/371 4659/370 4595/338 
f 4679/337 4680/369 4681/371 4682/339 
f 4540/286 4539/287 4661/372 4597/340 
f 4683/340 4684/372 4685/373 4686/341 
f 4598/341 4662/373 4663/374 4599/342 
f 4687/342 4688/374 4689/363 4690/331 
f 4523/272 4522/273 4664/375 4600/343 
f 4691/343 4692/375 4693/376 4694/344 
f 4601/344 4665/376 4666/377 4602/345 
f 4695/345 4696/377 4697/362 4698/330 
s off
f 4575/318 4609/318 4608/350 4607/350 
f 4607/350 4608/350 4611/351 4612/351 
f 4612/351 4611/351 4610/319 4576/319 
f 4576/319 4610/319 4609/318 4575/318 
f 4577/320 4615/320 4614/352 4613/352 
f 4613/352 4614/352 4617/349 4606/349 
f 4606/349 4617/349 4616/256 4466/256 
f 4466/256 4616/256 4615/320 4577/320 
f 4605/348 4622/348 4621/250 4456/250 
f 4456/250 4621/250 4620/322 4579/322 
f 4579/322 4620/322 4619/354 4624/354 
f 4624/354 4619/354 4622/348 4605/348 
f 4578/321 4626/321 4625/353 4618/353 
f 4618/353 4625/353 4628/355 4623/355 
f 4623/355 4628/355 4627/323 4580/323 
f 4580/323 4627/323 4626/321 4578/321 
f 4581/324 4631/324 4630/356 4629/356 
f 4629/356 4630/356 4633/357 4634/357 
f 4634/357 4633/357 4632/325 4582/325 
f 4582/325 4632/325 4631/324 4581/324 
f 4583/326 4637/326 4636/358 4635/358 
f 4635/358 4636/358 4639/347 4604/347 
f 4604/347 4639/347 4638/244 4446/244 
f 4446/244 4638/244 4637/326 4583/326 
f 4584/327 4642/327 4641/359 4640/359 
f 4640/359 4641/359 4644/360 4645/360 
f 4645/360 4644/360 4643/328 4585/328 
f 4585/328 4643/328 4642/327 4584/327 
f 4586/329 4648/329 4647/361 4646/361 
f 4646/361 4647/361 4650/346 4603/346 
f 4603/346 4650/346 4649/238 4436/238 
f 4436/238 4649/238 4648/329 4586/329 
f 4591/334 4667/334 4670/335 4592/335 
f 4592/335 4670/335 4669/367 4656/367 
f 4656/367 4669/367 4668/366 4655/366 
f 4655/366 4668/366 4667/334 4591/334 
f 4593/336 4671/336 4674/333 4590/333 
f 4590/333 4674/333 4673/365 4654/365 
f 4654/365 4673/365 4672/368 4657/368 
f 4657/368 4672/368 4671/336 4593/336 
f 4595/338 4675/338 4678/332 4589/332 
f 4589/332 4678/332 4677/364 4653/364 
f 4653/364 4677/364 4676/370 4659/370 
f 4659/370 4676/370 4675/338 4595/338 
f 4594/337 4679/337 4682/339 4596/339 
f 4596/339 4682/339 4681/371 4660/371 
f 4660/371 4681/371 4680/369 4658/369 
f 4658/369 4680/369 4679/337 4594/337 
f 4597/340 4683/340 4686/341 4598/341 
f 4598/341 4686/341 4685/373 4662/373 
f 4662/373 4685/373 4684/372 4661/372 
f 4661/372 4684/372 4683/340 4597/340 
f 4599/342 4687/342 4690/331 4588/331 
f 4588/331 4690/331 4689/363 4652/363 
f 4652/363 4689/363 4688/374 4663/374 
f 4663/374 4688/374 4687/342 4599/342 
f 4600/343 4691/343 4694/344 4601/344 
f 4601/344 4694/344 4693/376 4665/376 
f 4665/376 4693/376 4692/375 4664/375 
f 4664/375 4692/375 4691/343 4600/343 
f 4602/345 4695/345 4698/330 4587/330 
f 4587/330 4698/330 4697/362 4651/362 
f 4651/362 4697/362 4696/377 4666/377 
f 4666/377 4696/377 4695/345 4602/345 
s 1
f 4699/153 4700/154 4701/379 4702/378 
f 4703/173 4704/174 4705/381 4706/380 
f 4707/193 4708/194 4709/383 4710/382 
f 4711/213 4712/214 4713/385 4714/384 
f 4715/152 4699/153 4702/378 4716/386 
f 4717/172 4703/173 4706/380 4718/387 
f 4719/192 4707/193 4710/382 4720/388 
f 4721/212 4711/213 4714/384 4722/389 
f 4723/155 4724/390 4701/379 4700/154 
f 4725/391 4726/378 4727/393 4728/392 
f 4729/394 4716/386 4702/378 4730/395 
f 4724/390 4331/160 4334/161 4701/379 
f 4731/170 4730/395 4334/161 4333/162 
f 4732/171 4729/394 4730/395 4731/170 
f 4733/175 4734/396 4705/381 4704/174 
f 4735/397 4736/380 4737/399 4738/398 
f 4739/400 4718/387 4706/380 4740/401 
f 4734/396 4355/180 4358/181 4705/381 
f 4741/190 4740/401 4358/181 4357/182 
f 4742/191 4739/400 4740/401 4741/190 
f 4743/195 4744/402 4709/383 4708/194 
f 4745/403 4746/382 4747/405 4748/404 
f 4749/406 4720/388 4710/382 4750/407 
f 4744/402 4379/200 4382/201 4709/383 
f 4751/210 4750/407 4382/201 4381/202 
f 4752/211 4749/406 4750/407 4751/210 
f 4753/215 4754/408 4713/385 4712/214 
f 4755/409 4756/384 4757/411 4758/410 
f 4759/412 4722/389 4714/384 4760/413 
f 4754/408 4403/220 4406/221 4713/385 
f 4761/414 4760/413 4406/221 4405/222 
f 4762/415 4759/412 4760/413 4761/414 
s off
f 4326/155 4723/155 4700/154 4325/154 
f 4325/154 4700/154 4699/153 4324/153 
f 4324/153 4699/153 4715/152 4321/152 
f 4321/152 4715/152 4716/386 4763/386 
f 4763/386 4716/386 4729/394 4764/394 
f 4764/394 4729/394 4732/171 4344/171 
f 4344/171 4732/171 4731/170 4345/170 
f 4345/170 4731/170 4333/162 4346/162 
f 4346/162 4333/162 4332/163 4347/163 
f 4347/163 4332/163 4331/160 4765/160 
f 4765/160 4331/160 4724/390 4766/390 
f 4766/390 4724/390 4723/155 4326/155 
f 4767/379 4701/379 4334/161 4768/419 
f 4334/161 4769/161 4770/416 4771/417 
f 4334/161 4771/417 4772/418 4768/419 
f 4769/161 4334/161 4730/395 4773/423 
f 4730/395 4774/395 4775/420 4776/421 
f 4730/395 4776/421 4777/422 4773/423 
f 4774/395 4730/395 4702/378 4778/426 
f 4702/378 4726/378 4725/391 4779/424 
f 4702/378 4779/424 4780/425 4778/426 
f 4726/378 4702/378 4701/379 4727/393 
f 4701/379 4767/379 4781/427 4782/428 
f 4701/379 4782/428 4783/429 4727/393 
f 4350/175 4733/175 4704/174 4349/174 
f 4349/174 4704/174 4703/173 4348/173 
f 4348/173 4703/173 4717/172 4343/172 
f 4343/172 4717/172 4718/387 4784/387 
f 4784/387 4718/387 4739/400 4785/400 
f 4785/400 4739/400 4742/191 4368/191 
f 4368/191 4742/191 4741/190 4369/190 
f 4369/190 4741/190 4357/182 4370/182 
f 4370/182 4357/182 4356/183 4371/183 
f 4371/183 4356/183 4355/180 4786/180 
f 4786/180 4355/180 4734/396 4787/396 
f 4787/396 4734/396 4733/175 4350/175 
f 4788/381 4705/381 4358/181 4789/433 
f 4358/181 4790/181 4791/430 4792/431 
f 4358/181 4792/431 4793/432 4789/433 
f 4790/181 4358/181 4740/401 4794/437 
f 4740/401 4795/401 4796/434 4797/435 
f 4740/401 4797/435 4798/436 4794/437 
f 4795/401 4740/401 4706/380 4799/440 
f 4706/380 4736/380 4735/397 4800/438 
f 4706/380 4800/438 4801/439 4799/440 
f 4736/380 4706/380 4705/381 4737/399 
f 4705/381 4788/381 4802/441 4803/442 
f 4705/381 4803/442 4804/443 4737/399 
f 4374/195 4743/195 4708/194 4373/194 
f 4373/194 4708/194 4707/193 4372/193 
f 4372/193 4707/193 4719/192 4367/192 
f 4367/192 4719/192 4720/388 4805/388 
f 4805/388 4720/388 4749/406 4806/406 
f 4806/406 4749/406 4752/211 4392/211 
f 4392/211 4752/211 4751/210 4393/210 
f 4393/210 4751/210 4381/202 4394/202 
f 4394/202 4381/202 4380/203 4395/203 
f 4395/203 4380/203 4379/200 4807/200 
f 4807/200 4379/200 4744/402 4808/402 
f 4808/402 4744/402 4743/195 4374/195 
f 4809/383 4709/383 4382/201 4810/447 
f 4382/201 4811/201 4812/444 4813/445 
f 4382/201 4813/445 4814/446 4810/447 
f 4811/201 4382/201 4750/407 4815/451 
f 4750/407 4816/407 4817/448 4818/449 
f 4750/407 4818/449 4819/450 4815/451 
f 4816/407 4750/407 4710/382 4820/454 
f 4710/382 4746/382 4745/403 4821/452 
f 4710/382 4821/452 4822/453 4820/454 
f 4746/382 4710/382 4709/383 4747/405 
f 4709/383 4809/383 4823/455 4824/456 
f 4709/383 4824/456 4825/457 4747/405 
f 4398/215 4753/215 4712/214 4397/214 
f 4397/214 4712/214 4711/213 4396/213 
f 4396/213 4711/213 4721/212 4391/212 
f 4391/212 4721/212 4722/389 4826/389 
f 4826/389 4722/389 4759/412 4827/412 
f 4827/412 4759/412 4762/415 4828/415 
f 4828/415 4762/415 4761/414 4829/414 
f 4829/414 4761/414 4405/222 4830/222 
f 4830/222 4405/222 4404/223 4831/223 
f 4831/223 4404/223 4403/220 4832/220 
f 4832/220 4403/220 4754/408 4833/408 
f 4833/408 4754/408 4753/215 4398/215 
f 4834/385 4713/385 4406/221 4835/461 
f 4406/221 4836/221 4837/458 4838/459 
f 4406/221 4838/459 4839/460 4835/461 
f 4836/221 4406/221 4760/413 4840/465 
f 4760/413 4841/413 4842/462 4843/463 
f 4760/413 4843/463 4844/464 4840/465 
f 4841/413 4760/413 4714/384 4845/468 
f 4714/384 4756/384 4755/409 4846/466 
f 4714/384 4846/466 4847/467 4845/468 
f 4756/384 4714/384 4713/385 4757/411 
f 4713/385 4834/385 4848/469 4849/470 
f 4713/385 4849/470 4850/471 4757/411 
s 1
f 4841/413 4845/468 4851/472 4842/462 
f 4845/468 4847/467 4852/473 4851/472 
f 4847/467 4846/466 4853/474 4852/473 
f 4846/466 4755/409 4758/410 4853/474 
f 4816/407 4820/454 4854/475 4817/448 
f 4820/454 4822/453 4855/476 4854/475 
f 4822/453 4821/452 4856/477 4855/476 
f 4821/452 4745/403 4748/404 4856/477 
f 4795/401 4799/440 4857/478 4796/434 
f 4799/440 4801/439 4858/479 4857/478 
f 4801/439 4800/438 4859/480 4858/479 
f 4800/438 4735/397 4738/398 4859/480 
f 4774/395 4778/426 4860/481 4775/420 
f 4778/426 4780/425 4861/482 4860/481 
f 4780/425 4779/424 4862/483 4861/482 
f 4779/424 4725/391 4728/392 4862/483 
f 4863/484 4864/485 4783/429 4782/428 
f 4865/486 4866/487 4804/443 4803/442 
f 4867/488 4868/489 4825/457 4824/456 
f 4869/490 4870/491 4850/471 4849/470 
f 4844/464 4843/463 4871/493 4872/492 
f 4872/492 4871/493 4873/495 4874/494 
f 4874/494 4873/495 4875/497 4876/496 
f 4876/496 4875/497 4870/491 4869/490 
f 4819/450 4818/449 4877/499 4878/498 
f 4878/498 4877/499 4879/501 4880/500 
f 4880/500 4879/501 4881/503 4882/502 
f 4882/502 4881/503 4868/489 4867/488 
f 4798/436 4797/435 4883/505 4884/504 
f 4884/504 4883/505 4885/507 4886/506 
f 4886/506 4885/507 4887/509 4888/508 
f 4888/508 4887/509 4866/487 4865/486 
f 4777/422 4776/421 4889/511 4890/510 
f 4890/510 4889/511 4891/513 4892/512 
f 4892/512 4891/513 4893/515 4894/514 
f 4894/514 4893/515 4864/485 4863/484 
f 4895/516 4863/484 4782/428 4781/427 
f 4896/517 4865/486 4803/442 4802/441 
f 4897/518 4867/488 4824/456 4823/455 
f 4898/519 4869/490 4849/470 4848/469 
f 4840/465 4844/464 4872/492 4899/520 
f 4900/520 4901/492 4902/494 4903/521 
f 4904/521 4874/494 4876/496 4905/522 
f 4906/522 4907/496 4908/490 4909/519 
f 4815/451 4819/450 4878/498 4910/523 
f 4911/523 4912/498 4913/500 4914/524 
f 4915/524 4880/500 4882/502 4916/525 
f 4917/525 4918/502 4919/488 4920/518 
f 4794/437 4798/436 4884/504 4921/526 
f 4922/526 4923/504 4924/506 4925/527 
f 4926/527 4886/506 4888/508 4927/528 
f 4928/528 4929/508 4930/486 4931/517 
f 4773/423 4777/422 4890/510 4932/529 
f 4933/529 4934/510 4935/512 4936/530 
f 4937/530 4892/512 4894/514 4938/531 
f 4939/531 4940/514 4941/484 4942/516 
f 4768/419 4895/516 4781/427 4767/379 
f 4789/433 4896/517 4802/441 4788/381 
f 4810/447 4897/518 4823/455 4809/383 
f 4835/461 4898/519 4848/469 4834/385 
f 4836/221 4840/465 4899/520 4837/458 
f 4837/458 4899/520 4904/521 4838/459 
f 4838/459 4904/521 4905/522 4839/460 
f 4839/460 4905/522 4898/519 4835/461 
f 4811/201 4815/451 4910/523 4812/444 
f 4812/444 4910/523 4915/524 4813/445 
f 4813/445 4915/524 4916/525 4814/446 
f 4814/446 4916/525 4897/518 4810/447 
f 4790/181 4794/437 4921/526 4791/430 
f 4791/430 4921/526 4926/527 4792/431 
f 4792/431 4926/527 4927/528 4793/432 
f 4793/432 4927/528 4896/517 4789/433 
f 4769/161 4773/423 4932/529 4770/416 
f 4770/416 4932/529 4937/530 4771/417 
f 4771/417 4937/530 4938/531 4772/418 
f 4772/418 4938/531 4895/516 4768/419 
f 4864/485 4728/392 4727/393 4783/429 
f 4866/487 4738/398 4737/399 4804/443 
f 4868/489 4748/404 4747/405 4825/457 
f 4870/491 4758/410 4757/411 4850/471 
f 4843/463 4842/462 4851/472 4871/493 
f 4943/493 4944/472 4945/473 4946/495 
f 4873/495 4852/473 4853/474 4875/497 
f 4947/497 4948/474 4949/410 4950/491 
f 4818/449 4817/448 4854/475 4877/499 
f 4951/499 4952/475 4953/476 4954/501 
f 4879/501 4855/476 4856/477 4881/503 
f 4955/503 4956/477 4957/404 4958/489 
f 4797/435 4796/434 4857/478 4883/505 
f 4959/505 4960/478 4961/479 4962/507 
f 4885/507 4858/479 4859/480 4887/509 
f 4963/509 4964/480 4965/398 4966/487 
f 4776/421 4775/420 4860/481 4889/511 
f 4967/511 4968/481 4969/482 4970/513 
f 4891/513 4861/482 4862/483 4893/515 
f 4971/515 4972/483 4973/392 4974/485 
s off
f 4872/492 4901/492 4900/520 4899/520 
f 4899/520 4900/520 4903/521 4904/521 
f 4904/521 4903/521 4902/494 4874/494 
f 4874/494 4902/494 4901/492 4872/492 
f 4876/496 4907/496 4906/522 4905/522 
f 4905/522 4906/522 4909/519 4898/519 
f 4898/519 4909/519 4908/490 4869/490 
f 4869/490 4908/490 4907/496 4876/496 
f 4878/498 4912/498 4911/523 4910/523 
f 4910/523 4911/523 4914/524 4915/524 
f 4915/524 4914/524 4913/500 4880/500 
f 4880/500 4913/500 4912/498 4878/498 
f 4882/502 4918/502 4917/525 4916/525 
f 4916/525 4917/525 4920/518 4897/518 
f 4897/518 4920/518 4919/488 4867/488 
f 4867/488 4919/488 4918/502 4882/502 
f 4884/504 4923/504 4922/526 4921/526 
f 4921/526 4922/526 4925/527 4926/527 
f 4926/527 4925/527 4924/506 4886/506 
f 4886/506 4924/506 4923/504 4884/504 
f 4888/508 4929/508 4928/528 4927/528 
f 4927/528 4928/528 4931/517 4896/517 
f 4896/517 4931/517 4930/486 4865/486 
f 4865/486 4930/486 4929/508 4888/508 
f 4890/510 4934/510 4933/529 4932/529 
f 4932/529 4933/529 4936/530 4937/530 
f 4937/530 4936/530 4935/512 4892/512 
f 4892/512 4935/512 4934/510 4890/510 
f 4894/514 4940/514 4939/531 4938/531 
f 4938/531 4939/531 4942/516 4895/516 
f 4895/516 4942/516 4941/484 4863/484 
f 4863/484 4941/484 4940/514 4894/514 
f 4871/493 4943/493 4946/495 4873/495 
f 4873/495 4946/495 4945/473 4852/473 
f 4852/473 4945/473 4944/472 4851/472 
f 4851/472 4944/472 4943/493 4871/493 
f 4875/497 4947/497 4950/491 4870/491 
f 4870/491 4950/491 4949/410 4758/410 
f 4758/410 4949/410 4948/474 4853/474 
f 4853/474 4948/474 4947/497 4875/497 
f 4877/499 4951/499 4954/501 4879/501 
f 4879/501 4954/501 4953/476 4855/476 
f 4855/476 4953/476 4952/475 4854/475 
f 4854/475 4952/475 4951/499 4877/499 
f 4881/503 4955/503 4958/489 4868/489 
f 4868/489 4958/489 4957/404 4748/404 
f 4748/404 4957/404 4956/477 4856/477 
f 4856/477 4956/477 4955/503 4881/503 
f 4883/505 4959/505 4962/507 4885/507 
f 4885/507 4962/507 4961/479 4858/479 
f 4858/479 4961/479 4960/478 4857/478 
f 4857/478 4960/478 4959/505 4883/505 
f 4887/509 4963/509 4966/487 4866/487 
f 4866/487 4966/487 4965/398 4738/398 
f 4738/398 4965/398 4964/480 4859/480 
f 4859/480 4964/480 4963/509 4887/509 
f 4889/511 4967/511 4970/513 4891/513 
f 4891/513 4970/513 4969/482 4861/482 
f 4861/482 4969/482 4968/481 4860/481 
f 4860/481 4968/481 4967/511 4889/511 
f 4893/515 4971/515 4974/485 4864/485 
f 4864/485 4974/485 4973/392 4728/392 
f 4728/392 4973/392 4972/483 4862/483 
f 4862/483 4972/483 4971/515 4893/515 
s 1
f 4975/741 3791/742 3794/12 4828/415 
f 3794/12 4322/70 4321/152 4763/386 
f 3794/12 4763/386 4764/394 4344/171 
f 3794/12 4344/171 4343/172 4784/387 
f 3794/12 4784/387 4785/400 4368/191 
f 3794/12 4368/191 4367/192 4805/388 
f 3794/12 4805/388 4806/406 4392/211 
f 3794/12 4392/211 4391/212 4826/389 
f 3794/12 4826/389 4827/412 4828/415 
f 4976/743 4977/745 4500/219 4501/216 
f 4976/743 4501/216 4502/254 4390/209 
f 4976/743 4390/209 4387/199 4489/196 
f 4976/743 4489/196 4490/248 4366/189 
f 4976/743 4366/189 4363/179 4481/176 
f 4976/743 4481/176 4482/242 4342/169 
f 4976/743 4342/169 4339/159 4473/156 
f 4976/743 4473/156 4474/236 4320/151 
f 4320/151 4317/148 4978/32 4976/743 
f 4976/743 4978/32 4979/31 
f 4977/745 4980/746 4497/261 4498/260 
f 4977/745 4498/260 4499/218 4500/219 
f 4980/746 4981/747 4831/223 4832/220 
f 4980/746 4832/220 4833/408 4398/215 
f 4980/746 4398/215 4395/203 4807/200 
f 4980/746 4807/200 4808/402 4374/195 
f 4980/746 4374/195 4371/183 4786/180 
f 4980/746 4786/180 4787/396 4350/175 
f 4980/746 4350/175 4347/163 4765/160 
f 4980/746 4765/160 4766/390 4326/155 
f 4980/746 4326/155 4323/69 4497/261 
f 4323/69 4316/68 4315/144 4471/232 
f 4323/69 4471/232 4472/240 4336/165 
f 4323/69 4336/165 4335/166 4479/233 
f 4323/69 4479/233 4480/246 4360/185 
f 4323/69 4360/185 4359/186 4487/234 
f 4323/69 4487/234 4488/252 4384/205 
f 4323/69 4384/205 4383/206 4495/235 
f 4323/69 4495/235 4496/258 4497/261 
f 4981/747 4975/741 4828/415 4829/414 
f 4981/747 4829/414 4830/222 4831/223 
f 4982/5 4983/8 4984/7 4985/6 
f 3682/532 3683/535 4986/534 4987/533 
f 3683/535 3684/537 4988/536 4986/534 
f 3684/537 3688/539 4989/538 4988/536 
f 3688/539 3690/541 4990/540 4989/538 
f 4991/542 4992/75 4993/74 4994/543 
f 4995/543 4996/74 4997/73 4998/553 
f 4995/543 4998/553 4999/552 5000/551 
f 4995/543 5000/551 5001/550 5002/549 
f 4995/543 5002/549 5003/548 5004/547 
f 4995/543 5004/547 5005/546 5006/545 
f 4995/543 5006/545 5007/544 
f 3690/541 3692/544 5008/545 4990/540 
f 5009/554 4987/533 4986/534 5010/555 
f 5010/555 4986/534 4988/536 5011/556 
f 5011/556 4988/536 4989/538 5012/557 
f 5012/557 4989/538 4990/540 5013/558 
f 5013/558 4990/540 5008/545 5014/546 
f 5015/559 5009/554 5010/555 5016/560 
f 5016/560 5010/555 5011/556 5017/561 
f 5018/561 5019/556 5020/563 5021/562 
f 5022/564 5023/557 5024/566 5025/565 
f 5014/546 5026/547 5027/567 5028/568 
f 5013/558 5014/546 5028/568 
f 5029/569 5015/559 5016/560 5030/570 
f 5030/570 5016/560 5017/561 5031/571 
f 5031/571 5017/561 5032/573 5033/572 
f 5033/572 5032/573 5028/568 5034/574 
f 5035/574 5036/568 5037/567 5038/575 
f 5039/576 5029/569 5030/570 5040/577 
f 5040/577 5030/570 5031/571 5041/578 
f 5042/578 5043/571 5044/580 5045/579 
f 5046/581 5047/572 5048/583 5049/582 
f 5050/575 5051/548 5052/549 5053/584 
f 5050/575 5053/584 5054/585 5034/574 
f 5055/586 5039/576 5040/577 5056/587 
f 5056/587 5040/577 5041/578 5057/588 
f 5057/588 5041/578 5058/590 5059/589 
f 5059/589 5058/590 5054/585 5060/591 
f 5061/591 5062/585 5063/584 5064/592 
f 5065/593 5055/586 5056/587 5066/594 
f 5066/594 5056/587 5057/588 5067/595 
f 5068/595 5069/588 5070/597 5071/596 
f 5072/598 5073/589 5074/600 5075/599 
f 5076/592 5077/550 5078/551 5079/601 
f 5076/592 5079/601 5080/602 5060/591 
f 5081/603 5065/593 5066/594 5082/604 
f 5082/604 5066/594 5067/595 5083/605 
f 5083/605 5067/595 5084/607 5085/606 
f 5085/606 5084/607 5080/602 5086/608 
f 5087/608 5088/602 5089/601 5090/609 
f 5091/610 5081/603 5082/604 5092/611 
f 5092/611 5082/604 5083/605 5093/612 
f 5094/612 5095/605 5096/614 5097/613 
f 5098/615 5099/606 5100/617 5101/616 
f 5102/552 5103/553 5104/618 5105/609 
f 5086/608 5105/609 5104/618 
f 4070/4 5091/610 5092/611 4071/619 
f 5093/612 4072/621 5106/620 5107/3 
f 5093/612 5107/3 4071/619 5092/611 
f 5108/624 4073/623 5109/622 4072/621 
f 5093/612 5108/624 4072/621 
f 5104/618 4075/71 5110/72 4073/623 
f 5108/624 5104/618 4073/623 
f 4075/71 5104/618 5103/553 4076/73 
s off
f 5012/557 5023/557 5022/564 5111/627 
f 5012/557 5111/627 5112/626 5113/625 
f 5012/557 5113/625 5114/573 5032/573 
f 5032/573 5114/573 5115/631 5116/630 
f 5032/573 5116/630 5117/629 5118/628 
f 5032/573 5118/628 5119/568 5028/568 
f 5028/568 5119/568 5120/635 5121/634 
f 5028/568 5121/634 5122/633 5123/632 
f 5028/568 5123/632 5124/558 5013/558 
f 5013/558 5124/558 5125/638 5126/637 
f 5013/558 5126/637 5127/636 5024/566 
f 5013/558 5024/566 5023/557 5012/557 
f 5033/572 5047/572 5046/581 5128/641 
f 5033/572 5128/641 5129/640 5130/639 
f 5033/572 5130/639 5131/590 5058/590 
f 5058/590 5131/590 5132/645 5133/644 
f 5058/590 5133/644 5134/643 5135/642 
f 5058/590 5135/642 5136/585 5054/585 
f 5054/585 5136/585 5137/649 5138/648 
f 5054/585 5138/648 5139/647 5140/646 
f 5054/585 5140/646 5141/574 5034/574 
f 5034/574 5141/574 5142/652 5143/651 
f 5034/574 5143/651 5144/650 5048/583 
f 5034/574 5048/583 5047/572 5033/572 
f 5059/589 5073/589 5072/598 5145/655 
f 5059/589 5145/655 5146/654 5147/653 
f 5059/589 5147/653 5148/607 5084/607 
f 5084/607 5148/607 5149/659 5150/658 
f 5084/607 5150/658 5151/657 5152/656 
f 5084/607 5152/656 5153/602 5080/602 
f 5080/602 5153/602 5154/663 5155/662 
f 5080/602 5155/662 5156/661 5157/660 
f 5080/602 5157/660 5158/591 5060/591 
f 5060/591 5158/591 5159/666 5160/665 
f 5060/591 5160/665 5161/664 5074/600 
f 5060/591 5074/600 5073/589 5059/589 
f 5085/606 5099/606 5098/615 5162/669 
f 5085/606 5162/669 5163/668 5164/667 
f 5085/606 5164/667 5165/624 5108/624 
f 5108/624 5165/624 5166/673 5167/672 
f 5108/624 5167/672 5168/671 5169/670 
f 5108/624 5169/670 5170/618 5104/618 
f 5104/618 5170/618 5171/677 5172/676 
f 5104/618 5172/676 5173/675 5174/674 
f 5104/618 5174/674 5175/608 5086/608 
f 5086/608 5175/608 5176/680 5177/679 
f 5086/608 5177/679 5178/678 5100/617 
f 5086/608 5100/617 5099/606 5085/606 
f 5011/556 5019/556 5018/561 5017/561 
f 5017/561 5018/561 5021/562 5179/573 
f 5017/561 5179/573 5032/573 
f 5032/573 5179/573 5180/557 5012/557 
f 5012/557 5180/557 5020/563 5019/556 
f 5012/557 5019/556 5011/556 
f 5031/571 5043/571 5042/578 5041/578 
f 5041/578 5042/578 5045/579 5181/590 
f 5041/578 5181/590 5058/590 
f 5058/590 5181/590 5182/572 5033/572 
f 5033/572 5182/572 5044/580 5043/571 
f 5033/572 5043/571 5031/571 
f 5057/588 5069/588 5068/595 5067/595 
f 5067/595 5068/595 5071/596 5183/607 
f 5067/595 5183/607 5084/607 
f 5084/607 5183/607 5184/589 5059/589 
f 5059/589 5184/589 5070/597 5069/588 
f 5059/589 5069/588 5057/588 
f 5083/605 5095/605 5094/612 5093/612 
f 5093/612 5094/612 5097/613 5185/624 
f 5093/612 5185/624 5108/624 
f 5108/624 5185/624 5186/606 5085/606 
f 5085/606 5186/606 5096/614 5095/605 
f 5085/606 5095/605 5083/605 
s 1
f 5187/573 5188/562 5189/563 5190/557 
f 5191/590 5192/579 5193/580 5194/572 
f 5195/607 5196/596 5197/597 5198/589 
f 5199/624 5200/613 5201/614 5202/606 
s off
f 5179/573 5187/573 5190/557 5180/557 
f 5180/557 5190/557 5189/563 5020/563 
f 5020/563 5189/563 5188/562 5021/562 
f 5021/562 5188/562 5187/573 5179/573 
f 5181/590 5191/590 5194/572 5182/572 
f 5182/572 5194/572 5193/580 5044/580 
f 5044/580 5193/580 5192/579 5045/579 
f 5045/579 5192/579 5191/590 5181/590 
f 5183/607 5195/607 5198/589 5184/589 
f 5184/589 5198/589 5197/597 5070/597 
f 5070/597 5197/597 5196/596 5071/596 
f 5071/596 5196/596 5195/607 5183/607 
f 5185/624 5199/624 5202/606 5186/606 
f 5186/606 5202/606 5201/614 5096/614 
f 5096/614 5201/614 5200/613 5097/613 
f 5097/613 5200/613 5199/624 5185/624 
s 1
f 5203/548 5038/575 5037/567 5204/547 
f 5205/550 5064/592 5063/584 5206/549 
f 5207/552 5090/609 5089/601 5208/551 
s off
f 3932/7 5209/7 5210/8 3791/8 
f 3791/8 5210/8 5211/542 5212/542 
f 5212/542 5211/542 4995/543 5213/543 
f 5213/543 4995/543 5007/544 3692/544 
f 3692/544 5007/544 5006/545 5008/545 
f 5008/545 5006/545 5005/546 5014/546 
f 5014/546 5005/546 5004/547 5026/547 
f 5026/547 5004/547 5003/548 5051/548 
f 5051/548 5003/548 5002/549 5052/549 
f 5052/549 5002/549 5001/550 5077/550 
f 5077/550 5001/550 5000/551 5078/551 
f 5078/551 5000/551 4999/552 5102/552 
f 5102/552 4999/552 4998/553 5103/553 
f 5103/553 4998/553 4997/73 4076/73 
f 4995/543 4994/543 4993/74 4996/74 
f 5209/7 5214/7 5215/8 5210/8 
f 5210/8 5215/8 4991/542 5211/542 
f 5211/542 4991/542 4994/543 4995/543 
f 4991/542 5216/542 5217/75 4992/75 
f 5214/7 5218/7 5219/8 5215/8 
f 5215/8 5219/8 5220/5 5216/542 
f 5215/8 5216/542 4991/542 
f 5028/568 5036/568 5035/574 5034/574 
f 5034/574 5035/574 5038/575 5050/575 
f 5050/575 5038/575 5203/548 5051/548 
f 5051/548 5203/548 5204/547 5026/547 
f 5026/547 5204/547 5037/567 5027/567 
f 5027/567 5037/567 5036/568 5028/568 
f 5054/585 5062/585 5061/591 5060/591 
f 5060/591 5061/591 5064/592 5076/592 
f 5076/592 5064/592 5205/550 5077/550 
f 5077/550 5205/550 5206/549 5052/549 
f 5052/549 5206/549 5063/584 5053/584 
f 5053/584 5063/584 5062/585 5054/585 
f 5080/602 5088/602 5087/608 5086/608 
f 5086/608 5087/608 5090/609 5105/609 
f 5105/609 5090/609 5207/552 5102/552 
f 5102/552 5207/552 5208/551 5078/551 
f 5078/551 5208/551 5089/601 5079/601 
f 5079/601 5089/601 5088/602 5080/602 
s 1
f 5119/568 5118/628 5221/681 5120/635 
f 5136/585 5135/642 5222/682 5137/649 
f 5153/602 5152/656 5223/683 5154/663 
f 5170/618 5169/670 5224/684 5171/677 
f 5116/630 5115/631 5225/686 5226/685 
f 5133/644 5132/645 5227/688 5228/687 
f 5150/658 5149/659 5229/690 5230/689 
f 5167/672 5166/673 5231/692 5232/691 
f 5117/629 5116/630 5226/685 5233/693 
f 5134/643 5133/644 5228/687 5234/694 
f 5151/657 5150/658 5230/689 5235/695 
f 5168/671 5167/672 5232/691 5236/696 
f 5118/628 5117/629 5233/693 5221/681 
f 5135/642 5134/643 5234/694 5222/682 
f 5152/656 5151/657 5235/695 5223/683 
f 5169/670 5168/671 5236/696 5224/684 
f 5111/627 5022/564 5025/565 5237/697 
f 5124/558 5123/632 5238/698 5125/638 
f 5127/636 5239/699 5025/565 5024/566 
f 5126/637 5240/700 5239/699 5127/636 
f 5125/638 5238/698 5240/700 5126/637 
f 5123/632 5122/633 5241/701 5238/698 
f 5242/699 5243/702 5244/697 5245/565 
f 5240/700 5246/703 5247/702 5239/699 
f 5248/698 5249/701 5250/703 5251/700 
f 5112/626 5111/627 5237/697 5252/704 
f 5122/633 5121/634 5253/705 5241/701 
f 5247/702 5254/706 5252/704 5237/697 
f 5246/703 5255/707 5254/706 5247/702 
f 5241/701 5253/705 5255/707 5246/703 
f 5113/625 5112/626 5252/704 5225/686 
f 5121/634 5120/635 5221/681 5253/705 
f 5256/706 5257/685 5258/686 5259/704 
f 5255/707 5233/693 5226/685 5254/706 
f 5260/705 5261/681 5262/693 5263/707 
f 5114/573 5113/625 5225/686 5115/631 
f 5128/641 5046/581 5049/582 5264/708 
f 5141/574 5140/646 5265/709 5142/652 
f 5144/650 5266/710 5049/582 5048/583 
f 5143/651 5267/711 5266/710 5144/650 
f 5142/652 5265/709 5267/711 5143/651 
f 5140/646 5139/647 5268/712 5265/709 
f 5269/710 5270/713 5271/708 5272/582 
f 5267/711 5273/714 5274/713 5266/710 
f 5275/709 5276/712 5277/714 5278/711 
f 5129/640 5128/641 5264/708 5279/715 
f 5139/647 5138/648 5280/716 5268/712 
f 5274/713 5281/717 5279/715 5264/708 
f 5273/714 5282/718 5281/717 5274/713 
f 5268/712 5280/716 5282/718 5273/714 
f 5130/639 5129/640 5279/715 5227/688 
f 5138/648 5137/649 5222/682 5280/716 
f 5283/717 5284/687 5285/688 5286/715 
f 5282/718 5234/694 5228/687 5281/717 
f 5287/716 5288/682 5289/694 5290/718 
f 5131/590 5130/639 5227/688 5132/645 
f 5145/655 5072/598 5075/599 5291/719 
f 5158/591 5157/660 5292/720 5159/666 
f 5161/664 5293/721 5075/599 5074/600 
f 5160/665 5294/722 5293/721 5161/664 
f 5159/666 5292/720 5294/722 5160/665 
f 5157/660 5156/661 5295/723 5292/720 
f 5296/721 5297/724 5298/719 5299/599 
f 5294/722 5300/725 5301/724 5293/721 
f 5302/720 5303/723 5304/725 5305/722 
f 5146/654 5145/655 5291/719 5306/726 
f 5156/661 5155/662 5307/727 5295/723 
f 5301/724 5308/728 5306/726 5291/719 
f 5300/725 5309/729 5308/728 5301/724 
f 5295/723 5307/727 5309/729 5300/725 
f 5147/653 5146/654 5306/726 5229/690 
f 5155/662 5154/663 5223/683 5307/727 
f 5310/728 5311/689 5312/690 5313/726 
f 5309/729 5235/695 5230/689 5308/728 
f 5314/727 5315/683 5316/695 5317/729 
f 5148/607 5147/653 5229/690 5149/659 
f 5162/669 5098/615 5101/616 5318/730 
f 5175/608 5174/674 5319/731 5176/680 
f 5178/678 5320/732 5101/616 5100/617 
f 5177/679 5321/733 5320/732 5178/678 
f 5176/680 5319/731 5321/733 5177/679 
f 5174/674 5173/675 5322/734 5319/731 
f 5323/732 5324/735 5325/730 5326/616 
f 5321/733 5327/736 5328/735 5320/732 
f 5329/731 5330/734 5331/736 5332/733 
f 5163/668 5162/669 5318/730 5333/737 
f 5173/675 5172/676 5334/738 5322/734 
f 5328/735 5335/739 5333/737 5318/730 
f 5327/736 5336/740 5335/739 5328/735 
f 5322/734 5334/738 5336/740 5327/736 
f 5164/667 5163/668 5333/737 5231/692 
f 5172/676 5171/677 5224/684 5334/738 
f 5337/739 5338/691 5339/692 5340/737 
f 5336/740 5236/696 5232/691 5335/739 
f 5341/738 5342/684 5343/696 5344/740 
f 5165/624 5164/667 5231/692 5166/673 
s off
f 5239/699 5242/699 5245/565 5025/565 
f 5025/565 5245/565 5244/697 5237/697 
f 5237/697 5244/697 5243/702 5247/702 
f 5247/702 5243/702 5242/699 5239/699 
f 5238/698 5248/698 5251/700 5240/700 
f 5240/700 5251/700 5250/703 5246/703 
f 5246/703 5250/703 5249/701 5241/701 
f 5241/701 5249/701 5248/698 5238/698 
f 5254/706 5256/706 5259/704 5252/704 
f 5252/704 5259/704 5258/686 5225/686 
f 5225/686 5258/686 5257/685 5226/685 
f 5226/685 5257/685 5256/706 5254/706 
f 5253/705 5260/705 5263/707 5255/707 
f 5255/707 5263/707 5262/693 5233/693 
f 5233/693 5262/693 5261/681 5221/681 
f 5221/681 5261/681 5260/705 5253/705 
f 5266/710 5269/710 5272/582 5049/582 
f 5049/582 5272/582 5271/708 5264/708 
f 5264/708 5271/708 5270/713 5274/713 
f 5274/713 5270/713 5269/710 5266/710 
f 5265/709 5275/709 5278/711 5267/711 
f 5267/711 5278/711 5277/714 5273/714 
f 5273/714 5277/714 5276/712 5268/712 
f 5268/712 5276/712 5275/709 5265/709 
f 5281/717 5283/717 5286/715 5279/715 
f 5279/715 5286/715 5285/688 5227/688 
f 5227/688 5285/688 5284/687 5228/687 
f 5228/687 5284/687 5283/717 5281/717 
f 5280/716 5287/716 5290/718 5282/718 
f 5282/718 5290/718 5289/694 5234/694 
f 5234/694 5289/694 5288/682 5222/682 
f 5222/682 5288/682 5287/716 5280/716 
f 5293/721 5296/721 5299/599 5075/599 
f 5075/599 5299/599 5298/719 5291/719 
f 5291/719 5298/719 5297/724 5301/724 
f 5301/724 5297/724 5296/721 5293/721 
f 5292/720 5302/720 5305/722 5294/722 
f 5294/722 5305/722 5304/725 5300/725 
f 5300/725 5304/725 5303/723 5295/723 
f 5295/723 5303/723 5302/720 5292/720 
f 5308/728 5310/728 5313/726 5306/726 
f 5306/726 5313/726 5312/690 5229/690 
f 5229/690 5312/690 5311/689 5230/689 
f 5230/689 5311/689 5310/728 5308/728 
f 5307/727 5314/727 5317/729 5309/729 
f 5309/729 5317/729 5316/695 5235/695 
f 5235/695 5316/695 5315/683 5223/683 
f 5223/683 5315/683 5314/727 5307/727 
f 5320/732 5323/732 5326/616 5101/616 
f 5101/616 5326/616 5325/730 5318/730 
f 5318/730 5325/730 5324/735 5328/735 
f 5328/735 5324/735 5323/732 5320/732 
f 5319/731 5329/731 5332/733 5321/733 
f 5321/733 5332/733 5331/736 5327/736 
f 5327/736 5331/736 5330/734 5322/734 
f 5322/734 5330/734 5329/731 5319/731 
f 5335/739 5337/739 5340/737 5333/737 
f 5333/737 5340/737 5339/692 5231/692 
f 5231/692 5339/692 5338/691 5232/691 
f 5232/691 5338/691 5337/739 5335/739 
f 5334/738 5341/738 5344/740 5336/740 
f 5336/740 5344/740 5343/696 5236/696 
f 5236/696 5343/696 5342/684 5224/684 
f 5224/684 5342/684 5341/738 5334/738 
s 1
f 5216/542 5220/5 5345/6 5217/75 
s off
f 5218/7 4984/7 4983/8 5219/8 
f 5219/8 4983/8 4982/5 5220/5 
f 5220/5 4982/5 4985/6 5345/6 
s 1
f 5346/144 4980/68 4977/148 5347/149 
f 5348/150 5347/149 4977/148 5349/151 
f 5350/152 4975/70 4981/69 5351/153 
f 5352/154 5351/153 4981/69 5353/155 
f 5354/156 5355/159 5356/158 5357/157 
f 5358/160 5359/163 5360/162 5361/161 
f 5362/166 5363/165 5364/164 5365/158 
f 5362/166 5365/158 5366/159 5367/167 
f 5368/168 5367/167 5366/159 5369/169 
f 5370/172 5371/171 5372/170 5373/162 
f 5370/172 5373/162 5374/163 5375/173 
f 5376/174 5375/173 5374/163 5377/175 
f 5378/176 5379/179 5380/178 5381/177 
f 5382/180 5383/183 5384/182 5385/181 
f 5386/186 5387/185 5388/184 5389/178 
f 5386/186 5389/178 5390/179 5391/187 
f 5392/188 5391/187 5390/179 5393/189 
f 5394/192 5395/191 5396/190 5397/182 
f 5394/192 5397/182 5398/183 5399/193 
f 5400/194 5399/193 5398/183 5401/195 
f 5402/196 5403/199 5404/198 5405/197 
f 5406/200 5407/203 5408/202 5409/201 
f 5410/206 5411/205 5412/204 5413/198 
f 5410/206 5413/198 5414/199 5415/207 
f 5416/208 5415/207 5414/199 5417/209 
f 5418/212 5419/211 5420/210 5421/202 
f 5418/212 5421/202 5422/203 5423/213 
f 5424/214 5423/213 5422/203 5425/215 
f 5426/216 5427/219 5428/218 5429/217 
f 5430/220 5431/223 5432/222 5433/221 
f 5434/149 5435/150 5436/225 5437/224 
f 5438/167 5439/168 5440/227 5441/226 
f 5442/187 5443/188 5444/229 5445/228 
f 5446/207 5447/208 5448/231 5449/230 
f 5450/144 5434/149 5437/224 5451/232 
f 5452/166 5438/167 5441/226 5453/233 
f 5454/186 5442/187 5445/228 5455/234 
f 5456/206 5446/207 5449/230 5457/235 
f 5458/151 5459/236 5436/225 5435/150 
f 5460/237 5461/224 5462/239 5463/238 
f 5464/240 5451/232 5437/224 5465/241 
f 5459/236 5354/156 5357/157 5436/225 
f 5466/164 5465/241 5357/157 5356/158 
f 5467/165 5464/240 5465/241 5466/164 
f 5468/169 5469/242 5440/227 5439/168 
f 5470/243 5471/226 5472/245 5473/244 
f 5474/246 5453/233 5441/226 5475/247 
f 5469/242 5378/176 5381/177 5440/227 
f 5476/184 5475/247 5381/177 5380/178 
f 5477/185 5474/246 5475/247 5476/184 
f 5478/189 5479/248 5444/229 5443/188 
f 5480/249 5481/228 5482/251 5483/250 
f 5484/252 5455/234 5445/228 5485/253 
f 5479/248 5402/196 5405/197 5444/229 
f 5486/204 5485/253 5405/197 5404/198 
f 5487/205 5484/252 5485/253 5486/204 
f 5488/209 5489/254 5448/231 5447/208 
f 5490/255 5491/230 5492/257 5493/256 
f 5494/258 5457/235 5449/230 5495/259 
f 5489/254 5426/216 5429/217 5448/231 
f 5496/260 5495/259 5429/217 5428/218 
f 5497/261 5494/258 5495/259 5496/260 
s off
f 5349/151 5458/151 5435/150 5348/150 
f 5348/150 5435/150 5434/149 5347/149 
f 5347/149 5434/149 5450/144 5346/144 
f 5346/144 5450/144 5451/232 5498/232 
f 5498/232 5451/232 5464/240 5499/240 
f 5499/240 5464/240 5467/165 5363/165 
f 5363/165 5467/165 5466/164 5364/164 
f 5364/164 5466/164 5356/158 5365/158 
f 5365/158 5356/158 5355/159 5366/159 
f 5366/159 5355/159 5354/156 5500/156 
f 5500/156 5354/156 5459/236 5501/236 
f 5501/236 5459/236 5458/151 5349/151 
f 5502/225 5436/225 5357/157 5503/157 
f 5503/157 5357/157 5465/241 5504/241 
f 5504/241 5465/241 5437/224 5505/224 
f 5505/224 5437/224 5436/225 5502/225 
f 5369/169 5468/169 5439/168 5368/168 
f 5368/168 5439/168 5438/167 5367/167 
f 5367/167 5438/167 5452/166 5362/166 
f 5362/166 5452/166 5453/233 5506/233 
f 5506/233 5453/233 5474/246 5507/246 
f 5507/246 5474/246 5477/185 5387/185 
f 5387/185 5477/185 5476/184 5388/184 
f 5388/184 5476/184 5380/178 5389/178 
f 5389/178 5380/178 5379/179 5390/179 
f 5390/179 5379/179 5378/176 5508/176 
f 5508/176 5378/176 5469/242 5509/242 
f 5509/242 5469/242 5468/169 5369/169 
f 5510/227 5440/227 5381/177 5511/177 
f 5511/177 5381/177 5475/247 5512/247 
f 5512/247 5475/247 5441/226 5513/226 
f 5513/226 5441/226 5440/227 5510/227 
f 5393/189 5478/189 5443/188 5392/188 
f 5392/188 5443/188 5442/187 5391/187 
f 5391/187 5442/187 5454/186 5386/186 
f 5386/186 5454/186 5455/234 5514/234 
f 5514/234 5455/234 5484/252 5515/252 
f 5515/252 5484/252 5487/205 5411/205 
f 5411/205 5487/205 5486/204 5412/204 
f 5412/204 5486/204 5404/198 5413/198 
f 5413/198 5404/198 5403/199 5414/199 
f 5414/199 5403/199 5402/196 5516/196 
f 5516/196 5402/196 5479/248 5517/248 
f 5517/248 5479/248 5478/189 5393/189 
f 5518/229 5444/229 5405/197 5519/197 
f 5519/197 5405/197 5485/253 5520/253 
f 5520/253 5485/253 5445/228 5521/228 
f 5521/228 5445/228 5444/229 5518/229 
f 5417/209 5488/209 5447/208 5416/208 
f 5416/208 5447/208 5446/207 5415/207 
f 5415/207 5446/207 5456/206 5410/206 
f 5410/206 5456/206 5457/235 5522/235 
f 5522/235 5457/235 5494/258 5523/258 
f 5523/258 5494/258 5497/261 5524/261 
f 5524/261 5497/261 5496/260 5525/260 
f 5525/260 5496/260 5428/218 5526/218 
f 5526/218 5428/218 5427/219 5527/219 
f 5527/219 5427/219 5426/216 5528/216 
f 5528/216 5426/216 5489/254 5529/254 
f 5529/254 5489/254 5488/209 5417/209 
f 5530/231 5448/231 5429/217 5531/217 
f 5531/217 5429/217 5495/259 5532/259 
f 5532/259 5495/259 5449/230 5533/230 
f 5533/230 5449/230 5448/231 5530/231 
f 5503/157 5534/157 5535/265 5536/264 
f 5503/157 5536/264 5537/263 5538/262 
f 5503/157 5538/262 5539/225 5502/225 
f 5502/225 5539/225 5540/268 5541/267 
f 5502/225 5541/267 5542/266 5462/239 
f 5502/225 5462/239 5461/224 5505/224 
f 5505/224 5461/224 5460/237 5543/271 
f 5505/224 5543/271 5544/270 5545/269 
f 5505/224 5545/269 5546/241 5504/241 
f 5504/241 5546/241 5547/275 5548/274 
f 5504/241 5548/274 5549/273 5550/272 
f 5504/241 5550/272 5534/157 5503/157 
f 5511/177 5551/177 5552/279 5553/278 
f 5511/177 5553/278 5554/277 5555/276 
f 5511/177 5555/276 5556/227 5510/227 
f 5510/227 5556/227 5557/282 5558/281 
f 5510/227 5558/281 5559/280 5472/245 
f 5510/227 5472/245 5471/226 5513/226 
f 5513/226 5471/226 5470/243 5560/285 
f 5513/226 5560/285 5561/284 5562/283 
f 5513/226 5562/283 5563/247 5512/247 
f 5512/247 5563/247 5564/289 5565/288 
f 5512/247 5565/288 5566/287 5567/286 
f 5512/247 5567/286 5551/177 5511/177 
f 5519/197 5568/197 5569/293 5570/292 
f 5519/197 5570/292 5571/291 5572/290 
f 5519/197 5572/290 5573/229 5518/229 
f 5518/229 5573/229 5574/296 5575/295 
f 5518/229 5575/295 5576/294 5482/251 
f 5518/229 5482/251 5481/228 5521/228 
f 5521/228 5481/228 5480/249 5577/299 
f 5521/228 5577/299 5578/298 5579/297 
f 5521/228 5579/297 5580/253 5520/253 
f 5520/253 5580/253 5581/303 5582/302 
f 5520/253 5582/302 5583/301 5584/300 
f 5520/253 5584/300 5568/197 5519/197 
f 5531/217 5585/217 5586/307 5587/306 
f 5531/217 5587/306 5588/305 5589/304 
f 5531/217 5589/304 5590/231 5530/231 
f 5530/231 5590/231 5591/310 5592/309 
f 5530/231 5592/309 5593/308 5492/257 
f 5530/231 5492/257 5491/230 5533/230 
f 5533/230 5491/230 5490/255 5594/313 
f 5533/230 5594/313 5595/312 5596/311 
f 5533/230 5596/311 5597/259 5532/259 
f 5532/259 5597/259 5598/317 5599/316 
f 5532/259 5599/316 5600/315 5601/314 
f 5532/259 5601/314 5585/217 5531/217 
s 1
f 5597/259 5596/311 5602/318 5598/317 
f 5596/311 5595/312 5603/319 5602/318 
f 5595/312 5594/313 5604/320 5603/319 
f 5594/313 5490/255 5493/256 5604/320 
f 5580/253 5579/297 5605/321 5581/303 
f 5577/299 5480/249 5483/250 5606/322 
f 5578/298 5577/299 5606/322 5607/323 
f 5579/297 5578/298 5607/323 5605/321 
f 5563/247 5562/283 5608/324 5564/289 
f 5562/283 5561/284 5609/325 5608/324 
f 5561/284 5560/285 5610/326 5609/325 
f 5560/285 5470/243 5473/244 5610/326 
f 5546/241 5545/269 5611/327 5547/275 
f 5545/269 5544/270 5612/328 5611/327 
f 5544/270 5543/271 5613/329 5612/328 
f 5543/271 5460/237 5463/238 5613/329 
f 5538/262 5614/330 5540/268 5539/225 
f 5555/276 5615/331 5557/282 5556/227 
f 5572/290 5616/332 5574/296 5573/229 
f 5589/304 5617/333 5591/310 5590/231 
f 5585/217 5601/314 5618/334 5586/307 
f 5586/307 5618/334 5619/335 5587/306 
f 5587/306 5619/335 5620/336 5588/305 
f 5588/305 5620/336 5617/333 5589/304 
f 5568/197 5584/300 5621/337 5569/293 
f 5571/291 5622/338 5616/332 5572/290 
f 5570/292 5623/339 5622/338 5571/291 
f 5569/293 5621/337 5623/339 5570/292 
f 5551/177 5567/286 5624/340 5552/279 
f 5552/279 5624/340 5625/341 5553/278 
f 5553/278 5625/341 5626/342 5554/277 
f 5554/277 5626/342 5615/331 5555/276 
f 5534/157 5550/272 5627/343 5535/265 
f 5535/265 5627/343 5628/344 5536/264 
f 5536/264 5628/344 5629/345 5537/263 
f 5537/263 5629/345 5614/330 5538/262 
f 5630/346 5463/238 5462/239 5542/266 
f 5631/347 5473/244 5472/245 5559/280 
f 5632/348 5483/250 5482/251 5576/294 
f 5633/349 5493/256 5492/257 5593/308 
f 5599/316 5598/317 5602/318 5634/350 
f 5635/350 5636/318 5637/319 5638/351 
f 5639/351 5603/319 5604/320 5640/352 
f 5641/352 5642/320 5643/256 5644/349 
f 5582/302 5581/303 5605/321 5645/353 
f 5646/354 5647/322 5648/250 5649/348 
f 5650/355 5607/323 5606/322 5651/354 
f 5652/353 5653/321 5654/323 5655/355 
f 5565/288 5564/289 5608/324 5656/356 
f 5657/356 5658/324 5659/325 5660/357 
f 5661/357 5609/325 5610/326 5662/358 
f 5663/358 5664/326 5665/244 5666/347 
f 5548/274 5547/275 5611/327 5667/359 
f 5668/359 5669/327 5670/328 5671/360 
f 5672/360 5612/328 5613/329 5673/361 
f 5674/361 5675/329 5676/238 5677/346 
f 5678/362 5630/346 5542/266 5541/267 
f 5679/363 5631/347 5559/280 5558/281 
f 5680/364 5632/348 5576/294 5575/295 
f 5681/365 5633/349 5593/308 5592/309 
f 5600/315 5599/316 5634/350 5682/366 
f 5682/366 5634/350 5639/351 5683/367 
f 5683/367 5639/351 5640/352 5684/368 
f 5684/368 5640/352 5633/349 5681/365 
f 5583/301 5582/302 5645/353 5685/369 
f 5686/370 5651/354 5632/348 5680/364 
f 5687/371 5650/355 5651/354 5686/370 
f 5685/369 5645/353 5650/355 5687/371 
f 5566/287 5565/288 5656/356 5688/372 
f 5688/372 5656/356 5661/357 5689/373 
f 5689/373 5661/357 5662/358 5690/374 
f 5690/374 5662/358 5631/347 5679/363 
f 5549/273 5548/274 5667/359 5691/375 
f 5691/375 5667/359 5672/360 5692/376 
f 5692/376 5672/360 5673/361 5693/377 
f 5693/377 5673/361 5630/346 5678/362 
f 5614/330 5678/362 5541/267 5540/268 
f 5615/331 5679/363 5558/281 5557/282 
f 5616/332 5680/364 5575/295 5574/296 
f 5617/333 5681/365 5592/309 5591/310 
f 5601/314 5600/315 5682/366 5618/334 
f 5694/334 5695/366 5696/367 5697/335 
f 5619/335 5683/367 5684/368 5620/336 
f 5698/336 5699/368 5700/365 5701/333 
f 5584/300 5583/301 5685/369 5621/337 
f 5702/338 5703/370 5704/364 5705/332 
f 5623/339 5687/371 5686/370 5622/338 
f 5706/337 5707/369 5708/371 5709/339 
f 5567/286 5566/287 5688/372 5624/340 
f 5710/340 5711/372 5712/373 5713/341 
f 5625/341 5689/373 5690/374 5626/342 
f 5714/342 5715/374 5716/363 5717/331 
f 5550/272 5549/273 5691/375 5627/343 
f 5718/343 5719/375 5720/376 5721/344 
f 5628/344 5692/376 5693/377 5629/345 
f 5722/345 5723/377 5724/362 5725/330 
s off
f 5602/318 5636/318 5635/350 5634/350 
f 5634/350 5635/350 5638/351 5639/351 
f 5639/351 5638/351 5637/319 5603/319 
f 5603/319 5637/319 5636/318 5602/318 
f 5604/320 5642/320 5641/352 5640/352 
f 5640/352 5641/352 5644/349 5633/349 
f 5633/349 5644/349 5643/256 5493/256 
f 5493/256 5643/256 5642/320 5604/320 
f 5632/348 5649/348 5648/250 5483/250 
f 5483/250 5648/250 5647/322 5606/322 
f 5606/322 5647/322 5646/354 5651/354 
f 5651/354 5646/354 5649/348 5632/348 
f 5605/321 5653/321 5652/353 5645/353 
f 5645/353 5652/353 5655/355 5650/355 
f 5650/355 5655/355 5654/323 5607/323 
f 5607/323 5654/323 5653/321 5605/321 
f 5608/324 5658/324 5657/356 5656/356 
f 5656/356 5657/356 5660/357 5661/357 
f 5661/357 5660/357 5659/325 5609/325 
f 5609/325 5659/325 5658/324 5608/324 
f 5610/326 5664/326 5663/358 5662/358 
f 5662/358 5663/358 5666/347 5631/347 
f 5631/347 5666/347 5665/244 5473/244 
f 5473/244 5665/244 5664/326 5610/326 
f 5611/327 5669/327 5668/359 5667/359 
f 5667/359 5668/359 5671/360 5672/360 
f 5672/360 5671/360 5670/328 5612/328 
f 5612/328 5670/328 5669/327 5611/327 
f 5613/329 5675/329 5674/361 5673/361 
f 5673/361 5674/361 5677/346 5630/346 
f 5630/346 5677/346 5676/238 5463/238 
f 5463/238 5676/238 5675/329 5613/329 
f 5618/334 5694/334 5697/335 5619/335 
f 5619/335 5697/335 5696/367 5683/367 
f 5683/367 5696/367 5695/366 5682/366 
f 5682/366 5695/366 5694/334 5618/334 
f 5620/336 5698/336 5701/333 5617/333 
f 5617/333 5701/333 5700/365 5681/365 
f 5681/365 5700/365 5699/368 5684/368 
f 5684/368 5699/368 5698/336 5620/336 
f 5622/338 5702/338 5705/332 5616/332 
f 5616/332 5705/332 5704/364 5680/364 
f 5680/364 5704/364 5703/370 5686/370 
f 5686/370 5703/370 5702/338 5622/338 
f 5621/337 5706/337 5709/339 5623/339 
f 5623/339 5709/339 5708/371 5687/371 
f 5687/371 5708/371 5707/369 5685/369 
f 5685/369 5707/369 5706/337 5621/337 
f 5624/340 5710/340 5713/341 5625/341 
f 5625/341 5713/341 5712/373 5689/373 
f 5689/373 5712/373 5711/372 5688/372 
f 5688/372 5711/372 5710/340 5624/340 
f 5626/342 5714/342 5717/331 5615/331 
f 5615/331 5717/331 5716/363 5679/363 
f 5679/363 5716/363 5715/374 5690/374 
f 5690/374 5715/374 5714/342 5626/342 
f 5627/343 5718/343 5721/344 5628/344 
f 5628/344 5721/344 5720/376 5692/376 
f 5692/376 5720/376 5719/375 5691/375 
f 5691/375 5719/375 5718/343 5627/343 
f 5629/345 5722/345 5725/330 5614/330 
f 5614/330 5725/330 5724/362 5678/362 
f 5678/362 5724/362 5723/377 5693/377 
f 5693/377 5723/377 5722/345 5629/345 
s 1
f 5726/153 5727/154 5728/379 5729/378 
f 5730/173 5731/174 5732/381 5733/380 
f 5734/193 5735/194 5736/383 5737/382 
f 5738/213 5739/214 5740/385 5741/384 
f 5742/152 5726/153 5729/378 5743/386 
f 5744/172 5730/173 5733/380 5745/387 
f 5746/192 5734/193 5737/382 5747/388 
f 5748/212 5738/213 5741/384 5749/389 
f 5750/155 5751/390 5728/379 5727/154 
f 5752/391 5753/378 5754/393 5755/392 
f 5756/394 5743/386 5729/378 5757/395 
f 5751/390 5358/160 5361/161 5728/379 
f 5758/170 5757/395 5361/161 5360/162 
f 5759/171 5756/394 5757/395 5758/170 
f 5760/175 5761/396 5732/381 5731/174 
f 5762/397 5763/380 5764/399 5765/398 
f 5766/400 5745/387 5733/380 5767/401 
f 5761/396 5382/180 5385/181 5732/381 
f 5768/190 5767/401 5385/181 5384/182 
f 5769/191 5766/400 5767/401 5768/190 
f 5770/195 5771/402 5736/383 5735/194 
f 5772/403 5773/382 5774/405 5775/404 
f 5776/406 5747/388 5737/382 5777/407 
f 5771/402 5406/200 5409/201 5736/383 
f 5778/210 5777/407 5409/201 5408/202 
f 5779/211 5776/406 5777/407 5778/210 
f 5780/215 5781/408 5740/385 5739/214 
f 5782/409 5783/384 5784/411 5785/410 
f 5786/412 5749/389 5741/384 5787/413 
f 5781/408 5430/220 5433/221 5740/385 
f 5788/414 5787/413 5433/221 5432/222 
f 5789/415 5786/412 5787/413 5788/414 
s off
f 5353/155 5750/155 5727/154 5352/154 
f 5352/154 5727/154 5726/153 5351/153 
f 5351/153 5726/153 5742/152 5350/152 
f 5350/152 5742/152 5743/386 5790/386 
f 5790/386 5743/386 5756/394 5791/394 
f 5791/394 5756/394 5759/171 5371/171 
f 5371/171 5759/171 5758/170 5372/170 
f 5372/170 5758/170 5360/162 5373/162 
f 5373/162 5360/162 5359/163 5374/163 
f 5374/163 5359/163 5358/160 5792/160 
f 5792/160 5358/160 5751/390 5793/390 
f 5793/390 5751/390 5750/155 5353/155 
f 5794/379 5728/379 5361/161 5795/419 
f 5361/161 5796/161 5797/416 5798/417 
f 5361/161 5798/417 5799/418 5795/419 
f 5796/161 5361/161 5757/395 5800/423 
f 5757/395 5801/395 5802/420 5803/421 
f 5757/395 5803/421 5804/422 5800/423 
f 5801/395 5757/395 5729/378 5805/426 
f 5729/378 5753/378 5752/391 5806/424 
f 5729/378 5806/424 5807/425 5805/426 
f 5753/378 5729/378 5728/379 5754/393 
f 5728/379 5794/379 5808/427 5809/428 
f 5728/379 5809/428 5810/429 5754/393 
f 5377/175 5760/175 5731/174 5376/174 
f 5376/174 5731/174 5730/173 5375/173 
f 5375/173 5730/173 5744/172 5370/172 
f 5370/172 5744/172 5745/387 5811/387 
f 5811/387 5745/387 5766/400 5812/400 
f 5812/400 5766/400 5769/191 5395/191 
f 5395/191 5769/191 5768/190 5396/190 
f 5396/190 5768/190 5384/182 5397/182 
f 5397/182 5384/182 5383/183 5398/183 
f 5398/183 5383/183 5382/180 5813/180 
f 5813/180 5382/180 5761/396 5814/396 
f 5814/396 5761/396 5760/175 5377/175 
f 5815/381 5732/381 5385/181 5816/433 
f 5385/181 5817/181 5818/430 5819/431 
f 5385/181 5819/431 5820/432 5816/433 
f 5817/181 5385/181 5767/401 5821/437 
f 5767/401 5822/401 5823/434 5824/435 
f 5767/401 5824/435 5825/436 5821/437 
f 5822/401 5767/401 5733/380 5826/440 
f 5733/380 5763/380 5762/397 5827/438 
f 5733/380 5827/438 5828/439 5826/440 
f 5763/380 5733/380 5732/381 5764/399 
f 5732/381 5815/381 5829/441 5830/442 
f 5732/381 5830/442 5831/443 5764/399 
f 5401/195 5770/195 5735/194 5400/194 
f 5400/194 5735/194 5734/193 5399/193 
f 5399/193 5734/193 5746/192 5394/192 
f 5394/192 5746/192 5747/388 5832/388 
f 5832/388 5747/388 5776/406 5833/406 
f 5833/406 5776/406 5779/211 5419/211 
f 5419/211 5779/211 5778/210 5420/210 
f 5420/210 5778/210 5408/202 5421/202 
f 5421/202 5408/202 5407/203 5422/203 
f 5422/203 5407/203 5406/200 5834/200 
f 5834/200 5406/200 5771/402 5835/402 
f 5835/402 5771/402 5770/195 5401/195 
f 5836/383 5736/383 5409/201 5837/447 
f 5409/201 5838/201 5839/444 5840/445 
f 5409/201 5840/445 5841/446 5837/447 
f 5838/201 5409/201 5777/407 5842/451 
f 5777/407 5843/407 5844/448 5845/449 
f 5777/407 5845/449 5846/450 5842/451 
f 5843/407 5777/407 5737/382 5847/454 
f 5737/382 5773/382 5772/403 5848/452 
f 5737/382 5848/452 5849/453 5847/454 
f 5773/382 5737/382 5736/383 5774/405 
f 5736/383 5836/383 5850/455 5851/456 
f 5736/383 5851/456 5852/457 5774/405 
f 5425/215 5780/215 5739/214 5424/214 
f 5424/214 5739/214 5738/213 5423/213 
f 5423/213 5738/213 5748/212 5418/212 
f 5418/212 5748/212 5749/389 5853/389 
f 5853/389 5749/389 5786/412 5854/412 
f 5854/412 5786/412 5789/415 5855/415 
f 5855/415 5789/415 5788/414 5856/414 
f 5856/414 5788/414 5432/222 5857/222 
f 5857/222 5432/222 5431/223 5858/223 
f 5858/223 5431/223 5430/220 5859/220 
f 5859/220 5430/220 5781/408 5860/408 
f 5860/408 5781/408 5780/215 5425/215 
f 5861/385 5740/385 5433/221 5862/461 
f 5433/221 5863/221 5864/458 5865/459 
f 5433/221 5865/459 5866/460 5862/461 
f 5863/221 5433/221 5787/413 5867/465 
f 5787/413 5868/413 5869/462 5870/463 
f 5787/413 5870/463 5871/464 5867/465 
f 5868/413 5787/413 5741/384 5872/468 
f 5741/384 5783/384 5782/409 5873/466 
f 5741/384 5873/466 5874/467 5872/468 
f 5783/384 5741/384 5740/385 5784/411 
f 5740/385 5861/385 5875/469 5876/470 
f 5740/385 5876/470 5877/471 5784/411 
s 1
f 5868/413 5872/468 5878/472 5869/462 
f 5872/468 5874/467 5879/473 5878/472 
f 5874/467 5873/466 5880/474 5879/473 
f 5873/466 5782/409 5785/410 5880/474 
f 5843/407 5847/454 5881/475 5844/448 
f 5847/454 5849/453 5882/476 5881/475 
f 5849/453 5848/452 5883/477 5882/476 
f 5848/452 5772/403 5775/404 5883/477 
f 5822/401 5826/440 5884/478 5823/434 
f 5826/440 5828/439 5885/479 5884/478 
f 5828/439 5827/438 5886/480 5885/479 
f 5827/438 5762/397 5765/398 5886/480 
f 5801/395 5805/426 5887/481 5802/420 
f 5805/426 5807/425 5888/482 5887/481 
f 5807/425 5806/424 5889/483 5888/482 
f 5806/424 5752/391 5755/392 5889/483 
f 5890/484 5891/485 5810/429 5809/428 
f 5892/486 5893/487 5831/443 5830/442 
f 5894/488 5895/489 5852/457 5851/456 
f 5896/490 5897/491 5877/471 5876/470 
f 5871/464 5870/463 5898/493 5899/492 
f 5899/492 5898/493 5900/495 5901/494 
f 5901/494 5900/495 5902/497 5903/496 
f 5903/496 5902/497 5897/491 5896/490 
f 5846/450 5845/449 5904/499 5905/498 
f 5905/498 5904/499 5906/501 5907/500 
f 5907/500 5906/501 5908/503 5909/502 
f 5909/502 5908/503 5895/489 5894/488 
f 5825/436 5824/435 5910/505 5911/504 
f 5911/504 5910/505 5912/507 5913/506 
f 5913/506 5912/507 5914/509 5915/508 
f 5915/508 5914/509 5893/487 5892/486 
f 5804/422 5803/421 5916/511 5917/510 
f 5917/510 5916/511 5918/513 5919/512 
f 5919/512 5918/513 5920/515 5921/514 
f 5921/514 5920/515 5891/485 5890/484 
f 5922/516 5890/484 5809/428 5808/427 
f 5923/517 5892/486 5830/442 5829/441 
f 5924/518 5894/488 5851/456 5850/455 
f 5925/519 5896/490 5876/470 5875/469 
f 5867/465 5871/464 5899/492 5926/520 
f 5927/520 5928/492 5929/494 5930/521 
f 5931/521 5901/494 5903/496 5932/522 
f 5933/522 5934/496 5935/490 5936/519 
f 5842/451 5846/450 5905/498 5937/523 
f 5938/523 5939/498 5940/500 5941/524 
f 5942/524 5907/500 5909/502 5943/525 
f 5944/525 5945/502 5946/488 5947/518 
f 5821/437 5825/436 5911/504 5948/526 
f 5949/526 5950/504 5951/506 5952/527 
f 5953/527 5913/506 5915/508 5954/528 
f 5955/528 5956/508 5957/486 5958/517 
f 5800/423 5804/422 5917/510 5959/529 
f 5960/529 5961/510 5962/512 5963/530 
f 5964/530 5919/512 5921/514 5965/531 
f 5966/531 5967/514 5968/484 5969/516 
f 5795/419 5922/516 5808/427 5794/379 
f 5816/433 5923/517 5829/441 5815/381 
f 5837/447 5924/518 5850/455 5836/383 
f 5862/461 5925/519 5875/469 5861/385 
f 5863/221 5867/465 5926/520 5864/458 
f 5864/458 5926/520 5931/521 5865/459 
f 5865/459 5931/521 5932/522 5866/460 
f 5866/460 5932/522 5925/519 5862/461 
f 5838/201 5842/451 5937/523 5839/444 
f 5839/444 5937/523 5942/524 5840/445 
f 5840/445 5942/524 5943/525 5841/446 
f 5841/446 5943/525 5924/518 5837/447 
f 5817/181 5821/437 5948/526 5818/430 
f 5818/430 5948/526 5953/527 5819/431 
f 5819/431 5953/527 5954/528 5820/432 
f 5820/432 5954/528 5923/517 5816/433 
f 5796/161 5800/423 5959/529 5797/416 
f 5797/416 5959/529 5964/530 5798/417 
f 5798/417 5964/530 5965/531 5799/418 
f 5799/418 5965/531 5922/516 5795/419 
f 5891/485 5755/392 5754/393 5810/429 
f 5893/487 5765/398 5764/399 5831/443 
f 5895/489 5775/404 5774/405 5852/457 
f 5897/491 5785/410 5784/411 5877/471 
f 5870/463 5869/462 5878/472 5898/493 
f 5970/493 5971/472 5972/473 5973/495 
f 5900/495 5879/473 5880/474 5902/497 
f 5974/497 5975/474 5976/410 5977/491 
f 5845/449 5844/448 5881/475 5904/499 
f 5978/499 5979/475 5980/476 5981/501 
f 5906/501 5882/476 5883/477 5908/503 
f 5982/503 5983/477 5984/404 5985/489 
f 5824/435 5823/434 5884/478 5910/505 
f 5986/505 5987/478 5988/479 5989/507 
f 5912/507 5885/479 5886/480 5914/509 
f 5990/509 5991/480 5992/398 5993/487 
f 5803/421 5802/420 5887/481 5916/511 
f 5994/511 5995/481 5996/482 5997/513 
f 5918/513 5888/482 5889/483 5920/515 
f 5998/515 5999/483 6000/392 6001/485 
s off
f 5899/492 5928/492 5927/520 5926/520 
f 5926/520 5927/520 5930/521 5931/521 
f 5931/521 5930/521 5929/494 5901/494 
f 5901/494 5929/494 5928/492 5899/492 
f 5903/496 5934/496 5933/522 5932/522 
f 5932/522 5933/522 5936/519 5925/519 
f 5925/519 5936/519 5935/490 5896/490 
f 5896/490 5935/490 5934/496 5903/496 
f 5905/498 5939/498 5938/523 5937/523 
f 5937/523 5938/523 5941/524 5942/524 
f 5942/524 5941/524 5940/500 5907/500 
f 5907/500 5940/500 5939/498 5905/498 
f 5909/502 5945/502 5944/525 5943/525 
f 5943/525 5944/525 5947/518 5924/518 
f 5924/518 5947/518 5946/488 5894/488 
f 5894/488 5946/488 5945/502 5909/502 
f 5911/504 5950/504 5949/526 5948/526 
f 5948/526 5949/526 5952/527 5953/527 
f 5953/527 5952/527 5951/506 5913/506 
f 5913/506 5951/506 5950/504 5911/504 
f 5915/508 5956/508 5955/528 5954/528 
f 5954/528 5955/528 5958/517 5923/517 
f 5923/517 5958/517 5957/486 5892/486 
f 5892/486 5957/486 5956/508 5915/508 
f 5917/510 5961/510 5960/529 5959/529 
f 5959/529 5960/529 5963/530 5964/530 
f 5964/530 5963/530 5962/512 5919/512 
f 5919/512 5962/512 5961/510 5917/510 
f 5921/514 5967/514 5966/531 5965/531 
f 5965/531 5966/531 5969/516 5922/516 
f 5922/516 5969/516 5968/484 5890/484 
f 5890/484 5968/484 5967/514 5921/514 
f 5898/493 5970/493 5973/495 5900/495 
f 5900/495 5973/495 5972/473 5879/473 
f 5879/473 5972/473 5971/472 5878/472 
f 5878/472 5971/472 5970/493 5898/493 
f 5902/497 5974/497 5977/491 5897/491 
f 5897/491 5977/491 5976/410 5785/410 
f 5785/410 5976/410 5975/474 5880/474 
f 5880/474 5975/474 5974/497 5902/497 
f 5904/499 5978/499 5981/501 5906/501 
f 5906/501 5981/501 5980/476 5882/476 
f 5882/476 5980/476 5979/475 5881/475 
f 5881/475 5979/475 5978/499 5904/499 
f 5908/503 5982/503 5985/489 5895/489 
f 5895/489 5985/489 5984/404 5775/404 
f 5775/404 5984/404 5983/477 5883/477 
f 5883/477 5983/477 5982/503 5908/503 
f 5910/505 5986/505 5989/507 5912/507 
f 5912/507 5989/507 5988/479 5885/479 
f 5885/479 5988/479 5987/478 5884/478 
f 5884/478 5987/478 5986/505 5910/505 
f 5914/509 5990/509 5993/487 5893/487 
f 5893/487 5993/487 5992/398 5765/398 
f 5765/398 5992/398 5991/480 5886/480 
f 5886/480 5991/480 5990/509 5914/509 
f 5916/511 5994/511 5997/513 5918/513 
f 5918/513 5997/513 5996/482 5888/482 
f 5888/482 5996/482 5995/481 5887/481 
f 5887/481 5995/481 5994/511 5916/511 
f 5920/515 5998/515 6001/485 5891/485 
f 5891/485 6001/485 6000/392 5755/392 
f 5755/392 6000/392 5999/483 5889/483 
f 5889/483 5999/483 5998/515 5920/515 
s 1
f 2903/741 3932/742 3791/12 5855/415 
f 3791/12 4975/70 5350/152 5790/386 
f 3791/12 5790/386 5791/394 5371/171 
f 3791/12 5371/171 5370/172 5811/387 
f 3791/12 5811/387 5812/400 5395/191 
f 3791/12 5395/191 5394/192 5832/388 
f 3791/12 5832/388 5833/406 5419/211 
f 3791/12 5419/211 5418/212 5853/389 
f 3791/12 5853/389 5854/412 5855/415 
f 3937/743 2898/745 5527/219 5528/216 
f 3937/743 5528/216 5529/254 5417/209 
f 3937/743 5417/209 5414/199 5516/196 
f 3937/743 5516/196 5517/248 5393/189 
f 3937/743 5393/189 5390/179 5508/176 
f 3937/743 5508/176 5509/242 5369/169 
f 3937/743 5369/169 5366/159 5500/156 
f 3937/743 5500/156 5501/236 5349/151 
f 5349/151 4977/148 6002/32 3937/743 
f 3937/743 6002/32 4976/31 
f 2898/745 2893/746 5524/261 5525/260 
f 2898/745 5525/260 5526/218 5527/219 
f 2893/746 2904/747 5858/223 5859/220 
f 2893/746 5859/220 5860/408 5425/215 
f 2893/746 5425/215 5422/203 5834/200 
f 2893/746 5834/200 5835/402 5401/195 
f 2893/746 5401/195 5398/183 5813/180 
f 2893/746 5813/180 5814/396 5377/175 
f 2893/746 5377/175 5374/163 5792/160 
f 2893/746 5792/160 5793/390 5353/155 
f 2893/746 5353/155 4981/69 5524/261 
f 4981/69 4980/68 5346/144 5498/232 
f 4981/69 5498/232 5499/240 5363/165 
f 4981/69 5363/165 5362/166 5506/233 
f 4981/69 5506/233 5507/246 5387/185 
f 4981/69 5387/185 5386/186 5514/234 
f 4981/69 5514/234 5515/252 5411/205 
f 4981/69 5411/205 5410/206 5522/235 
f 4981/69 5522/235 5523/258 5524/261 
f 2904/747 2903/741 5855/415 5856/414 
f 2904/747 5856/414 5857/222 5858/223 
# 5833 polygons - 97 triangles

#
# object Object001
#

v  439.1204 398.5818 571.4757
v  439.1204 348.1777 571.4758
v  593.2045 348.1777 571.4758
v  593.2045 398.5818 571.4757
v  659.5121 348.1777 571.4758
v  659.5121 398.5818 571.4757
v  824.4955 348.1777 571.4758
v  824.4955 398.5818 571.4757
v  899.4902 348.1777 571.4758
v  899.4902 398.5818 571.4757
v  1059.3687 348.1777 571.4758
v  1059.3687 398.5818 571.4757
v  439.1204 87.2894 571.4757
v  593.2045 87.2894 571.4757
v  659.5121 87.2894 571.4757
v  824.4955 87.2894 571.4757
v  899.4902 87.2894 571.4757
v  1059.3687 87.2894 571.4757
v  593.2045 348.1777 566.6057
v  439.1204 348.1777 566.6057
v  439.1204 398.5818 566.6057
v  593.2045 398.5818 566.6057
v  659.5121 348.1777 566.6057
v  659.5121 398.5818 566.6057
v  824.4955 348.1777 566.6057
v  824.4955 398.5818 566.6057
v  899.4902 348.1777 566.6057
v  899.4902 398.5818 566.6057
v  1059.3687 348.1777 566.6057
v  1059.3687 398.5818 566.6057
v  593.2045 87.2894 566.6057
v  439.1204 87.2894 566.6057
v  824.4955 87.2894 566.6057
v  659.5121 87.2894 566.6057
v  1059.3687 87.2894 566.6057
v  899.4902 87.2894 566.6057
# 36 vertices

vt 0.6495 0.3325 0.0000
vt 0.6495 0.2905 0.0000
vt 0.7048 0.2905 0.0000
vt 0.7048 0.3325 0.0000
vt 0.7286 0.2905 0.0000
vt 0.7286 0.3325 0.0000
vt 0.7879 0.2905 0.0000
vt 0.7879 0.3325 0.0000
vt 0.8148 0.2905 0.0000
vt 0.8148 0.3325 0.0000
vt 0.8722 0.2905 0.0000
vt 0.8722 0.3325 0.0000
vt 0.6495 0.0731 0.0000
vt 0.7048 0.0731 0.0000
vt 0.7286 0.0731 0.0000
vt 0.7879 0.0731 0.0000
vt 0.8148 0.0731 0.0000
vt 0.8722 0.0731 0.0000
# 18 texture coords

g Object001
usemtl st_tile
s 1
f 6003/921 6004/922 6005/923 6006/924 
f 6006/924 6005/923 6007/925 6008/926 
f 6008/926 6007/925 6009/927 6010/928 
f 6010/928 6009/927 6011/929 6012/930 
f 6012/930 6011/929 6013/931 6014/932 
f 6015/933 6016/934 6005/923 6004/922 
f 6017/935 6018/936 6009/927 6007/925 
f 6019/937 6020/938 6013/931 6011/929 
f 6021/923 6022/922 6023/921 6024/924 
f 6025/925 6021/923 6024/924 6026/926 
f 6027/927 6025/925 6026/926 6028/928 
f 6029/929 6027/927 6028/928 6030/930 
f 6031/931 6029/929 6030/930 6032/932 
f 6021/923 6033/934 6034/933 6022/922 
f 6027/927 6035/936 6036/935 6025/925 
f 6031/931 6037/938 6038/937 6029/929 
s 2
f 6004/922 6003/921 6023/921 6022/922 
s 4
f 6003/921 6006/924 6024/924 6023/921 
s 2
f 6007/925 6005/923 6021/923 6025/925 
s 4
f 6006/924 6008/926 6026/926 6024/924 
f 6008/926 6010/928 6028/928 6026/926 
s 2
f 6011/929 6009/927 6027/927 6029/929 
s 4
f 6010/928 6012/930 6030/930 6028/928 
f 6012/930 6014/932 6032/932 6030/930 
s 2
f 6014/932 6013/931 6031/931 6032/932 
s 4
f 6016/934 6015/933 6034/933 6033/934 
s 8
f 6005/923 6016/934 6033/934 6021/923 
s 2
f 6015/933 6004/922 6022/922 6034/933 
f 6018/936 6017/935 6036/935 6035/936 
s 4
f 6009/927 6018/936 6035/936 6027/927 
f 6017/935 6007/925 6025/925 6036/935 
f 6020/938 6019/937 6038/937 6037/938 
s 2
f 6013/931 6020/938 6037/938 6031/931 
s 8
f 6019/937 6011/929 6029/929 6038/937 
# 34 polygons

#
# object Object002
#

v  1276.9680 398.5819 558.8631
v  1276.9680 341.7188 558.8630
v  1329.4160 341.7188 558.8630
v  1329.4160 398.5819 558.8631
v  1329.4160 341.7188 553.9930
v  1276.9680 341.7188 553.9930
v  1276.9680 398.5819 553.9931
v  1329.4160 398.5819 553.9931
# 8 vertices

vt 0.9721 0.3325 0.0000
vt 0.9721 0.2851 0.0000
vt 0.9910 0.2851 0.0000
vt 0.9910 0.3325 0.0000
# 4 texture coords

g Object002
usemtl st_tile
s 1
f 6039/939 6040/940 6041/941 6042/942 
f 6043/941 6044/940 6045/939 6046/942 
s 2
f 6040/940 6039/939 6045/939 6044/940 
s 4
f 6041/941 6040/940 6044/940 6043/941 
s 2
f 6042/942 6041/941 6043/941 6046/942 
s 4
f 6039/939 6042/942 6046/942 6045/939 
# 6 polygons

#
# object Plane027
#

v  884.8400 352.7935 543.7147
v  884.8400 83.7646 543.7148
v  1035.4088 83.7646 543.7148
v  1035.4088 352.7935 543.7147
# 4 vertices

vt 0.0000 1.0000 0.0000
vt 0.0000 0.0000 0.0000
vt 1.0000 0.0000 0.0000
vt 1.0000 1.0000 0.0000
# 4 texture coords

g Plane027
usemtl st_blue
s 1
f 6047/943 6048/944 6049/945 6050/946 
# 1 polygons

#
# object Plane003
#

v  474.9335 700.8739 558.8313
v  474.9335 539.6523 558.8313
v  605.1000 539.6523 558.8313
v  605.1000 700.8739 558.8313
# 4 vertices

vt 0.0000 1.0000 0.0000
vt 0.0000 0.0000 0.0000
vt 1.0000 0.0000 0.0000
vt 1.0000 1.0000 0.0000
# 4 texture coords

g Plane003
usemtl st_blue
s 1
f 6051/947 6052/948 6053/949 6054/950 
# 1 polygons

#
# object Plane004
#

v  690.9560 700.8739 558.8313
v  690.9560 539.6523 558.8313
v  836.7259 539.6523 558.8313
v  836.7259 700.8739 558.8313
# 4 vertices

vt 0.0000 1.0000 0.0000
vt 0.0000 0.0000 0.0000
vt 1.0000 0.0000 0.0000
vt 1.0000 1.0000 0.0000
# 4 texture coords

g Plane004
usemtl st_blue
s 1
f 6055/951 6056/952 6057/953 6058/954 
# 1 polygons

#
# object Plane005
#

v  930.0378 700.8739 558.8313
v  930.0378 539.6523 558.8313
v  1075.8077 539.6523 558.8313
v  1075.8077 700.8739 558.8313
# 4 vertices

vt 0.0000 1.0000 0.0000
vt 0.0000 0.0000 0.0000
vt 1.0000 0.0000 0.0000
vt 1.0000 1.0000 0.0000
# 4 texture coords

g Plane005
usemtl st_blue
s 1
f 6059/955 6060/956 6061/957 6062/958 
# 1 polygons

#
# object Plane006
#

v  1165.8383 700.8739 558.8313
v  1165.8383 539.6523 558.8313
v  1316.4071 539.6523 558.8313
v  1316.4071 700.8739 558.8313
# 4 vertices

vt 0.0000 1.0000 0.0000
vt 0.0000 0.0000 0.0000
vt 1.0000 0.0000 0.0000
vt 1.0000 1.0000 0.0000
# 4 texture coords

g Plane006
usemtl st_blue
s 1
f 6063/959 6064/960 6065/961 6066/962 
# 1 polygons

#
# object Plane007
#

v  1160.7354 1083.1233 558.8313
v  1160.7354 921.9019 558.8313
v  1311.3042 921.9019 558.8313
v  1311.3042 1083.1233 558.8313
# 4 vertices

vt 0.0000 1.0000 0.0000
vt 0.0000 0.0000 0.0000
vt 1.0000 0.0000 0.0000
vt 1.0000 1.0000 0.0000
# 4 texture coords

g Plane007
usemtl st_blue
s 1
f 6067/963 6068/964 6069/965 6070/966 
# 1 polygons

#
# object Plane008
#

v  924.6293 1083.1233 558.8313
v  924.6293 921.9019 558.8313
v  1075.1980 921.9019 558.8313
v  1075.1980 1083.1233 558.8313
# 4 vertices

vt 0.0000 1.0000 0.0000
vt 0.0000 0.0000 0.0000
vt 1.0000 0.0000 0.0000
vt 1.0000 1.0000 0.0000
# 4 texture coords

g Plane008
usemtl st_blue
s 1
f 6071/967 6072/968 6073/969 6074/970 
# 1 polygons

#
# object Plane009
#

v  685.2861 1083.1233 558.8313
v  685.2861 921.9019 558.8313
v  835.8550 921.9019 558.8313
v  835.8550 1083.1233 558.8313
# 4 vertices

vt 0.0000 1.0000 0.0000
vt 0.0000 0.0000 0.0000
vt 1.0000 0.0000 0.0000
vt 1.0000 1.0000 0.0000
# 4 texture coords

g Plane009
usemtl st_blue
s 1
f 6075/971 6076/972 6077/973 6078/974 
# 1 polygons

#
# object Plane010
#

v  462.4603 1083.1233 558.8313
v  462.4603 921.9019 558.8313
v  613.0289 921.9019 558.8313
v  613.0289 1083.1233 558.8313
# 4 vertices

vt 0.0000 1.0000 0.0000
vt 0.0000 0.0000 0.0000
vt 1.0000 0.0000 0.0000
vt 1.0000 1.0000 0.0000
# 4 texture coords

g Plane010
usemtl st_blue
s 1
f 6079/975 6080/976 6081/977 6082/978 
# 1 polygons

#
# object Plane011
#

v  73.6078 702.4263 558.8313
v  73.6078 541.2048 558.8313
v  224.1765 541.2048 558.8313
v  224.1765 702.4263 558.8313
# 4 vertices

vt 0.0000 1.0000 0.0000
vt 0.0000 0.0000 0.0000
vt 1.0000 0.0000 0.0000
vt 1.0000 1.0000 0.0000
# 4 texture coords

g Plane011
usemtl st_blue
s 1
f 6083/979 6084/980 6085/981 6086/982 
# 1 polygons

#
# object Plane012
#

v  -225.2768 702.4263 558.8313
v  -225.2768 541.2048 558.8313
v  -74.7080 541.2048 558.8313
v  -74.7080 702.4263 558.8313
# 4 vertices

vt 0.0000 1.0000 0.0000
vt 0.0000 0.0000 0.0000
vt 1.0000 0.0000 0.0000
vt 1.0000 1.0000 0.0000
# 4 texture coords

g Plane012
usemtl st_blue
s 1
f 6087/983 6088/984 6089/985 6090/986 
# 1 polygons

#
# object Plane013
#

v  -589.6857 702.4263 558.8313
v  -589.6857 541.2048 558.8313
v  -439.1170 541.2048 558.8313
v  -439.1170 702.4263 558.8313
# 4 vertices

vt 0.0000 1.0000 0.0000
vt 0.0000 0.0000 0.0000
vt 1.0000 0.0000 0.0000
vt 1.0000 1.0000 0.0000
# 4 texture coords

g Plane013
usemtl st_blue
s 1
f 6091/987 6092/988 6093/989 6094/990 
# 1 polygons

#
# object Plane014
#

v  -828.7318 702.4263 558.8313
v  -828.7318 541.2048 558.8313
v  -678.1630 541.2048 558.8313
v  -678.1630 702.4263 558.8313
# 4 vertices

vt 0.0000 1.0000 0.0000
vt 0.0000 0.0000 0.0000
vt 1.0000 0.0000 0.0000
vt 1.0000 1.0000 0.0000
# 4 texture coords

g Plane014
usemtl st_blue
s 1
f 6095/991 6096/992 6097/993 6098/994 
# 1 polygons

#
# object Plane015
#

v  -1066.5774 702.4263 558.8313
v  -1066.5774 541.2048 558.8313
v  -916.0087 541.2048 558.8313
v  -916.0087 702.4263 558.8313
# 4 vertices

vt 0.0000 1.0000 0.0000
vt 0.0000 0.0000 0.0000
vt 1.0000 0.0000 0.0000
vt 1.0000 1.0000 0.0000
# 4 texture coords

g Plane015
usemtl st_blue
s 1
f 6099/995 6100/996 6101/997 6102/998 
# 1 polygons

#
# object Plane016
#

v  -1293.6520 702.4263 558.8313
v  -1293.6520 541.2048 558.8313
v  -1143.0831 541.2048 558.8313
v  -1143.0831 702.4263 558.8313
# 4 vertices

vt 0.0000 1.0000 0.0000
vt 0.0000 0.0000 0.0000
vt 1.0000 0.0000 0.0000
vt 1.0000 1.0000 0.0000
# 4 texture coords

g Plane016
usemtl st_blue
s 1
f 6103/999 6104/1000 6105/1001 6106/1002 
# 1 polygons

#
# object Plane017
#

v  -1293.6520 1084.1675 558.8313
v  -1293.6520 922.9460 558.8313
v  -1143.0831 922.9460 558.8313
v  -1143.0831 1084.1675 558.8313
# 4 vertices

vt 0.0000 1.0000 0.0000
vt 0.0000 0.0000 0.0000
vt 1.0000 0.0000 0.0000
vt 1.0000 1.0000 0.0000
# 4 texture coords

g Plane017
usemtl st_blue
s 1
f 6107/1003 6108/1004 6109/1005 6110/1006 
# 1 polygons

#
# object Plane018
#

v  -1069.9481 1084.1675 558.8313
v  -1069.9481 922.9460 558.8313
v  -919.3795 922.9460 558.8313
v  -919.3795 1084.1675 558.8313
# 4 vertices

vt 0.0000 1.0000 0.0000
vt 0.0000 0.0000 0.0000
vt 1.0000 0.0000 0.0000
vt 1.0000 1.0000 0.0000
# 4 texture coords

g Plane018
usemtl st_blue
s 1
f 6111/1007 6112/1008 6113/1009 6114/1010 
# 1 polygons

#
# object Plane019
#

v  -833.8853 1084.1675 558.8313
v  -833.8853 922.9460 558.8313
v  -683.3165 922.9460 558.8313
v  -683.3165 1084.1675 558.8313
# 4 vertices

vt 0.0000 1.0000 0.0000
vt 0.0000 0.0000 0.0000
vt 1.0000 0.0000 0.0000
vt 1.0000 1.0000 0.0000
# 4 texture coords

g Plane019
usemtl st_blue
s 1
f 6115/1011 6116/1012 6117/1013 6118/1014 
# 1 polygons

#
# object Plane020
#

v  -593.0065 1084.1675 558.8313
v  -593.0065 922.9460 558.8313
v  -442.4377 922.9460 558.8313
v  -442.4377 1084.1675 558.8313
# 4 vertices

vt 0.0000 1.0000 0.0000
vt 0.0000 0.0000 0.0000
vt 1.0000 0.0000 0.0000
vt 1.0000 1.0000 0.0000
# 4 texture coords

g Plane020
usemtl st_blue
s 1
f 6119/1015 6120/1016 6121/1017 6122/1018 
# 1 polygons

#
# object Plane021
#

v  -597.5984 352.7935 543.7147
v  -597.5984 83.7646 543.7148
v  -447.0298 83.7646 543.7148
v  -447.0298 352.7935 543.7147
# 4 vertices

vt 0.0000 1.0000 0.0000
vt 0.0000 0.0000 0.0000
vt 1.0000 0.0000 0.0000
vt 1.0000 1.0000 0.0000
# 4 texture coords

g Plane021
usemtl st_blue
s 1
f 6123/1019 6124/1020 6125/1021 6126/1022 
# 1 polygons

#
# object Plane022
#

v  -817.1229 352.7935 543.7147
v  -817.1229 83.7646 543.7148
v  -666.5543 83.7646 543.7148
v  -666.5543 352.7935 543.7147
# 4 vertices

vt 0.0000 1.0000 0.0000
vt 0.0000 0.0000 0.0000
vt 1.0000 0.0000 0.0000
vt 1.0000 1.0000 0.0000
# 4 texture coords

g Plane022
usemtl st_blue
s 1
f 6127/1023 6128/1024 6129/1025 6130/1026 
# 1 polygons

#
# object Plane023
#

v  -1030.9131 352.7935 543.7147
v  -1030.9131 83.7646 543.7148
v  -880.3444 83.7646 543.7148
v  -880.3444 352.7935 543.7147
# 4 vertices

vt 0.0000 1.0000 0.0000
vt 0.0000 0.0000 0.0000
vt 1.0000 0.0000 0.0000
vt 1.0000 1.0000 0.0000
# 4 texture coords

g Plane023
usemtl st_blue
s 1
f 6131/1027 6132/1028 6133/1029 6134/1030 
# 1 polygons

#
# object Plane024
#

v  -1253.5065 352.7935 543.7147
v  -1253.5065 83.7646 543.7148
v  -1102.9376 83.7646 543.7148
v  -1102.9376 352.7935 543.7147
# 4 vertices

vt 0.0000 1.0000 0.0000
vt 0.0000 0.0000 0.0000
vt 1.0000 0.0000 0.0000
vt 1.0000 1.0000 0.0000
# 4 texture coords

g Plane024
usemtl st_blue
s 1
f 6135/1031 6136/1032 6137/1033 6138/1034 
# 1 polygons

#
# object Plane025
#

v  448.4565 352.7935 543.7147
v  448.4565 83.7646 543.7148
v  599.0253 83.7646 543.7148
v  599.0253 352.7935 543.7147
# 4 vertices

vt 0.0000 1.0000 0.0000
vt 0.0000 0.0000 0.0000
vt 1.0000 0.0000 0.0000
vt 1.0000 1.0000 0.0000
# 4 texture coords

g Plane025
usemtl st_blue
s 1
f 6139/1035 6140/1036 6141/1037 6142/1038 
# 1 polygons

#
# object Plane026
#

v  671.0499 352.7935 543.7147
v  671.0499 83.7646 543.7148
v  821.6188 83.7646 543.7148
v  821.6188 352.7935 543.7147
# 4 vertices

vt 0.0000 1.0000 0.0000
vt 0.0000 0.0000 0.0000
vt 1.0000 0.0000 0.0000
vt 1.0000 1.0000 0.0000
# 4 texture coords

g Plane026
usemtl st_blue
s 1
f 6143/1039 6144/1040 6145/1041 6146/1042 
# 1 polygons

#
# object Plane028
#

v  1104.3645 352.7935 543.7147
v  1104.3645 83.7646 543.7148
v  1254.9333 83.7646 543.7148
v  1254.9333 352.7935 543.7147
# 4 vertices

vt 0.0000 1.0000 0.0000
vt 0.0000 0.0000 0.0000
vt 1.0000 0.0000 0.0000
vt 1.0000 1.0000 0.0000
# 4 texture coords

g Plane028
usemtl st_blue
s 1
f 6147/1043 6148/1044 6149/1045 6150/1046 
# 1 polygons

#
# object Box001
#

v  -1345.3975 1199.5735 555.2072
v  -1345.3975 1199.5732 -622.7776
v  1345.3975 1199.5732 -622.7776
v  1345.3975 1199.5735 555.2072
v  1345.0081 1244.1235 555.8660
v  1345.3975 1383.2201 -33.7852
v  -1345.3975 1383.2201 -33.7852
v  -1345.0081 1244.1235 555.8660
v  1345.3975 1219.5735 555.2072
v  -1345.3975 1219.5735 555.2072
v  1345.3975 1219.5732 -622.7776
v  -1345.3975 1219.5732 -622.7776
v  1369.2943 1239.5735 579.1041
v  -1369.2943 1239.5735 579.1041
v  -1369.2943 1219.5735 579.1041
v  1369.2943 1219.5735 579.1041
v  1349.2557 1371.2548 -33.7852
v  1349.2557 1233.8485 571.9349
v  1349.2557 1226.7427 571.9349
v  1349.2557 1233.8483 -639.5053
v  1349.2557 1226.7424 -639.5053
v  -1369.2943 1239.5732 -646.6745
v  1369.2943 1239.5732 -646.6745
v  1369.2943 1219.5732 -646.6745
v  -1369.2943 1219.5732 -646.6745
v  -1349.2557 1371.2548 -33.7852
v  -1349.2557 1233.8483 -639.5053
v  -1349.2557 1226.7424 -639.5053
v  -1349.2557 1233.8485 571.9349
v  -1349.2557 1226.7427 571.9349
v  -1368.7822 1244.1302 579.6162
v  1368.7822 1244.1302 579.6162
v  -1369.2943 1383.2201 -33.7852
v  -1345.0081 1244.1233 -623.4365
v  1345.0081 1244.1233 -623.4365
v  1368.7822 1244.1300 -647.1867
v  -1368.7822 1244.1300 -647.1867
v  1369.2943 1383.2201 -33.7852
v  -1390.2509 1239.5159 600.5707
v  1390.2509 1239.5159 600.5707
v  1389.7190 1244.0682 601.1022
v  -1389.7190 1244.0682 601.1022
v  1399.2943 1378.6061 -33.7852
v  1399.2943 1383.2201 -33.7852
v  1390.2509 1239.5156 -668.1412
v  1389.7190 1244.0680 -668.6725
v  -1390.2509 1239.5156 -668.1412
v  -1389.7190 1244.0680 -668.6725
v  -1399.2943 1378.6061 -33.7852
v  -1399.2943 1383.2201 -33.7852
v  1369.2943 1378.6061 -33.7852
v  -1369.2943 1378.6061 -33.7852
v  1369.2943 1226.7427 571.9349
v  1369.2943 1233.8485 571.9349
v  1369.2943 1226.7424 -639.5053
v  1369.2943 1233.8483 -639.5053
v  1369.2943 1371.2548 -33.7852
v  -1369.2943 1233.8485 571.9349
v  -1369.2943 1226.7427 571.9349
v  -1369.2943 1371.2548 -33.7852
v  -1369.2943 1233.8483 -639.5053
v  -1369.2943 1226.7424 -639.5053
# 62 vertices

vt 3.9173 -0.9960 0.7332
vt 3.9173 1.9960 0.7332
vt -2.9173 1.9960 0.7332
vt -2.9173 -0.9960 0.7332
vt 3.9163 -0.9977 0.6201
vt 3.9173 0.5000 0.2668
vt -2.9173 0.5000 0.2668
vt -2.9163 -0.9977 0.6201
vt -2.9173 0.7332 -0.9960
vt -2.9173 0.6824 -0.9960
vt 3.9173 0.6824 -0.9960
vt 3.9173 0.7332 -0.9960
vt 0.7332 1.9960 3.9173
vt 0.6824 1.9960 3.9173
vt 0.6824 -0.9960 3.9173
vt 0.7332 -0.9960 3.9173
vt -2.9173 0.7332 1.9960
vt -2.9173 0.6824 1.9960
vt 3.9173 0.6824 1.9960
vt 3.9173 0.7332 1.9960
vt 0.2668 -0.9960 -2.9173
vt 0.3176 -0.9960 -2.9173
vt 0.3176 1.9960 -2.9173
vt 0.2668 1.9960 -2.9173
vt -2.9780 0.6316 -1.0567
vt 3.9780 0.6316 -1.0567
vt 3.9780 0.6824 -1.0567
vt -2.9780 0.6824 -1.0567
vt 0.2972 0.5000 3.9271
vt 0.6462 -1.0385 3.9271
vt 0.6642 -1.0385 3.9271
vt 0.6462 2.0385 3.9271
vt 0.6642 2.0385 3.9271
vt -2.9780 0.6316 2.0567
vt 3.9780 0.6316 2.0567
vt 3.9780 0.6824 2.0567
vt -2.9780 0.6824 2.0567
vt 0.7028 0.5000 -2.9271
vt 0.3538 2.0385 -2.9271
vt 0.3358 2.0385 -2.9271
vt 0.3538 -1.0385 -2.9271
vt 0.3358 -1.0385 -2.9271
vt -2.9767 -1.0580 0.6201
vt 3.9767 -1.0580 0.6201
vt -2.9780 0.5000 0.2668
vt -2.9163 1.9977 0.6201
vt 3.9163 1.9977 0.6201
vt 3.9767 2.0580 0.6201
vt -2.9767 2.0580 0.6201
vt 3.9780 0.5000 0.2668
vt 3.9173 -0.9960 0.6824
vt -2.9173 -0.9960 0.6824
vt -2.9780 -1.0567 0.6824
vt 3.9780 -1.0567 0.6824
vt -2.9173 1.9960 0.6824
vt -2.9780 2.0567 0.6824
vt 3.9173 1.9960 0.6824
vt 3.9780 2.0567 0.6824
vt 4.0312 0.6318 -1.1113
vt -3.0312 0.6318 -1.1113
vt -3.0299 0.6202 -1.1126
vt 4.0299 0.6202 -1.1126
vt 0.6318 -1.1113 4.0312
vt 0.2785 0.5000 4.0542
vt 0.2668 0.5000 4.0542
vt 0.6202 -1.1126 4.0299
vt 0.6318 2.1113 4.0312
vt 0.6202 2.1126 4.0299
vt 4.0312 0.6318 2.1113
vt -3.0312 0.6318 2.1113
vt -3.0299 0.6202 2.1126
vt 4.0299 0.6202 2.1126
vt 0.3682 2.1113 -3.0312
vt 0.7215 0.5000 -3.0542
vt 0.7332 0.5000 -3.0542
vt 0.3798 2.1126 -3.0299
vt 0.3682 -1.1113 -3.0312
vt 0.3798 -1.1126 -3.0299
vt 3.9780 -1.0567 0.6316
vt -2.9780 -1.0567 0.6316
vt -3.0312 -1.1113 0.6318
vt 4.0312 -1.1113 0.6318
vt -2.9780 0.5000 0.2785
vt -3.0542 0.5000 0.2785
vt -2.9780 2.0567 0.6316
vt -3.0312 2.1113 0.6318
vt 3.9780 2.0567 0.6316
vt 4.0312 2.1113 0.6318
vt 3.9780 0.5000 0.2785
vt 4.0542 0.5000 0.2785
vt -3.0299 -1.1126 0.6202
vt 4.0299 -1.1126 0.6202
vt -3.0542 0.5000 0.2668
vt -3.0299 2.1126 0.6202
vt 4.0299 2.1126 0.6202
vt 4.0542 0.5000 0.2668
vt 0.6316 -1.0567 3.9780
vt 0.6824 -1.0567 3.9780
vt 0.6642 -1.0385 3.9780
vt 0.6462 -1.0385 3.9780
vt 0.6824 2.0567 3.9780
vt 0.6642 2.0385 3.9780
vt 0.6316 2.0567 3.9780
vt 0.6462 2.0385 3.9780
vt 0.2785 0.5000 3.9780
vt 0.2972 0.5000 3.9780
vt 0.3176 -1.0567 -2.9780
vt 0.3684 -1.0567 -2.9780
vt 0.3538 -1.0385 -2.9780
vt 0.3358 -1.0385 -2.9780
vt 0.7215 0.5000 -2.9780
vt 0.7028 0.5000 -2.9780
vt 0.3684 2.0567 -2.9780
vt 0.3538 2.0385 -2.9780
vt 0.3176 2.0567 -2.9780
vt 0.3358 2.0385 -2.9780
vt 3.9780 0.6462 -1.0385
vt 3.9780 0.6642 -1.0385
vt 3.9271 0.6642 -1.0385
vt 3.9271 0.6462 -1.0385
vt 3.9780 -1.0385 0.6642
vt 3.9780 2.0385 0.6642
vt 3.9271 2.0385 0.6642
vt 3.9271 -1.0385 0.6642
vt -2.9780 0.6642 2.0385
vt -2.9780 0.6462 2.0385
vt -2.9271 0.6462 2.0385
vt -2.9271 0.6642 2.0385
vt -2.9780 2.0385 0.6462
vt -2.9780 0.5000 0.2972
vt -2.9271 0.5000 0.2972
vt -2.9271 2.0385 0.6462
vt -2.9780 -1.0385 0.6462
vt -2.9271 -1.0385 0.6462
vt -2.9780 0.6642 -1.0385
vt -2.9780 0.6462 -1.0385
vt -2.9271 0.6462 -1.0385
vt -2.9271 0.6642 -1.0385
vt 3.9780 -1.0385 0.6462
vt 3.9780 0.5000 0.2972
vt 3.9271 0.5000 0.2972
vt 3.9271 -1.0385 0.6462
vt 3.9780 2.0385 0.6462
vt 3.9271 2.0385 0.6462
vt 3.9780 0.6462 2.0385
vt 3.9780 0.6642 2.0385
vt 3.9271 0.6642 2.0385
vt 3.9271 0.6462 2.0385
vt -2.9780 2.0385 0.6642
vt -2.9780 -1.0385 0.6642
vt -2.9271 -1.0385 0.6642
vt -2.9271 2.0385 0.6642
# 152 texture coords

g Box001
usemtl standart_metal
s 2
f 6151/1047 6152/1048 6153/1049 6154/1050 
s 4
f 6155/1051 6156/1052 6157/1053 6158/1054 
s 8
f 6154/1055 6159/1056 6160/1057 6151/1058 
s 16
f 6153/1059 6161/1060 6159/1061 6154/1062 
s 32
f 6152/1063 6162/1064 6161/1065 6153/1066 
s 64
f 6151/1067 6160/1068 6162/1069 6152/1070 
s 8
f 6163/1071 6164/1072 6165/1073 6166/1074 
s 16
f 6167/1075 6168/1076 6169/1077 6170/1078 
f 6171/1079 6170/1078 6169/1077 
s 32
f 6172/1080 6173/1081 6174/1082 6175/1083 
s 64
f 6176/1084 6177/1085 6178/1086 6179/1087 
f 6180/1088 6179/1087 6178/1086 
s off
f 6155/1051 6158/1054 6181/1089 6182/1090 
f 6158/1054 6157/1053 6183/1091 6181/1089 
f 6184/1092 6185/1093 6186/1094 6187/1095 
f 6185/1093 6156/1052 6188/1096 6186/1094 
f 6160/1097 6159/1098 6166/1099 6165/1100 
f 6159/1098 6161/1101 6174/1102 6166/1099 
f 6161/1101 6162/1103 6175/1104 6174/1102 
f 6162/1103 6160/1097 6165/1100 6175/1104 
s 4
f 6185/1093 6184/1092 6157/1053 6156/1052 
s off
f 6184/1092 6187/1095 6183/1091 6157/1053 
f 6155/1051 6182/1090 6188/1096 6156/1052 
f 6189/1105 6190/1106 6191/1107 6192/1108 
f 6190/1109 6193/1110 6194/1111 6191/1112 
f 6193/1110 6195/1113 6196/1114 6194/1111 
f 6195/1115 6197/1116 6198/1117 6196/1118 
f 6197/1119 6199/1120 6200/1121 6198/1122 
f 6199/1120 6189/1123 6192/1124 6200/1121 
f 6164/1125 6163/1126 6190/1127 6189/1128 
f 6163/1126 6201/1129 6193/1130 6190/1127 
f 6201/1129 6173/1131 6195/1132 6193/1130 
f 6173/1131 6172/1133 6197/1134 6195/1132 
f 6172/1133 6202/1135 6199/1136 6197/1134 
f 6202/1135 6164/1125 6189/1128 6199/1136 
f 6182/1090 6181/1089 6192/1137 6191/1138 
f 6181/1089 6183/1091 6200/1139 6192/1137 
f 6183/1091 6187/1095 6198/1140 6200/1139 
f 6187/1095 6186/1094 6196/1141 6198/1140 
f 6186/1094 6188/1096 6194/1142 6196/1141 
f 6188/1096 6182/1090 6191/1138 6194/1142 
f 6163/1143 6166/1144 6203/1145 6204/1146 
f 6166/1144 6174/1147 6205/1148 6203/1145 
f 6174/1147 6173/1149 6206/1150 6205/1148 
f 6173/1149 6201/1151 6207/1152 6206/1150 
f 6201/1151 6163/1143 6204/1146 6207/1152 
f 6165/1153 6164/1154 6208/1155 6209/1156 
f 6164/1154 6202/1157 6210/1158 6208/1155 
f 6202/1157 6172/1159 6211/1160 6210/1158 
f 6172/1159 6175/1161 6212/1162 6211/1160 
f 6175/1161 6165/1153 6209/1156 6212/1162 
f 6204/1163 6203/1164 6169/1165 6168/1166 
f 6203/1167 6205/1168 6171/1169 6169/1170 
f 6205/1171 6206/1172 6170/1173 6171/1174 
f 6206/1175 6207/1176 6167/1177 6170/1178 
f 6207/1176 6204/1179 6168/1180 6167/1177 
f 6209/1181 6208/1182 6179/1183 6180/1184 
f 6208/1185 6210/1186 6176/1187 6179/1188 
f 6210/1186 6211/1189 6177/1190 6176/1187 
f 6211/1191 6212/1192 6178/1193 6177/1194 
f 6212/1195 6209/1196 6180/1197 6178/1198 
# 59 polygons - 2 triangles

#
# object Object03
#

v  -1345.3975 1199.5734 -622.7779
v  -1345.3975 1199.5735 555.2070
v  -1345.3977 1086.7045 555.2069
v  -1345.3977 1086.7042 -622.7778
v  -1345.3954 913.6119 555.2070
v  -1345.3954 913.6117 -622.7780
v  -1345.3995 -0.4265 555.2070
v  -1345.3995 -0.4267 -622.7779
v  -1345.3994 26.6337 -622.7779
v  -1345.3994 26.6339 555.2069
v  -1345.3995 73.8635 -622.7780
v  -1345.3995 73.8636 555.2069
v  -1345.3994 89.8692 -622.7780
v  -1345.3994 89.8694 555.2070
v  -1345.3995 347.6726 -622.7778
v  -1345.3995 347.6727 555.2070
v  -1345.3995 418.8136 -622.7779
v  -1345.3995 418.8138 555.2070
v  -1345.3995 426.1162 -622.7779
v  -1345.3995 426.1164 555.2070
v  -1345.3995 437.0767 -622.7779
v  -1345.3995 437.0769 555.2070
v  -1345.3994 462.8115 -622.7779
v  -1345.3994 462.8117 555.2070
v  -1345.3970 525.8599 -622.7779
v  -1345.3970 525.8601 555.2070
v  -1345.3984 719.2523 -622.7779
v  -1345.3984 719.2526 555.2070
# 28 vertices

vt -1.0240 1.9960 0.5000
vt -1.0240 -0.9960 0.5000
vt -0.7373 -0.9960 0.5000
vt -0.7373 1.9960 0.5000
vt -0.2977 -0.9960 0.5000
vt -0.2977 1.9960 0.5000
vt 2.0240 -0.9960 0.5000
vt 2.0240 1.9960 0.5000
vt 1.9553 1.9960 0.5000
vt 1.9553 -0.9960 0.5000
vt 1.8353 1.9960 0.5000
vt 1.8353 -0.9960 0.5000
vt 1.7946 1.9960 0.5000
vt 1.7946 -0.9960 0.5000
vt 1.1398 1.9960 0.5000
vt 1.1398 -0.9960 0.5000
vt 0.9591 1.9960 0.5000
vt 0.9591 -0.9960 0.5000
vt 0.9406 1.9960 0.5000
vt 0.9406 -0.9960 0.5000
vt 0.9127 1.9960 0.5000
vt 0.9127 -0.9960 0.5000
vt 0.8474 1.9960 0.5000
vt 0.8474 -0.9960 0.5000
vt 0.6872 1.9960 0.5000
vt 0.6872 -0.9960 0.5000
vt 0.1960 1.9960 0.5000
vt 0.1960 -0.9960 0.5000
# 28 texture coords

g Object03
usemtl white_st
s 2
f 6213/1199 6214/1200 6215/1201 6216/1202 
f 6216/1202 6215/1201 6217/1203 6218/1204 
f 6219/1205 6220/1206 6221/1207 6222/1208 
f 6222/1208 6221/1207 6223/1209 6224/1210 
f 6224/1210 6223/1209 6225/1211 6226/1212 
f 6226/1212 6225/1211 6227/1213 6228/1214 
f 6228/1214 6227/1213 6229/1215 6230/1216 
f 6230/1216 6229/1215 6231/1217 6232/1218 
f 6232/1218 6231/1217 6233/1219 6234/1220 
f 6234/1220 6233/1219 6235/1221 6236/1222 
f 6236/1222 6235/1221 6237/1223 6238/1224 
f 6238/1224 6237/1223 6239/1225 6240/1226 
f 6240/1226 6239/1225 6218/1204 6217/1203 
# 13 polygons

#
# object Object04
#

v  1345.3975 1199.5732 -622.7779
v  1345.3975 1199.5735 555.2070
v  1345.3970 1086.7043 555.2070
v  1345.3970 1086.7041 -622.7778
v  1345.3962 913.6119 555.2070
v  1345.3962 913.6117 -622.7780
v  1345.3921 -0.4265 555.2070
v  1345.3921 -0.4267 -622.7779
v  1345.3922 26.6337 -622.7779
v  1345.3922 26.6339 555.2070
v  1345.3922 73.8635 -622.7780
v  1345.3922 73.8636 555.2069
v  1345.3922 89.8692 -622.7780
v  1345.3922 89.8694 555.2069
v  1345.3922 347.6726 -622.7778
v  1345.3922 347.6727 555.2070
v  1345.3921 418.8136 -622.7779
v  1345.3921 418.8138 555.2070
v  1345.3921 426.1162 -622.7779
v  1345.3921 426.1164 555.2070
v  1345.3921 437.0767 -622.7779
v  1345.3921 437.0769 555.2070
v  1345.3931 462.8115 -622.7779
v  1345.3931 462.8117 555.2070
v  1345.3944 525.8599 -622.7779
v  1345.3944 525.8601 555.2070
v  1345.3953 719.2523 -622.7779
v  1345.3953 719.2526 555.2070
# 28 vertices

vt 0.9903 1.0088 1.0000
vt 0.0097 1.0088 1.0000
vt 0.0097 0.9131 0.9219
vt 0.9903 0.9131 0.9219
vt 0.0097 0.7663 0.7813
vt 0.9903 0.7663 0.7813
vt 0.0097 -0.0088 0.0469
vt 0.9903 -0.0088 0.0469
vt 0.9903 0.0141 0.0625
vt 0.0097 0.0141 0.0625
vt 0.9903 0.0542 0.0625
vt 0.0097 0.0542 0.0625
vt 0.9903 0.0677 0.0469
vt 0.0097 0.0677 0.0469
vt 0.9903 0.2864 0.0469
vt 0.0097 0.2864 0.0469
vt 0.9903 0.3467 0.0313
vt 0.0097 0.3467 0.0313
vt 0.9903 0.3529 0.0313
vt 0.0097 0.3529 0.0313
vt 0.9903 0.3622 0.0156
vt 0.0097 0.3622 0.0156
vt 0.9903 0.3840 0.1875
vt 0.0097 0.3840 0.1875
vt 0.9903 0.4375 0.4531
vt 0.0097 0.4375 0.4531
vt 0.9903 0.6015 0.6094
vt 0.0097 0.6015 0.6094
# 28 texture coords

g Object04
usemtl green
s 2
f 6241/1227 6242/1228 6243/1229 6244/1230 
f 6244/1230 6243/1229 6245/1231 6246/1232 
f 6247/1233 6248/1234 6249/1235 6250/1236 
f 6250/1236 6249/1235 6251/1237 6252/1238 
f 6252/1238 6251/1237 6253/1239 6254/1240 
f 6254/1240 6253/1239 6255/1241 6256/1242 
f 6256/1242 6255/1241 6257/1243 6258/1244 
f 6258/1244 6257/1243 6259/1245 6260/1246 
f 6260/1246 6259/1245 6261/1247 6262/1248 
f 6262/1248 6261/1247 6263/1249 6264/1250 
f 6264/1250 6263/1249 6265/1251 6266/1252 
f 6266/1252 6265/1251 6267/1253 6268/1254 
f 6268/1254 6267/1253 6246/1232 6245/1231 
# 13 polygons

